created_at,user_id,session_id,device_id,attempt_index,char_id,response_time,press_duration,retry_count,prev_accuracy,prev_mastery,hint_count,session_number,difficulty_level,time_since_last_practice,prev_confidence,current_streak,wrong_streak,prev_mistakes,teaching_action,confidence_state,expected_pattern,entered_pattern,is_correct,press_order,source,is_synthetic,spec_version,braille_map_verified
2026-07-30T20:52:12.831+00:00,P01,4e301f95-daf2-49aa-814b-f8f9a4c245e5,dev_blnag8i7,0,6,17550.299999997,149.375000003725,0,0,0,0,1,1,604800,1,1,0,0,2,2,23,23,True,"[2,3,5,1]",web,False,1,True
2026-07-30T20:52:34.369+00:00,P01,4e301f95-daf2-49aa-814b-f8f9a4c245e5,dev_blnag8i7,1,9,11041.400000006,158.533333331347,0,0,0,1,1,1,604800,1,1,0,0,2,2,21,21,True,"[1,3,5]",web,False,1,True
2026-07-30T20:52:54.797+00:00,P01,4e301f95-daf2-49aa-814b-f8f9a4c245e5,dev_blnag8i7,2,33,14648.700000003,145.10000000149,0,0,0,1,1,1,604800,1,1,0,0,2,2,3,3,True,"[1,2]",web,False,1,False
2026-07-30T20:53:20.091+00:00,P01,4e301f95-daf2-49aa-814b-f8f9a4c245e5,dev_blnag8i7,3,2,20008,154.549999989569,0,0,0,2,1,1,604800,1,0,1,0,0,2,10,9,False,"[1,4]",web,False,1,True
2026-07-30T20:53:31.161+00:00,P01,4e301f95-daf2-49aa-814b-f8f9a4c245e5,dev_blnag8i7,4,2,5650.60000000894,135.89999999851,1,0,0,2,1,1,11.069,2,1,0,1,2,1,10,10,True,"[2,4]",web,False,1,True
2026-07-30T21:02:11.618+00:00,P01,c7139325-6db5-43cf-8ff0-fc7235a4097d,dev_blnag8i7,0,31,8505.29999999702,118.36666666468,0,0,0,0,2,1,604800,1,0,1,0,0,2,15,26,False,"[2,5,4]",web,False,1,False
2026-07-30T21:02:23.073+00:00,P01,c7139325-6db5-43cf-8ff0-fc7235a4097d,dev_blnag8i7,1,31,7163.59999999404,207.63333333532,1,0,0,0,2,1,11.457,2,0,2,1,0,2,15,26,False,"[4,2,5]",web,False,1,False
2026-07-30T21:02:29.284+00:00,P01,c7139325-6db5-43cf-8ff0-fc7235a4097d,dev_blnag8i7,2,31,2364.40000000596,138.25,2,0,0,0,2,1,6.21,2,0,3,2,2,2,15,10,False,"[4,2]",web,False,1,False
2026-07-30T21:02:44.95+00:00,P01,c7139325-6db5-43cf-8ff0-fc7235a4097d,dev_blnag8i7,3,9,8372.29999999702,166.466666663686,0,1,0.25,1,2,1,610.582,2,2,0,0,2,2,21,21,True,"[1,3,5]",web,False,1,True
2026-07-30T21:03:06.25+00:00,P01,c7139325-6db5-43cf-8ff0-fc7235a4097d,dev_blnag8i7,4,22,15841.299999997,126.82500000298,0,0,0,2,2,1,604800,1,1,0,0,2,2,58,58,True,"[2,4,5,6]",web,False,1,False
2026-07-31T04:22:12.349+00:00,P03,d1eb69b7-bef1-49de-8105-baf7109d3a01,dev_ofsotz1n,0,17,27201.6000000238,109.399999976158,0,0,0,0,1,1,604800,1,0,1,0,0,2,33,42,False,"[2,4,6]",web,False,1,False
2026-07-31T04:22:51.586+00:00,P03,d1eb69b7-bef1-49de-8105-baf7109d3a01,dev_ofsotz1n,1,17,34553.6000000238,125.449999988079,1,0,0,0,1,1,39.238,2,1,0,1,2,2,33,33,True,"[1,6]",web,False,1,False
2026-07-31T04:22:58.194+00:00,P03,d1eb69b7-bef1-49de-8105-baf7109d3a01,dev_ofsotz1n,2,22,2556.20000004768,86.4249999821186,0,0,0,0,1,1,604800,1,1,0,0,2,1,58,58,True,"[2,5,4,6]",web,False,1,False
2026-07-31T04:23:01.994+00:00,P03,d1eb69b7-bef1-49de-8105-baf7109d3a01,dev_ofsotz1n,3,38,512,71.7999999821186,0,0,0,0,1,1,604800,1,0,1,0,0,1,7,30,False,"[3,5,2,4]",web,False,1,False
2026-07-31T04:23:10.377+00:00,P03,d1eb69b7-bef1-49de-8105-baf7109d3a01,dev_ofsotz1n,4,38,5085.69999992847,70.2666666507721,1,0,0,0,1,1,8.384,1,1,0,1,2,1,7,7,True,"[1,2,3]",web,False,1,False
2026-07-31T04:23:15.22+00:00,P03,d1eb69b7-bef1-49de-8105-baf7109d3a01,dev_ofsotz1n,5,18,1558,115.399999976158,0,0,0,0,1,1,604800,1,1,0,0,2,0,26,26,True,"[2,5,4]",web,False,1,False
2026-07-31T04:23:29.603+00:00,P03,d1eb69b7-bef1-49de-8105-baf7109d3a01,dev_ofsotz1n,6,42,11266.6000000238,94.8333333333333,0,0,0,0,1,1,604800,1,1,0,0,2,2,19,19,True,"[1,2,5]",web,False,1,False
2026-07-31T04:23:42.24+00:00,P03,d1eb69b7-bef1-49de-8105-baf7109d3a01,dev_ofsotz1n,7,8,8102.20000004768,138.099999964237,0,0,0,0,1,1,604800,1,1,0,0,2,2,12,12,True,"[3,4]",web,False,1,True
2026-07-31T04:23:48.273+00:00,P03,d1eb69b7-bef1-49de-8105-baf7109d3a01,dev_ofsotz1n,8,15,2851.19999992847,88.7333333094915,0,0,0,0,1,1,604800,1,1,0,0,2,1,44,44,True,"[3,6,4]",web,False,1,False
2026-07-31T04:23:53.472+00:00,P03,d1eb69b7-bef1-49de-8105-baf7109d3a01,dev_ofsotz1n,9,13,1865.40000009537,132.025000035763,0,0,0,0,1,1,604800,1,1,0,0,2,0,27,27,True,"[1,4,2,5]",web,False,1,False
2026-07-31T04:24:01.405+00:00,P03,d1eb69b7-bef1-49de-8105-baf7109d3a01,dev_ofsotz1n,10,7,4978.30000007153,63.8999999761581,0,0,0,0,1,1,604800,1,1,0,0,2,1,17,17,True,"[1,5]",web,False,1,True
2026-07-31T04:24:07.001+00:00,P03,d1eb69b7-bef1-49de-8105-baf7109d3a01,dev_ofsotz1n,11,33,2073.5,131.92000002861,0,0,0,0,1,1,604800,1,0,1,0,0,1,3,61,False,"[1,4,5,6,3]",web,False,1,False
2026-07-31T04:24:15.965+00:00,P03,d1eb69b7-bef1-49de-8105-baf7109d3a01,dev_ofsotz1n,12,33,6625.80000007153,91.8999999761581,1,0,0,0,1,1,8.964,1,1,0,1,2,2,3,3,True,"[1,2]",web,False,1,False
2026-07-31T04:24:21.512+00:00,P03,d1eb69b7-bef1-49de-8105-baf7109d3a01,dev_ofsotz1n,13,39,982.200000047684,73.3666666348775,0,0,0,0,1,1,604800,1,1,0,0,2,0,41,41,True,"[1,4,6]",web,False,1,False
2026-07-31T04:24:26.64+00:00,P03,d1eb69b7-bef1-49de-8105-baf7109d3a01,dev_ofsotz1n,14,31,1164.5,81.1500000059605,0,0,0,0,1,1,604800,1,1,0,0,2,0,15,15,True,"[3,2,1,4]",web,False,1,False
2026-07-31T04:24:33.348+00:00,P03,d1eb69b7-bef1-49de-8105-baf7109d3a01,dev_ofsotz1n,15,49,2643.20000004768,78,0,0,0,0,1,1,604800,1,0,1,0,0,1,8,4,False,[3],web,False,1,False
2026-07-31T04:24:40.947+00:00,P03,d1eb69b7-bef1-49de-8105-baf7109d3a01,dev_ofsotz1n,16,49,4577,88.8999999761581,1,0,0,0,1,1,7.599,1,0,2,1,0,1,8,4,False,[3],web,False,1,False
2026-07-31T04:24:47.684+00:00,P03,d1eb69b7-bef1-49de-8105-baf7109d3a01,dev_ofsotz1n,17,49,1184.60000002384,84.5,2,0,0,0,1,1,6.737,1,0,3,2,2,2,8,2,False,[2],web,False,1,False
2026-07-31T04:24:51.036+00:00,P03,d1eb69b7-bef1-49de-8105-baf7109d3a01,dev_ofsotz1n,18,42,0,77.6999999284744,0,1,0.25,0,1,1,81.433,2,0,1,0,0,1,19,2,False,[2],web,False,1,False
2026-07-31T04:24:56.565+00:00,P03,d1eb69b7-bef1-49de-8105-baf7109d3a01,dev_ofsotz1n,19,42,1236.79999995232,92.8666666348775,1,0.5,0.1625,0,1,1,5.529,1,0,2,1,0,1,19,52,False,"[3,6,5]",web,False,1,False
2026-07-31T04:26:28.356+00:00,P03,da4ffe85-bff5-41b8-a392-134e217456a7,dev_ofsotz1n,0,49,4657.80000007153,83,0,0,0,0,2,1,100.671,2,0,4,3,2,1,8,2,False,[2],web,False,1,False
2026-07-31T04:26:36.497+00:00,P03,da4ffe85-bff5-41b8-a392-134e217456a7,dev_ofsotz1n,1,39,3249.39999997616,126.333333293597,0,1,0.25,0,2,1,134.985,1,2,0,0,2,1,41,41,True,"[1,4,6]",web,False,1,False
2026-07-31T04:26:45.562+00:00,P03,da4ffe85-bff5-41b8-a392-134e217456a7,dev_ofsotz1n,2,42,6089.60000002384,71.2999999920527,0,0.333333333333333,0.105625,0,2,1,108.997,1,1,0,2,2,2,19,19,True,"[1,2,5]",web,False,1,False
2026-07-31T04:26:52.181+00:00,P03,da4ffe85-bff5-41b8-a392-134e217456a7,dev_ofsotz1n,3,27,3371.70000004768,78.8250000476837,0,0,0,0,2,1,604800,1,1,0,0,2,1,57,57,True,"[1,4,5,6]",web,False,1,False
2026-07-31T04:27:03.414+00:00,P03,da4ffe85-bff5-41b8-a392-134e217456a7,dev_ofsotz1n,4,0,8722.29999995232,76.1000000238419,0,0,0,0,2,1,604800,1,1,0,0,2,2,1,1,True,[1],web,False,1,True
2026-07-31T04:27:08.361+00:00,P03,da4ffe85-bff5-41b8-a392-134e217456a7,dev_ofsotz1n,5,48,1911.59999990463,94.4000000953674,0,0,0,0,2,1,604800,1,0,1,0,0,1,6,32,False,[6],web,False,1,False
2026-07-31T04:27:12.648+00:00,P03,da4ffe85-bff5-41b8-a392-134e217456a7,dev_ofsotz1n,6,48,1984.19999992847,104.550000011921,1,0,0,0,2,1,4.287,1,0,2,1,0,1,6,18,False,"[2,5]",web,False,1,False
2026-07-31T04:27:16.334+00:00,P03,da4ffe85-bff5-41b8-a392-134e217456a7,dev_ofsotz1n,7,48,1380.5,79.0500000119209,2,0,0,0,2,1,3.686,1,1,0,2,1,2,6,6,True,"[2,3]",web,False,1,False
2026-07-31T04:27:21.488+00:00,P03,da4ffe85-bff5-41b8-a392-134e217456a7,dev_ofsotz1n,8,48,1872.5,105.899999976158,0,0.333333333333333,0.25,0,2,1,5.153,2,2,0,2,2,0,6,6,True,"[2,3]",web,False,1,False
2026-07-31T04:27:31.683+00:00,P03,da4ffe85-bff5-41b8-a392-134e217456a7,dev_ofsotz1n,9,25,6163.80000007153,156.175000011921,0,0,0,0,2,1,604800,1,1,0,0,2,2,60,60,True,"[4,5,6,3]",web,False,1,False
2026-07-31T04:27:36.189+00:00,P03,da4ffe85-bff5-41b8-a392-134e217456a7,dev_ofsotz1n,10,47,1208,67.4499999284744,0,0,0,0,2,1,604800,1,1,0,0,2,0,48,48,True,"[5,6]",web,False,1,False
2026-07-31T04:27:40.5+00:00,P03,da4ffe85-bff5-41b8-a392-134e217456a7,dev_ofsotz1n,11,49,1336.39999997616,58.9000000953674,0,0,0,0,2,1,72.144,1,0,5,4,2,1,8,2,False,[2],web,False,1,False
2026-07-31T04:27:46.289+00:00,P03,da4ffe85-bff5-41b8-a392-134e217456a7,dev_ofsotz1n,12,8,2386.10000002384,57.4999999602636,0,1,0.25,0,2,1,244.049,2,0,1,0,0,1,12,42,False,"[4,2,6]",web,False,1,True
2026-07-31T04:27:54.439+00:00,P03,da4ffe85-bff5-41b8-a392-134e217456a7,dev_ofsotz1n,13,8,4800.29999995232,113.633333365122,1,0.5,0.1625,0,2,1,8.15,1,0,2,1,0,1,12,42,False,"[2,4,6]",web,False,1,True
2026-07-31T04:27:59.273+00:00,P03,da4ffe85-bff5-41b8-a392-134e217456a7,dev_ofsotz1n,14,8,2427.70000004768,117.399999976158,2,0.333333333333333,0.105625,0,2,1,4.834,1,1,0,2,1,2,12,12,True,"[3,4]",web,False,1,True
2026-07-31T04:28:02.134+00:00,P03,da4ffe85-bff5-41b8-a392-134e217456a7,dev_ofsotz1n,15,8,318.100000023842,91.5500000119209,0,0.5,0.32921875,0,2,1,2.861,2,2,0,2,2,0,12,12,True,"[3,4]",web,False,1,True
2026-07-31T04:28:06.31+00:00,P03,da4ffe85-bff5-41b8-a392-134e217456a7,dev_ofsotz1n,16,37,1000.80000007153,60.4749999940395,0,0,0,0,2,1,604800,1,1,0,0,2,0,23,23,True,"[1,2,3,5]",web,False,1,False
2026-07-31T04:28:10.059+00:00,P03,da4ffe85-bff5-41b8-a392-134e217456a7,dev_ofsotz1n,17,1,899.299999952316,53.7333333094915,0,0,0,0,2,1,604800,1,1,0,0,2,0,28,28,True,"[4,5,3]",web,False,1,True
2026-07-31T04:28:19.162+00:00,P03,da4ffe85-bff5-41b8-a392-134e217456a7,dev_ofsotz1n,18,41,5645.70000004768,65.7999999920527,0,0,0,0,2,1,604800,1,1,0,0,2,1,14,14,True,"[4,2,3]",web,False,1,False
2026-07-31T04:28:25.447+00:00,P03,da4ffe85-bff5-41b8-a392-134e217456a7,dev_ofsotz1n,19,40,1275.19999992847,110.059999966621,0,0,0,0,2,1,604800,1,1,0,0,2,0,47,47,True,"[1,2,3,6,4]",web,False,1,False
2026-07-31T04:35:09.961+00:00,P03,93bacdbb-3c51-42e2-994d-fb83a81cf36d,dev_ofsotz1n,0,9,3683.5,165.166666666667,0,0,0,0,3,1,604800,1,1,0,0,2,1,21,21,True,"[1,5,3]",web,False,1,True
2026-07-31T04:35:13.361+00:00,P03,93bacdbb-3c51-42e2-994d-fb83a81cf36d,dev_ofsotz1n,1,3,241,126.549999952316,0,0,0,0,3,1,604800,1,1,0,0,2,0,20,20,True,"[3,5]",web,False,1,True
2026-07-31T04:35:16.768+00:00,P03,93bacdbb-3c51-42e2-994d-fb83a81cf36d,dev_ofsotz1n,2,2,156.300000071526,138.150000035763,0,0,0,0,3,1,604800,1,1,0,0,2,0,10,10,True,"[2,4]",web,False,1,True
2026-07-31T04:35:19.468+00:00,P03,93bacdbb-3c51-42e2-994d-fb83a81cf36d,dev_ofsotz1n,3,0,632.299999952316,103.5,0,1,0.25,0,3,1,496.054,2,2,0,0,2,0,1,1,True,[1],web,False,1,True
2026-07-31T04:35:23.163+00:00,P03,93bacdbb-3c51-42e2-994d-fb83a81cf36d,dev_ofsotz1n,4,5,230.299999952316,71.5999999841054,0,0,0,0,3,1,604800,1,0,1,0,0,1,51,37,False,"[1,3,6]",web,False,1,True
2026-07-31T04:35:26.253+00:00,P03,93bacdbb-3c51-42e2-994d-fb83a81cf36d,dev_ofsotz1n,5,5,528.5,154.866666674614,1,0,0,0,3,1,3.089,1,0,2,1,0,1,51,22,False,"[3,2,5]",web,False,1,True
2026-07-31T04:35:29.606+00:00,P03,93bacdbb-3c51-42e2-994d-fb83a81cf36d,dev_ofsotz1n,6,5,741,73.6666666666667,2,0,0,0,3,1,3.354,1,0,3,2,2,2,51,37,False,"[1,3,6]",web,False,1,True
2026-07-31T04:35:34.643+00:00,P03,93bacdbb-3c51-42e2-994d-fb83a81cf36d,dev_ofsotz1n,7,8,1849.60000002384,73.1499999165535,0,0.6,0.4969140625,0,3,1,452.509,1,3,0,2,2,0,12,12,True,"[4,3]",web,False,1,True
2026-07-31T04:35:38.061+00:00,P03,93bacdbb-3c51-42e2-994d-fb83a81cf36d,dev_ofsotz1n,8,6,855.5,32.3999999761581,0,0,0,0,3,1,604800,1,0,1,0,0,1,23,16,False,[5],web,False,1,True
2026-07-31T04:35:42.853+00:00,P03,93bacdbb-3c51-42e2-994d-fb83a81cf36d,dev_ofsotz1n,9,6,1201.20000004768,166.824999988079,1,0,0,0,3,1,4.792,1,1,0,1,2,1,23,23,True,"[1,2,3,5]",web,False,1,True
2026-07-31T04:35:48.857+00:00,P03,93bacdbb-3c51-42e2-994d-fb83a81cf36d,dev_ofsotz1n,10,5,1208.20000004768,86.6750000119209,0,0,0,0,3,1,19.251,2,1,0,3,2,0,51,51,True,"[1,2,5,6]",web,False,1,True
2026-07-31T04:35:52.111+00:00,P03,93bacdbb-3c51-42e2-994d-fb83a81cf36d,dev_ofsotz1n,11,10,418.899999976158,80.0999999841054,0,0,0,0,3,1,604800,1,1,0,0,2,0,42,42,True,"[4,2,6]",web,False,1,True
2026-07-31T04:35:55.63+00:00,P03,93bacdbb-3c51-42e2-994d-fb83a81cf36d,dev_ofsotz1n,12,3,683.600000023842,77.6999999880791,0,1,0.25,0,3,1,42.268,0,2,0,0,2,0,20,20,True,"[5,3]",web,False,1,True
2026-07-31T04:35:59.275+00:00,P03,93bacdbb-3c51-42e2-994d-fb83a81cf36d,dev_ofsotz1n,13,4,106.199999928474,64.8666667143504,0,0,0,0,3,1,604800,1,1,0,0,2,0,37,37,True,"[1,3,6]",web,False,1,True
2026-07-31T04:36:04.062+00:00,P03,93bacdbb-3c51-42e2-994d-fb83a81cf36d,dev_ofsotz1n,14,7,2454,78.25,0,1,0.25,0,3,1,722.657,1,2,0,0,2,0,17,17,True,"[1,5]",web,False,1,True
2026-07-31T04:36:07.286+00:00,P03,93bacdbb-3c51-42e2-994d-fb83a81cf36d,dev_ofsotz1n,15,2,365.400000095367,98.9499999880791,0,1,0.25,0,3,1,50.518,0,2,0,0,2,0,10,10,True,"[4,2]",web,False,1,True
2026-07-31T04:36:10.999+00:00,P03,93bacdbb-3c51-42e2-994d-fb83a81cf36d,dev_ofsotz1n,16,10,1060.59999990463,94.7000000079473,0,1,0.25,0,3,1,18.888,0,2,0,0,2,0,42,42,True,"[4,2,6]",web,False,1,True
2026-07-31T04:36:15.228+00:00,P03,93bacdbb-3c51-42e2-994d-fb83a81cf36d,dev_ofsotz1n,17,4,972.399999976158,93.7000000079473,0,1,0.25,0,3,1,15.953,0,2,0,0,2,0,37,37,True,"[1,3,6]",web,False,1,True
2026-07-31T04:36:19.162+00:00,P03,93bacdbb-3c51-42e2-994d-fb83a81cf36d,dev_ofsotz1n,18,9,1355.30000007153,76.9333332777023,0,1,0.25,0,3,1,69.2,1,2,0,0,2,0,21,21,True,"[1,5,3]",web,False,1,True
2026-07-31T04:36:23.914+00:00,P03,93bacdbb-3c51-42e2-994d-fb83a81cf36d,dev_ofsotz1n,19,4,1424,64.5666666428248,0,1,0.4375,0,3,1,8.686,0,3,0,0,2,0,37,37,True,"[1,3,6]",web,False,1,True
2026-07-31T10:35:54.074+00:00,P01,6a3f63fb-ff0a-4f9f-afa4-92acba9611bd,dev_7cfsmtct,0,48,14514.900000006,137.20000000298,0,0,0,1,3,1,604800,1,1,0,0,2,2,6,6,True,"[2,3]",web,False,1,False
2026-07-31T10:36:19.601+00:00,P01,6a3f63fb-ff0a-4f9f-afa4-92acba9611bd,dev_7cfsmtct,1,5,19518.400000006,112.000000009934,0,0,0,0,3,1,604800,1,0,1,0,0,2,51,22,False,"[2,5,3]",web,False,1,True
2026-07-31T10:36:24.721+00:00,P01,6a3f63fb-ff0a-4f9f-afa4-92acba9611bd,dev_7cfsmtct,2,5,1263.80000001192,101.26666667064,1,0,0,0,3,1,5.12,2,0,2,1,0,1,51,38,False,"[2,3,6]",web,False,1,True
2026-07-31T10:36:28.046+00:00,P01,6a3f63fb-ff0a-4f9f-afa4-92acba9611bd,dev_7cfsmtct,3,5,369.5,106.40000000596,2,0,0,0,3,1,3.325,1,0,3,2,2,2,51,34,False,"[2,6]",web,False,1,True
2026-07-31T10:36:36.357+00:00,P01,6a3f63fb-ff0a-4f9f-afa4-92acba9611bd,dev_7cfsmtct,4,9,0,124.250000014901,0,1,0.4375,0,3,1,48831.406,2,0,1,0,0,1,21,34,False,"[2,6]",web,False,1,True
2026-07-31T10:36:45.045+00:00,P01,6a3f63fb-ff0a-4f9f-afa4-92acba9611bd,dev_7cfsmtct,5,9,4243.29999998212,95.4666666686535,1,0.666666666666667,0.284375,1,3,1,8.689,1,1,0,1,2,1,21,21,True,"[1,3,5]",web,False,1,True
2026-07-31T17:04:27.971+00:00,P04,d6e29d91-8c24-43ff-bea2-ce5150a11769,dev_7cfsmtct,0,38,129673.900000006,151.70000000298,0,0,0,3,1,1,604800,1,0,1,0,0,2,7,3,False,"[1,2]",web,False,1,False
2026-09-17T07:16:12.774+00:00,P01,353e2952-bfbc-4abf-94ee-3576ebda0cb1,dev_hg2kictb,0,39,8087.20000000298,231.699999998013,0,0,0,0,4,1,604800,1,0,1,0,0,2,41,25,False,"[1,4,5]",web,False,2,False
2026-09-17T07:16:19.487+00:00,P01,353e2952-bfbc-4abf-94ee-3576ebda0cb1,dev_hg2kictb,1,39,4905.5,216.34999999404,1,0,0,0,4,1,6.714,2,0,2,1,1,1,41,9,False,"[1,4]",web,False,2,False
2026-09-17T07:16:35.593+00:00,P01,353e2952-bfbc-4abf-94ee-3576ebda0cb1,dev_hg2kictb,2,39,14298.5,224.166666666667,2,0,0,2,4,1,16.106,1,0,3,2,1,2,41,52,False,"[6,5,3]",web,False,2,False
2026-09-17T07:16:46.464+00:00,P01,353e2952-bfbc-4abf-94ee-3576ebda0cb1,dev_hg2kictb,3,39,9056,219.93333333234,3,0,0,3,4,1,10.871,2,1,0,3,2,2,41,41,True,"[1,4,6]",web,False,2,False
2026-09-17T07:17:05.794+00:00,P01,353e2952-bfbc-4abf-94ee-3576ebda0cb1,dev_hg2kictb,4,4,16748.900000006,243.033333326379,0,0,0,1,4,1,604800,1,0,1,0,0,2,37,14,False,"[4,2,3]",web,False,2,True
2026-09-17T07:17:13.805+00:00,P01,353e2952-bfbc-4abf-94ee-3576ebda0cb1,dev_hg2kictb,5,4,6199.80000001192,263.20000000298,1,0,0,1,4,1,8.011,2,0,2,1,1,2,37,28,False,"[3,4,5]",web,False,2,True
2026-09-17T07:17:18.925+00:00,P01,353e2952-bfbc-4abf-94ee-3576ebda0cb1,dev_hg2kictb,6,4,3315.29999999702,225.70000000298,2,0,0,2,4,1,5.12,2,0,3,2,1,2,37,4,False,[3],web,False,2,True
2026-09-17T07:17:28.009+00:00,P01,353e2952-bfbc-4abf-94ee-3576ebda0cb1,dev_hg2kictb,7,4,7273.20000000298,215.600000003974,3,0,0,3,4,1,9.084,2,1,0,3,2,2,37,37,True,"[3,6,1]",web,False,2,True
2026-09-17T08:55:03.036+00:00,P01,1e4fdaf0-48a4-418c-9149-aec1dfa07b44,dev_h8vfnf5f,0,43,19955.299999997,104.420000004768,0,0,0,0,5,1,604800,1,1,0,0,2,2,59,59,True,"[1,2,4,5,6]",web,False,2,False
2026-09-17T08:55:09.556+00:00,P01,1e4fdaf0-48a4-418c-9149-aec1dfa07b44,dev_h8vfnf5f,1,41,3765.40000000596,67.1333333353202,0,0,0,0,5,1,604800,1,1,0,0,2,1,14,14,True,"[3,2,4]",web,False,2,False
2026-09-17T08:55:13.883+00:00,P01,1e4fdaf0-48a4-418c-9149-aec1dfa07b44,dev_h8vfnf5f,2,43,1972.79999999702,63.6799999982119,0,1,0.25,0,5,1,10.848,2,2,0,0,2,0,59,59,True,"[1,2,4,5,6]",web,False,2,False
2026-09-17T08:55:20.764+00:00,P01,1e4fdaf0-48a4-418c-9149-aec1dfa07b44,dev_h8vfnf5f,3,32,4154.09999999404,64.8800000041723,0,0,0,0,5,1,604800,1,0,1,0,0,1,11,22,False,"[3,2,5]",web,False,2,False
2026-09-17T08:55:24.715+00:00,P01,1e4fdaf0-48a4-418c-9149-aec1dfa07b44,dev_h8vfnf5f,4,32,2139.79999999702,100.766666665673,1,0,0,0,5,1,3.951,1,0,2,1,1,1,11,22,False,"[3,2,5]",web,False,2,False
2026-09-17T08:55:33.507+00:00,P01,1e4fdaf0-48a4-418c-9149-aec1dfa07b44,dev_h8vfnf5f,5,32,6988.29999999702,90.9666666686535,2,0,0,1,5,1,8.792,1,0,3,2,1,2,11,22,False,"[2,3,5]",web,False,2,False
2026-09-17T08:55:37.787+00:00,P01,1e4fdaf0-48a4-418c-9149-aec1dfa07b44,dev_h8vfnf5f,6,32,2477.09999999404,82.6333333303531,3,0,0,2,5,1,4.28,2,1,0,3,2,2,11,11,True,"[2,1,4]",web,False,2,False
2026-09-17T08:55:45.811+00:00,P01,1e4fdaf0-48a4-418c-9149-aec1dfa07b44,dev_h8vfnf5f,7,27,5321.20000000298,86.7666666640176,0,0,0,0,5,1,604800,1,1,0,0,2,1,57,57,True,"[1,4,5,6]",web,False,2,False
2026-09-17T08:55:52.22+00:00,P01,1e4fdaf0-48a4-418c-9149-aec1dfa07b44,dev_h8vfnf5f,8,45,3930.29999999702,62.0999999940395,0,0,0,0,5,1,604800,1,0,1,0,0,1,54,34,False,"[2,6]",web,False,2,False
2026-09-17T08:55:55.507+00:00,P01,1e4fdaf0-48a4-418c-9149-aec1dfa07b44,dev_h8vfnf5f,9,45,1479.89999999106,100.20000000298,1,0,0,0,5,1,3.287,1,0,2,1,1,1,54,34,False,"[2,6]",web,False,2,False
2026-09-17T08:56:01.411+00:00,P01,1e4fdaf0-48a4-418c-9149-aec1dfa07b44,dev_h8vfnf5f,10,45,4098.89999999106,87.5250000022352,2,0,0,1,5,1,5.904,1,1,0,2,2,2,54,54,True,"[2,3,5,6]",web,False,2,False
2026-09-17T08:56:05.131+00:00,P01,1e4fdaf0-48a4-418c-9149-aec1dfa07b44,dev_h8vfnf5f,11,11,1200.69999998808,110.95000000298,0,0,0,0,5,1,604800,1,1,0,0,2,0,5,5,True,"[1,3]",web,False,2,False
2026-09-17T08:56:10.451+00:00,P01,1e4fdaf0-48a4-418c-9149-aec1dfa07b44,dev_h8vfnf5f,12,8,2742.29999999702,80,0,0,0,0,5,1,604800,1,1,0,0,2,1,12,12,True,"[3,4]",web,False,2,True
2026-09-17T08:56:16.579+00:00,P01,1e4fdaf0-48a4-418c-9149-aec1dfa07b44,dev_h8vfnf5f,13,26,3588.89999999106,66.4250000044703,0,0,0,0,5,1,604800,1,1,0,0,2,1,30,30,True,"[3,2,5,4]",web,False,2,False
2026-09-17T08:56:20.891+00:00,P01,1e4fdaf0-48a4-418c-9149-aec1dfa07b44,dev_h8vfnf5f,14,8,2041.40000000596,106.699999988079,0,1,0.25,0,5,1,10.44,1,2,0,0,2,0,12,12,True,"[3,4]",web,False,2,True
2026-09-17T08:56:25.331+00:00,P01,1e4fdaf0-48a4-418c-9149-aec1dfa07b44,dev_h8vfnf5f,15,41,2001.09999999404,82,0,1,0.25,0,5,1,75.776,1,2,0,0,2,0,14,14,True,"[3,2,4]",web,False,2,False
2026-09-17T08:56:29.187+00:00,P01,1e4fdaf0-48a4-418c-9149-aec1dfa07b44,dev_h8vfnf5f,16,17,1157.39999999106,114.54999999702,0,0,0,0,5,1,604800,1,1,0,0,2,0,33,33,True,"[1,6]",web,False,2,False
2026-09-17T08:56:32.523+00:00,P01,1e4fdaf0-48a4-418c-9149-aec1dfa07b44,dev_h8vfnf5f,17,38,713.20000000298,68.566666662693,0,0,0,0,5,1,604800,1,1,0,0,2,0,7,7,True,"[1,2,3]",web,False,2,False
2026-09-17T08:56:37.331+00:00,P01,1e4fdaf0-48a4-418c-9149-aec1dfa07b44,dev_h8vfnf5f,18,28,2181,90.3333333333333,0,0,0,0,5,1,604800,1,1,0,0,2,0,25,25,True,"[1,4,5]",web,False,2,False
2026-09-17T08:56:40.651+00:00,P01,1e4fdaf0-48a4-418c-9149-aec1dfa07b44,dev_h8vfnf5f,19,28,981.20000000298,60.3666666646798,0,1,0.25,0,5,1,3.32,0,2,0,0,2,0,25,25,True,"[1,4,5]",web,False,2,False
2026-09-17T08:56:59.067+00:00,P01,5f3682e3-e8c9-4bd6-bbf5-a2de11918bf0,dev_h8vfnf5f,0,42,6596.89999999106,76.6999999980132,0,0,0,0,5,1,604800,1,1,0,0,2,2,19,19,True,"[1,2,5]",web,False,2,False
2026-09-17T08:57:05.404+00:00,P01,5f3682e3-e8c9-4bd6-bbf5-a2de11918bf0,dev_h8vfnf5f,1,48,3073.59999999404,51.9499999955297,0,1,0.25,0,5,1,4141271.329,2,0,1,0,0,1,6,48,False,"[5,6]",web,False,2,False
2026-09-17T08:57:09.275+00:00,P01,5f3682e3-e8c9-4bd6-bbf5-a2de11918bf0,dev_h8vfnf5f,2,48,2057.39999999106,99.2999999970198,1,0.5,0.1625,0,5,1,3.872,1,1,0,1,2,1,6,6,True,"[2,3]",web,False,2,False
2026-09-17T08:57:18.692+00:00,P01,5f3682e3-e8c9-4bd6-bbf5-a2de11918bf0,dev_h8vfnf5f,3,47,6301.89999999106,86.2999999970198,0,0,0,0,5,1,604800,1,0,1,0,0,2,48,8,False,[4],web,False,2,False
2026-09-17T08:57:28.068+00:00,P01,5f3682e3-e8c9-4bd6-bbf5-a2de11918bf0,dev_h8vfnf5f,4,47,7572.39999999106,77.8000000119209,1,0,0,0,5,1,9.376,2,0,2,1,1,2,48,8,False,[4],web,False,2,False
2026-09-17T08:57:32.587+00:00,P01,5f3682e3-e8c9-4bd6-bbf5-a2de11918bf0,dev_h8vfnf5f,5,47,2699.79999999702,111.95000000298,2,0,0,1,5,1,4.519,2,1,0,2,2,2,48,48,True,"[5,6]",web,False,2,False
2026-09-17T08:57:39.315+00:00,P01,5f3682e3-e8c9-4bd6-bbf5-a2de11918bf0,dev_h8vfnf5f,6,12,4085.29999999702,95.9249999970198,0,0,0,0,5,1,604800,1,0,1,0,0,1,40,45,False,"[1,4,3,6]",web,False,2,False
2026-09-17T08:57:45.819+00:00,P01,5f3682e3-e8c9-4bd6-bbf5-a2de11918bf0,dev_h8vfnf5f,7,12,4700.40000000596,125.599999997765,1,0,0,0,5,1,6.504,1,0,2,1,1,1,40,45,False,"[1,4,3,6]",web,False,2,False
2026-09-17T08:57:51.475+00:00,P01,5f3682e3-e8c9-4bd6-bbf5-a2de11918bf0,dev_h8vfnf5f,8,12,3835.60000000894,144.69999999553,2,0,0,1,5,1,5.656,1,1,0,2,2,2,40,40,True,"[4,6]",web,False,2,False
2026-09-17T08:58:04.699+00:00,P01,5f3682e3-e8c9-4bd6-bbf5-a2de11918bf0,dev_h8vfnf5f,9,3,10709.599999994,110.15000000596,0,0,0,0,5,1,604800,1,1,0,0,2,2,20,20,True,"[3,5]",web,False,2,True
2026-09-17T09:01:44.772+00:00,P01,5f3682e3-e8c9-4bd6-bbf5-a2de11918bf0,dev_h8vfnf5f,10,3,217847.900000006,115.14999999851,0,1,0.25,0,5,1,220.072,2,0,1,0,0,2,20,40,False,"[4,6]",web,False,2,True
2026-09-17T09:01:48.243+00:00,P01,5f3682e3-e8c9-4bd6-bbf5-a2de11918bf0,dev_h8vfnf5f,11,3,1653.59999999404,119.70000000298,1,0.5,0.1625,0,5,1,3.472,2,0,2,1,1,1,20,48,False,"[6,5]",web,False,2,True
2026-09-17T09:01:50.628+00:00,P01,5f3682e3-e8c9-4bd6-bbf5-a2de11918bf0,dev_h8vfnf5f,12,3,576.100000008941,56.0999999940395,2,0.333333333333333,0.105625,1,5,1,2.384,1,0,3,2,1,2,20,16,False,[5],web,False,2,True
2026-09-17T09:01:56.083+00:00,P01,5f3682e3-e8c9-4bd6-bbf5-a2de11918bf0,dev_h8vfnf5f,13,3,3649.29999999702,64.4500000029802,3,0.25,0.06865625,2,5,1,5.456,2,1,0,3,2,2,20,20,True,"[3,5]",web,False,2,True
2026-09-17T09:02:01.555+00:00,P01,5f3682e3-e8c9-4bd6-bbf5-a2de11918bf0,dev_h8vfnf5f,14,13,2843.5,155.974999997765,0,0,0,0,5,1,604800,1,0,1,0,0,1,27,45,False,"[1,4,3,6]",web,False,2,False
2026-09-17T09:02:06.443+00:00,P01,5f3682e3-e8c9-4bd6-bbf5-a2de11918bf0,dev_h8vfnf5f,15,13,3073.70000000298,122.766666665673,1,0,0,0,5,1,4.888,1,0,2,1,1,1,27,21,False,"[1,5,3]",web,False,2,False
2026-09-17T09:02:11.323+00:00,P01,5f3682e3-e8c9-4bd6-bbf5-a2de11918bf0,dev_h8vfnf5f,16,13,3066.09999999404,144,2,0,0,1,5,1,4.88,1,1,0,2,2,2,27,27,True,"[1,4,2,5]",web,False,2,False
2026-09-17T09:02:22.035+00:00,P01,5f3682e3-e8c9-4bd6-bbf5-a2de11918bf0,dev_h8vfnf5f,17,25,8064.70000000298,100.833333333333,0,0,0,0,5,1,604800,1,0,1,0,0,2,60,26,False,"[2,5,4]",web,False,2,False
2026-09-17T09:02:27.188+00:00,P01,5f3682e3-e8c9-4bd6-bbf5-a2de11918bf0,dev_h8vfnf5f,18,25,3345.5,68.2750000022352,1,0,0,0,5,1,5.153,2,0,2,1,1,1,60,58,False,"[2,4,5,6]",web,False,2,False
2026-09-17T09:02:30.923+00:00,P01,5f3682e3-e8c9-4bd6-bbf5-a2de11918bf0,dev_h8vfnf5f,19,25,1926.70000000298,65.9250000044703,2,0,0,1,5,1,3.735,1,1,0,2,2,2,60,60,True,"[3,4,5,6]",web,False,2,False
2026-09-17T09:03:43.883+00:00,P01,2cf61005-7462-4b1c-8ec5-385271857fd6,dev_h8vfnf5f,0,45,13725.3999999911,103.100000008941,0,0.333333333333333,0.25,0,6,1,462.472,2,0,1,2,0,2,54,32,False,[6],web,False,2,False
2026-09-17T09:03:48.147+00:00,P01,2cf61005-7462-4b1c-8ec5-385271857fd6,dev_h8vfnf5f,1,45,2445.09999999404,89.6799999982119,1,0.25,0.1625,0,6,1,4.264,2,0,2,3,1,1,54,62,False,"[2,3,4,5,6]",web,False,2,False
2026-09-17T09:03:49.731+00:00,P01,2cf61005-7462-4b1c-8ec5-385271857fd6,dev_h8vfnf5f,2,45,4029.29999999702,90.6888888859087,2,0.2,0.105625,0,6,1,1.584,1,0,3,4,1,2,54,62,False,"[2,3,4,5,6]",web,False,2,False
2026-09-17T09:03:52.587+00:00,P01,2cf61005-7462-4b1c-8ec5-385271857fd6,dev_h8vfnf5f,3,45,1052.60000000894,133.266666665673,3,0.166666666666667,0.06865625,2,6,1,2.856,2,0,4,5,1,2,54,52,False,"[3,5,6]",web,False,2,False
2026-09-17T09:03:56.547+00:00,P01,2cf61005-7462-4b1c-8ec5-385271857fd6,dev_h8vfnf5f,4,45,1063.59999999404,121.85000000149,0,0.142857142857143,0.0446265625,0,6,1,3.96,2,1,0,6,2,0,54,54,True,"[2,3,5,6]",web,False,2,False
2026-09-17T09:04:02.219+00:00,P01,2cf61005-7462-4b1c-8ec5-385271857fd6,dev_h8vfnf5f,5,36,2954.20000000298,84.4800000011921,0,0,0,0,6,1,604800,1,1,0,0,2,1,61,61,True,"[1,4,5,6,3]",web,False,2,False
2026-09-17T09:04:06.515+00:00,P01,2cf61005-7462-4b1c-8ec5-385271857fd6,dev_h8vfnf5f,6,35,1671.39999999106,106.800000001987,0,0,0,0,6,1,604800,1,1,0,0,2,0,13,13,True,"[1,4,3]",web,False,2,False
2026-09-17T09:04:10.867+00:00,P01,2cf61005-7462-4b1c-8ec5-385271857fd6,dev_h8vfnf5f,7,47,1522.5,118.75,0,0.333333333333333,0.25,0,6,1,398.28,2,0,1,2,0,1,48,40,False,"[4,6]",web,False,2,False
2026-09-17T09:04:15.467+00:00,P01,2cf61005-7462-4b1c-8ec5-385271857fd6,dev_h8vfnf5f,8,47,2797.69999998808,131.85000000149,1,0.25,0.1625,0,6,1,4.6,1,1,0,3,2,1,48,48,True,"[5,6]",web,False,2,False
2026-09-17T09:04:22.123+00:00,P01,2cf61005-7462-4b1c-8ec5-385271857fd6,dev_h8vfnf5f,9,45,4438,114.85000000149,0,0.25,0.283469921875,0,6,1,25.576,0,0,1,6,0,1,54,34,False,"[2,6]",web,False,2,False
2026-09-17T09:04:25.531+00:00,P01,2cf61005-7462-4b1c-8ec5-385271857fd6,dev_h8vfnf5f,10,45,1594.59999999404,55.6750000007451,1,0.222222222222222,0.18425544921875,0,6,1,3.408,1,1,0,7,2,1,54,54,True,"[2,3,5,6]",web,False,2,False
2026-09-17T09:04:31.451+00:00,P01,2cf61005-7462-4b1c-8ec5-385271857fd6,dev_h8vfnf5f,11,37,3268,68.0250000022352,0,0,0,0,6,1,604800,1,1,0,0,2,1,23,23,True,"[1,2,3,5]",web,False,2,False
2026-09-17T09:04:40.443+00:00,P01,2cf61005-7462-4b1c-8ec5-385271857fd6,dev_h8vfnf5f,12,20,6259.90000000596,130.94999999553,0,0,0,0,6,1,604800,1,1,0,0,2,2,18,18,True,"[2,5]",web,False,2,False
2026-09-17T09:04:53.283+00:00,P01,2cf61005-7462-4b1c-8ec5-385271857fd6,dev_h8vfnf5f,13,2,10339.200000003,94.6000000014901,0,0.5,0.25,0,6,1,4191082.122,1,0,1,1,0,2,10,12,False,"[3,4]",web,False,2,True
2026-09-17T09:04:54.86+00:00,P01,2cf61005-7462-4b1c-8ec5-385271857fd6,dev_h8vfnf5f,14,2,11916,94.8666666646798,1,0.333333333333333,0.1625,0,6,1,1.577,2,0,2,2,1,2,10,14,False,"[3,4,2]",web,False,2,True
2026-09-17T09:04:56.419+00:00,P01,2cf61005-7462-4b1c-8ec5-385271857fd6,dev_h8vfnf5f,15,2,1330.09999999404,122.90000000596,2,0.25,0.105625,0,6,1,1.559,2,1,0,3,2,2,10,10,True,"[2,4]",web,False,2,True
2026-09-17T09:05:04.675+00:00,P01,2cf61005-7462-4b1c-8ec5-385271857fd6,dev_h8vfnf5f,16,24,5550.29999999702,99.5166666631897,0,0,0,0,6,1,604800,1,1,0,0,2,1,63,63,True,"[1,2,3,4,5,6]",web,False,2,False
2026-09-17T09:05:12.027+00:00,P01,2cf61005-7462-4b1c-8ec5-385271857fd6,dev_h8vfnf5f,17,39,4642.19999998808,87.0333333412806,0,0.25,0.25,0,6,1,6505.563,2,2,0,3,2,1,41,41,True,"[1,4,6]",web,False,2,False
2026-09-17T09:05:24.651+00:00,P01,2cf61005-7462-4b1c-8ec5-385271857fd6,dev_h8vfnf5f,18,49,9126.59999999404,126.966666668653,0,0,0,0,6,1,604800,1,0,1,0,0,2,8,50,False,"[2,5,6]",web,False,2,False
2026-09-17T09:05:27.283+00:00,P01,2cf61005-7462-4b1c-8ec5-385271857fd6,dev_h8vfnf5f,19,49,821.100000008941,70.7999999970198,1,0,0,0,6,1,2.632,2,0,2,1,1,1,8,16,False,[5],web,False,2,False
2026-09-17T09:06:08.627+00:00,P01,8849ebe5-6e67-47aa-a667-174a47a5c112,dev_h8vfnf5f,0,36,27722.5,121.00000000298,0,1,0.25,0,7,1,126.408,1,2,0,0,2,2,61,61,True,"[1,4,5,6,3]",web,False,2,False
2026-09-17T09:06:17.603+00:00,P01,8849ebe5-6e67-47aa-a667-174a47a5c112,dev_h8vfnf5f,1,9,6435.79999999702,119.533333331347,0,0.75,0.46328125,0,7,1,4141772.558,1,2,0,1,2,2,21,21,True,"[1,5,3]",web,False,2,True
2026-09-17T09:06:24.131+00:00,P01,8849ebe5-6e67-47aa-a667-174a47a5c112,dev_h8vfnf5f,2,44,3884.10000000894,45.3600000023842,0,0,0,0,7,1,604800,1,0,1,0,0,1,55,23,False,"[1,2,3,5]",web,False,2,False
2026-09-17T09:06:28.155+00:00,P01,8849ebe5-6e67-47aa-a667-174a47a5c112,dev_h8vfnf5f,3,44,2211.29999999702,117.840000000596,1,0,0,0,7,1,4.024,1,1,0,1,2,1,55,55,True,"[1,2,3,6,5]",web,False,2,False
2026-09-17T09:06:32.227+00:00,P01,8849ebe5-6e67-47aa-a667-174a47a5c112,dev_h8vfnf5f,4,14,1338.69999998808,98.0999999990066,0,0,0,0,7,1,604800,1,1,0,0,2,0,35,35,True,"[1,2,6]",web,False,2,False
2026-09-17T09:06:35.411+00:00,P01,8849ebe5-6e67-47aa-a667-174a47a5c112,dev_h8vfnf5f,5,47,344.20000000298,126.59999999404,0,0.4,0.371875,0,7,1,139.944,1,0,1,3,0,1,48,8,False,[4],web,False,2,False
2026-09-17T09:06:38.059+00:00,P01,8849ebe5-6e67-47aa-a667-174a47a5c112,dev_h8vfnf5f,6,47,840.79999999702,111.54999999702,1,0.333333333333333,0.24171875,0,7,1,2.648,1,1,0,4,2,1,48,48,True,"[5,6]",web,False,2,False
2026-09-17T09:06:43.435+00:00,P01,8849ebe5-6e67-47aa-a667-174a47a5c112,dev_h8vfnf5f,7,29,2627.40000000596,123.95000000298,0,0,0,0,7,1,604800,1,1,0,0,2,1,46,46,True,"[4,2,3,6]",web,False,2,False
2026-09-17T09:06:49.891+00:00,P01,8849ebe5-6e67-47aa-a667-174a47a5c112,dev_h8vfnf5f,8,39,4024.79999999702,127.466666673621,0,0.4,0.4375,0,7,1,97.864,1,3,0,3,2,1,41,41,True,"[1,4,6]",web,False,2,False
2026-09-17T09:06:58.771+00:00,P01,8849ebe5-6e67-47aa-a667-174a47a5c112,dev_h8vfnf5f,9,24,6423.40000000596,81.1500000034769,0,1,0.25,0,7,1,114.096,1,2,0,0,2,2,63,63,True,"[1,2,3,6,5,4]",web,False,2,False
2026-09-17T09:07:01.699+00:00,P01,8849ebe5-6e67-47aa-a667-174a47a5c112,dev_h8vfnf5f,10,0,412.5,126.79999999702,0,0,0,0,7,1,604800,1,1,0,0,2,0,1,1,True,[1],web,False,2,True
2026-09-17T09:07:06.947+00:00,P01,8849ebe5-6e67-47aa-a667-174a47a5c112,dev_h8vfnf5f,11,28,2899.29999999702,119.93333333234,0,1,0.4375,0,7,1,626.296,1,3,0,0,2,1,25,25,True,"[1,4,5]",web,False,2,False
2026-09-17T09:07:13.435+00:00,P01,8849ebe5-6e67-47aa-a667-174a47a5c112,dev_h8vfnf5f,12,25,4127.29999999702,111.075000006706,0,0.333333333333333,0.25,0,7,1,282.512,2,2,0,2,2,1,60,60,True,"[4,5,6,3]",web,False,2,False
2026-09-17T09:07:15.971+00:00,P01,8849ebe5-6e67-47aa-a667-174a47a5c112,dev_h8vfnf5f,13,0,322.59999999404,54.4000000059605,0,1,0.25,0,7,1,14.272,0,2,0,0,2,0,1,1,True,[1],web,False,2,True
2026-09-17T09:07:19.451+00:00,P01,8849ebe5-6e67-47aa-a667-174a47a5c112,dev_h8vfnf5f,14,14,1043.09999999404,58.5999999990066,0,1,0.25,0,7,1,47.224,0,2,0,0,2,0,35,35,True,"[1,2,6]",web,False,2,False
2026-09-17T09:07:27.123+00:00,P01,8849ebe5-6e67-47aa-a667-174a47a5c112,dev_h8vfnf5f,15,46,5015.29999999702,88.8199999988079,0,0,0,0,7,1,604800,1,0,1,0,0,1,38,30,False,"[5,2,3,4]",web,False,2,False
2026-09-17T09:07:32.091+00:00,P01,8849ebe5-6e67-47aa-a667-174a47a5c112,dev_h8vfnf5f,16,46,3159.39999999106,106.333333328366,1,0,0,0,7,1,4.968,1,1,0,1,2,1,38,38,True,"[2,3,6]",web,False,2,False
2026-09-17T09:07:42.227+00:00,P01,8849ebe5-6e67-47aa-a667-174a47a5c112,dev_h8vfnf5f,17,4,7618.5,94.500000004967,0,0.25,0.25,0,7,1,6614.218,2,2,0,3,2,2,37,37,True,"[1,3,6]",web,False,2,True
2026-09-17T09:07:47.355+00:00,P01,8849ebe5-6e67-47aa-a667-174a47a5c112,dev_h8vfnf5f,18,16,2507.39999999106,180.94999999553,0,0,0,0,7,1,604800,1,1,0,0,2,1,9,9,True,"[1,4]",web,False,2,False
2026-09-17T09:07:51.323+00:00,P01,8849ebe5-6e67-47aa-a667-174a47a5c112,dev_h8vfnf5f,19,38,1615.09999999404,79.2999999970198,0,1,0.25,0,7,1,678.8,1,2,0,0,2,0,7,7,True,"[1,2,3]",web,False,2,False
2026-09-17T09:08:52.348+00:00,P01,33a18e02-8f18-4aaa-a62b-4a5939f6fea5,dev_h8vfnf5f,0,15,3518.10000000894,95.0999999990066,0,0,0,0,9,1,604800,1,1,0,0,2,1,44,44,True,"[3,6,4]",web,False,2,False
2026-09-17T09:08:57.875+00:00,P01,33a18e02-8f18-4aaa-a62b-4a5939f6fea5,dev_h8vfnf5f,1,16,3205,95.3999999985099,0,1,0.25,0,9,1,70.52,1,2,0,0,2,1,9,9,True,"[1,4]",web,False,2,False
2026-09-17T09:09:01.275+00:00,P01,33a18e02-8f18-4aaa-a62b-4a5939f6fea5,dev_h8vfnf5f,2,46,984.699999988079,62.9999999925494,0,0.5,0.25,0,9,1,89.184,1,0,1,1,0,1,38,48,False,"[5,6]",web,False,2,False
2026-09-17T09:09:04.483+00:00,P01,33a18e02-8f18-4aaa-a62b-4a5939f6fea5,dev_h8vfnf5f,3,46,1401.70000000298,84.6666666716337,1,0.333333333333333,0.1625,0,9,1,3.208,1,0,2,2,1,1,38,50,False,"[2,5,6]",web,False,2,False
2026-09-17T09:09:08.283+00:00,P01,33a18e02-8f18-4aaa-a62b-4a5939f6fea5,dev_h8vfnf5f,4,46,1993.90000000596,115.80000000447,2,0.25,0.105625,1,9,1,3.8,1,1,0,3,2,2,38,38,True,"[2,3,6]",web,False,2,False
2026-09-17T09:09:13.731+00:00,P01,33a18e02-8f18-4aaa-a62b-4a5939f6fea5,dev_h8vfnf5f,5,43,3101.20000000298,114.27499999851,0,1,0.4375,0,9,1,839.848,1,0,1,0,0,1,59,43,False,"[2,1,4,6]",web,False,2,False
2026-09-17T09:09:17.923+00:00,P01,33a18e02-8f18-4aaa-a62b-4a5939f6fea5,dev_h8vfnf5f,6,43,2384.09999999404,63.740000000596,1,0.666666666666667,0.284375,0,9,1,4.192,1,1,0,1,2,1,59,59,True,"[1,2,4,5,6]",web,False,2,False
2026-09-17T09:09:22.051+00:00,P01,33a18e02-8f18-4aaa-a62b-4a5939f6fea5,dev_h8vfnf5f,7,15,1720.29999999702,68.4000000059605,0,1,0.25,0,9,1,29.702,1,2,0,0,2,0,44,44,True,"[4,6,3]",web,False,2,False
2026-09-17T09:09:26.667+00:00,P01,33a18e02-8f18-4aaa-a62b-4a5939f6fea5,dev_h8vfnf5f,8,36,2177.39999999106,39.1000000039736,0,1,0.4375,0,9,1,198.04,2,0,1,0,0,1,61,35,False,"[1,2,6]",web,False,2,False
2026-09-17T09:09:29.955+00:00,P01,33a18e02-8f18-4aaa-a62b-4a5939f6fea5,dev_h8vfnf5f,9,36,1469.20000000298,79.6,1,0.666666666666667,0.284375,0,9,1,3.288,1,1,0,1,2,1,61,61,True,"[1,4,5,6,3]",web,False,2,False
2026-09-17T09:09:34.771+00:00,P01,33a18e02-8f18-4aaa-a62b-4a5939f6fea5,dev_h8vfnf5f,10,21,2241.19999998808,65.340000000596,0,0,0,0,9,1,604800,1,1,0,0,2,0,62,62,True,"[4,5,6,3,2]",web,False,2,False
2026-09-17T09:09:39.244+00:00,P01,33a18e02-8f18-4aaa-a62b-4a5939f6fea5,dev_h8vfnf5f,11,26,2213.40000000596,55.4499999992549,0,1,0.25,0,9,1,802.664,1,2,0,0,2,0,30,30,True,"[3,2,5,4]",web,False,2,False
2026-09-17T09:09:43.363+00:00,P01,33a18e02-8f18-4aaa-a62b-4a5939f6fea5,dev_h8vfnf5f,12,10,1473.40000000596,63.4000000009934,0,0,0,0,9,1,604800,1,1,0,0,2,0,42,42,True,"[6,2,4]",web,False,2,True
2026-09-17T09:09:46.915+00:00,P01,33a18e02-8f18-4aaa-a62b-4a5939f6fea5,dev_h8vfnf5f,13,12,1185.60000000894,73.6999999980132,0,0.333333333333333,0.25,0,9,1,715.44,2,0,1,2,0,1,40,37,False,"[1,3,6]",web,False,2,False
2026-09-17T09:09:50.373+00:00,P01,33a18e02-8f18-4aaa-a62b-4a5939f6fea5,dev_h8vfnf5f,14,12,1640.80000001192,75.125,1,0.25,0.1625,0,9,1,3.458,1,0,2,3,1,1,40,45,False,"[1,4,3,6]",web,False,2,False
2026-09-17T09:09:53.211+00:00,P01,33a18e02-8f18-4aaa-a62b-4a5939f6fea5,dev_h8vfnf5f,15,12,1022.09999999404,132.35000000149,2,0.2,0.105625,1,9,1,2.838,1,1,0,4,2,2,40,40,True,"[4,6]",web,False,2,False
2026-09-17T09:09:58.587+00:00,P01,33a18e02-8f18-4aaa-a62b-4a5939f6fea5,dev_h8vfnf5f,16,35,3056.79999999702,103.333333328366,0,1,0.25,0,9,1,352.072,1,2,0,0,2,1,13,13,True,"[1,4,3]",web,False,2,False
2026-09-17T09:10:04.459+00:00,P01,33a18e02-8f18-4aaa-a62b-4a5939f6fea5,dev_h8vfnf5f,17,23,3228.90000000596,82.375,0,0,0,0,9,1,604800,1,1,0,0,2,1,43,43,True,"[2,1,4,6]",web,False,2,False
2026-09-17T09:10:08.211+00:00,P01,33a18e02-8f18-4aaa-a62b-4a5939f6fea5,dev_h8vfnf5f,18,49,581,46.1000000089407,0,0,0,0,9,1,280.928,1,0,3,2,0,1,8,2,False,[2],web,False,2,False
2026-09-17T09:10:10.587+00:00,P01,33a18e02-8f18-4aaa-a62b-4a5939f6fea5,dev_h8vfnf5f,19,49,567.399999991059,168,1,0,0,0,9,1,2.376,1,0,4,3,1,1,8,16,False,[5],web,False,2,False
2026-09-17T09:10:22.283+00:00,P01,5b50d4c6-3d19-4f87-a088-28cc79223998,dev_h8vfnf5f,0,23,2492.39999999106,53.7000000029802,0,1,0.25,0,9,1,17.824,1,2,0,0,2,0,43,43,True,"[2,1,4,6]",web,False,2,False
2026-09-17T09:10:25.427+00:00,P01,5b50d4c6-3d19-4f87-a088-28cc79223998,dev_h8vfnf5f,1,47,318.399999991059,78.0999999940395,0,0.428571428571429,0.4312890625,0,9,1,227.368,1,0,1,4,0,1,48,8,False,[4],web,False,2,False
2026-09-17T09:10:28.516+00:00,P01,5b50d4c6-3d19-4f87-a088-28cc79223998,dev_h8vfnf5f,2,47,1278.60000000894,110.55000000447,1,0.375,0.280337890625,0,9,1,3.088,1,1,0,5,2,1,48,48,True,"[5,6]",web,False,2,False
2026-09-17T09:10:32.483+00:00,P01,5b50d4c6-3d19-4f87-a088-28cc79223998,dev_h8vfnf5f,3,49,793,79.6000000089407,0,0,0,0,9,1,21.896,1,0,5,4,0,1,8,32,False,[6],web,False,2,False
2026-09-17T09:10:34.283+00:00,P01,5b50d4c6-3d19-4f87-a088-28cc79223998,dev_h8vfnf5f,4,49,2593.20000000298,103.10000000149,1,0,0,0,9,1,1.8,1,0,6,5,1,1,8,34,False,"[6,2]",web,False,2,False
2026-09-17T09:10:35.731+00:00,P01,5b50d4c6-3d19-4f87-a088-28cc79223998,dev_h8vfnf5f,5,49,1436.59999999404,102.29999999702,2,0,0,0,9,1,1.448,1,1,0,6,2,2,8,8,True,[4],web,False,2,False
2026-09-17T09:10:39.603+00:00,P01,5b50d4c6-3d19-4f87-a088-28cc79223998,dev_h8vfnf5f,6,11,1613.40000000596,66.7500000074506,0,1,0.25,0,9,1,874.472,1,2,0,0,2,0,5,5,True,"[1,3]",web,False,2,False
2026-09-17T09:10:44.947+00:00,P01,5b50d4c6-3d19-4f87-a088-28cc79223998,dev_h8vfnf5f,7,29,2917.30000001192,81.4250000044703,0,1,0.25,0,9,1,241.512,1,2,0,0,2,1,46,46,True,"[4,2,3,6]",web,False,2,False
2026-09-17T09:10:52.099+00:00,P01,5b50d4c6-3d19-4f87-a088-28cc79223998,dev_h8vfnf5f,8,7,4610.09999999404,78.5500000044703,0,0,0,0,9,1,604800,1,1,0,0,2,1,17,17,True,"[1,5]",web,False,2,True
2026-09-17T09:10:55.275+00:00,P01,5b50d4c6-3d19-4f87-a088-28cc79223998,dev_h8vfnf5f,9,3,945.09999999404,82.6999999955297,0,0.4,0.3014921875,0,9,1,539.192,2,2,0,3,2,0,20,20,True,"[5,3]",web,False,2,True
2026-09-17T09:11:00.923+00:00,P01,5b50d4c6-3d19-4f87-a088-28cc79223998,dev_h8vfnf5f,10,30,2992.79999999702,82.25,0,0,0,0,9,1,604800,1,1,0,0,2,1,29,29,True,"[4,5,1,3]",web,False,2,False
2026-09-17T09:11:07.027+00:00,P01,5b50d4c6-3d19-4f87-a088-28cc79223998,dev_h8vfnf5f,11,15,3697.39999999106,98.2333333343267,0,1,0.4375,0,9,1,104.976,1,3,0,0,2,1,44,44,True,"[4,6,3]",web,False,2,False
2026-09-17T09:11:12.366+00:00,P01,5b50d4c6-3d19-4f87-a088-28cc79223998,dev_h8vfnf5f,12,40,2656.20000000298,63.9,0,0,0,0,9,1,604800,1,1,0,0,2,1,47,47,True,"[4,1,2,3,6]",web,False,2,False
2026-09-17T09:11:18.075+00:00,P01,5b50d4c6-3d19-4f87-a088-28cc79223998,dev_h8vfnf5f,13,37,3344.90000000596,80.2249999977648,0,1,0.25,0,9,1,406.624,1,2,0,0,2,1,23,23,True,"[5,1,2,3]",web,False,2,False
2026-09-17T09:11:22.267+00:00,P01,5b50d4c6-3d19-4f87-a088-28cc79223998,dev_h8vfnf5f,14,17,1776.70000000298,143.45000000298,0,1,0.25,0,9,1,893.079,1,2,0,0,2,0,33,33,True,"[1,6]",web,False,2,False
2026-09-17T09:11:25.579+00:00,P01,5b50d4c6-3d19-4f87-a088-28cc79223998,dev_h8vfnf5f,15,14,888.90000000596,47.4749999977648,0,1,0.4375,0,9,1,246.128,1,0,1,0,0,1,35,51,False,"[1,2,6,5]",web,False,2,False
2026-09-17T09:11:28.123+00:00,P01,5b50d4c6-3d19-4f87-a088-28cc79223998,dev_h8vfnf5f,16,14,734.09999999404,166.20000000298,1,0.666666666666667,0.284375,0,9,1,2.544,1,0,2,1,1,1,35,32,False,[6],web,False,2,False
2026-09-17T09:11:33.14+00:00,P01,5b50d4c6-3d19-4f87-a088-28cc79223998,dev_h8vfnf5f,17,14,3208.60000000894,146,2,0.5,0.18484375,1,9,1,5.016,1,1,0,2,2,2,35,35,True,"[1,2,6]",web,False,2,False
2026-09-17T09:11:38.811+00:00,P01,5b50d4c6-3d19-4f87-a088-28cc79223998,dev_h8vfnf5f,18,15,3263.19999998808,102.06666666766,0,1,0.578125,0,9,1,31.784,1,4,0,0,2,1,44,44,True,"[4,6,3]",web,False,2,False
2026-09-17T09:11:39.315+00:00,P01,5b50d4c6-3d19-4f87-a088-28cc79223998,dev_h8vfnf5f,19,15,3766.59999999404,102.06666666766,1,1,0.68359375,0,9,1,0.504,1,5,0,0,2,1,44,44,True,"[4,6,3]",web,False,2,False
2026-09-17T09:11:39.349+00:00,P01,5b50d4c6-3d19-4f87-a088-28cc79223998,dev_h8vfnf5f,20,15,3801.29999999702,102.06666666766,2,1,0.7626953125,0,9,1,0.034,1,6,0,0,2,2,44,44,True,"[4,6,3]",web,False,2,False
2026-09-17T09:11:39.391+00:00,P01,5b50d4c6-3d19-4f87-a088-28cc79223998,dev_h8vfnf5f,21,15,3842.59999999404,102.06666666766,3,1,0.822021484375,0,9,1,0.042,2,7,0,0,2,2,44,44,True,"[4,6,3]",web,False,2,False
2026-09-17T09:11:39.413+00:00,P01,5b50d4c6-3d19-4f87-a088-28cc79223998,dev_h8vfnf5f,22,15,3865.09999999404,102.06666666766,4,1,0.86651611328125,0,9,1,0.022,2,8,0,0,2,2,44,44,True,"[4,6,3]",web,False,2,False
2026-09-17T09:11:39.448+00:00,P01,5b50d4c6-3d19-4f87-a088-28cc79223998,dev_h8vfnf5f,23,15,3899.79999999702,102.06666666766,5,1,0.899887084960938,0,9,1,0.035,2,9,0,0,2,2,44,44,True,"[4,6,3]",web,False,2,False
2026-09-17T09:11:39.488+00:00,P01,5b50d4c6-3d19-4f87-a088-28cc79223998,dev_h8vfnf5f,24,15,3939.79999999702,102.06666666766,6,1,0.924915313720703,0,9,1,0.04,2,10,0,0,2,2,44,44,True,"[4,6,3]",web,False,2,False
2026-09-17T09:11:39.507+00:00,P01,5b50d4c6-3d19-4f87-a088-28cc79223998,dev_h8vfnf5f,25,15,3958.69999998808,102.06666666766,7,1,0.943686485290527,0,9,1,0.019,2,11,0,0,2,2,44,44,True,"[4,6,3]",web,False,2,False
2026-09-17T09:11:39.55+00:00,P01,5b50d4c6-3d19-4f87-a088-28cc79223998,dev_h8vfnf5f,26,15,4001.59999999404,102.06666666766,8,1,0.957764863967896,0,9,1,0.043,2,12,0,0,2,2,44,44,True,"[4,6,3]",web,False,2,False
2026-09-17T09:11:39.588+00:00,P01,5b50d4c6-3d19-4f87-a088-28cc79223998,dev_h8vfnf5f,27,15,4040.29999999702,102.06666666766,9,1,0.968323647975922,0,9,1,0.038,2,13,0,0,2,2,44,44,True,"[4,6,3]",web,False,2,False
2026-09-17T09:11:39.611+00:00,P01,5b50d4c6-3d19-4f87-a088-28cc79223998,dev_h8vfnf5f,28,15,4062.59999999404,102.06666666766,10,1,0.976242735981941,0,9,1,0.023,2,14,0,0,2,2,44,44,True,"[4,6,3]",web,False,2,False
2026-09-17T09:11:39.639+00:00,P01,5b50d4c6-3d19-4f87-a088-28cc79223998,dev_h8vfnf5f,29,15,4090.69999998808,102.06666666766,11,1,0.982182051986456,0,9,1,0.028,2,15,0,0,2,2,44,44,True,"[4,6,3]",web,False,2,False
2026-09-17T09:11:39.682+00:00,P01,5b50d4c6-3d19-4f87-a088-28cc79223998,dev_h8vfnf5f,30,15,4134.29999999702,102.06666666766,12,1,0.986636538989842,0,9,1,0.043,2,16,0,0,2,2,44,44,True,"[4,6,3]",web,False,2,False
2026-09-17T09:11:51.259+00:00,P01,46c17a1b-41bd-42a6-8c43-94a24a21a10e,dev_h8vfnf5f,0,36,5509.60000000894,42.5,0,0.75,0.46328125,0,10,1,141.304,1,2,0,1,2,1,61,61,True,"[1,4,5,6,3]",web,False,2,False
2026-09-17T09:11:56.315+00:00,P01,46c17a1b-41bd-42a6-8c43-94a24a21a10e,dev_h8vfnf5f,1,32,2644.79999999702,80.1666666666667,0,0.25,0.25,0,10,1,978.528,2,0,1,3,0,1,11,22,False,"[5,2,3]",web,False,2,False
2026-09-17T09:12:01.627+00:00,P01,46c17a1b-41bd-42a6-8c43-94a24a21a10e,dev_h8vfnf5f,2,32,3505.5,110.966666673621,1,0.2,0.1625,0,10,1,5.312,1,1,0,4,2,1,11,11,True,"[1,2,4]",web,False,2,False
2026-09-17T09:12:05.531+00:00,P01,46c17a1b-41bd-42a6-8c43-94a24a21a10e,dev_h8vfnf5f,3,1,1400.70000000298,58.5666666676601,0,0,0,0,10,1,604800,1,1,0,0,2,0,28,28,True,"[4,5,3]",web,False,2,True
2026-09-17T09:12:09.899+00:00,P01,46c17a1b-41bd-42a6-8c43-94a24a21a10e,dev_h8vfnf5f,4,48,1409.09999999404,99.25,0,0.666666666666667,0.371875,0,10,1,900.624,1,0,1,1,0,1,6,48,False,"[5,6]",web,False,2,False
2026-09-17T09:12:12.867+00:00,P01,46c17a1b-41bd-42a6-8c43-94a24a21a10e,dev_h8vfnf5f,5,48,1161.89999999106,111.20000000298,1,0.5,0.24171875,0,10,1,2.968,1,1,0,2,2,1,6,6,True,"[2,3]",web,False,2,False
2026-09-17T09:12:16.691+00:00,P01,46c17a1b-41bd-42a6-8c43-94a24a21a10e,dev_h8vfnf5f,6,7,1560.5,91.3500000014901,0,1,0.25,0,10,1,84.592,1,2,0,0,2,0,17,17,True,"[1,5]",web,False,2,True
2026-09-17T09:12:20.763+00:00,P01,46c17a1b-41bd-42a6-8c43-94a24a21a10e,dev_h8vfnf5f,7,48,1133.20000000298,107.34999999404,0,0.6,0.4312890625,0,10,1,7.896,1,0,1,2,0,1,6,48,False,"[5,6]",web,False,2,False
2026-09-17T09:12:23.659+00:00,P01,46c17a1b-41bd-42a6-8c43-94a24a21a10e,dev_h8vfnf5f,8,48,1078.69999998808,82.7500000074506,1,0.5,0.280337890625,0,10,1,2.896,1,1,0,3,2,1,6,6,True,"[2,3]",web,False,2,False
2026-09-17T09:12:28.779+00:00,P01,46c17a1b-41bd-42a6-8c43-94a24a21a10e,dev_h8vfnf5f,9,26,2829.20000000298,77.1999999992549,0,1,0.4375,0,10,1,169.535,1,3,0,0,2,1,30,30,True,"[4,5,2,3]",web,False,2,False
2026-09-17T09:12:33.284+00:00,P01,46c17a1b-41bd-42a6-8c43-94a24a21a10e,dev_h8vfnf5f,10,29,2073.89999999106,101.70000000298,0,1,0.4375,0,10,1,108.336,1,3,0,0,2,0,46,46,True,"[4,2,3,6]",web,False,2,False
2026-09-17T09:12:38.083+00:00,P01,46c17a1b-41bd-42a6-8c43-94a24a21a10e,dev_h8vfnf5f,11,31,2272.5,87.4000000022352,0,0,0,0,10,1,4191008.799,2,1,0,3,2,0,15,15,True,"[4,1,2,3]",web,False,2,False
2026-09-17T09:12:41.179+00:00,P01,46c17a1b-41bd-42a6-8c43-94a24a21a10e,dev_h8vfnf5f,12,11,808.899999991059,115.350000008941,0,1,0.4375,0,10,1,121.576,1,3,0,0,2,0,5,5,True,"[1,3]",web,False,2,False
2026-09-17T09:12:44.771+00:00,P01,46c17a1b-41bd-42a6-8c43-94a24a21a10e,dev_h8vfnf5f,13,12,1240.90000000596,127.224999997765,0,0.333333333333333,0.32921875,0,10,1,171.559,2,0,1,4,0,1,40,45,False,"[1,4,3,6]",web,False,2,False
2026-09-17T09:12:48.299+00:00,P01,46c17a1b-41bd-42a6-8c43-94a24a21a10e,dev_h8vfnf5f,14,12,1721.29999999702,58.7999999970198,1,0.285714285714286,0.2139921875,0,10,1,3.529,1,1,0,5,2,1,40,40,True,"[4,6]",web,False,2,False
2026-09-17T09:12:51.963+00:00,P01,46c17a1b-41bd-42a6-8c43-94a24a21a10e,dev_h8vfnf5f,15,18,952.79999999702,95.066666662693,0,0,0,0,10,1,604800,1,1,0,0,2,0,26,26,True,"[4,5,2]",web,False,2,False
2026-09-17T09:12:55.971+00:00,P01,46c17a1b-41bd-42a6-8c43-94a24a21a10e,dev_h8vfnf5f,16,27,1580.60000000894,87.8499999940395,0,1,0.25,0,10,1,1030.16,1,2,0,0,2,0,57,57,True,"[1,4,5,6]",web,False,2,False
2026-09-17T09:12:59.619+00:00,P01,46c17a1b-41bd-42a6-8c43-94a24a21a10e,dev_h8vfnf5f,17,26,1389.59999999404,69.7499999962747,0,1,0.578125,0,10,1,30.84,1,4,0,0,2,0,30,30,True,"[4,5,2,3]",web,False,2,False
2026-09-17T09:13:03.355+00:00,P01,46c17a1b-41bd-42a6-8c43-94a24a21a10e,dev_h8vfnf5f,18,43,1386.29999999702,60.6000000029802,0,0.75,0.46328125,0,10,1,225.432,1,2,0,1,2,0,59,59,True,"[1,4,5,2,6]",web,False,2,False
2026-09-17T09:13:07.019+00:00,P01,46c17a1b-41bd-42a6-8c43-94a24a21a10e,dev_h8vfnf5f,19,8,1369.10000000894,43,0,1,0.4375,0,10,1,1006.128,1,3,0,0,2,0,12,12,True,"[4,3]",web,False,2,True
2026-09-17T09:13:56.291+00:00,P02,ec23700a-a0eb-4e3a-8f29-215249a9e560,dev_h8vfnf5f,0,26,1139.20000000298,71.1000000039736,0,0,0,0,1,1,604800,1,0,1,0,0,1,30,35,False,"[1,2,6]",web,False,2,False
2026-09-17T09:14:00.651+00:00,P02,ec23700a-a0eb-4e3a-8f29-215249a9e560,dev_h8vfnf5f,1,26,2547.19999998808,100.975000005215,1,0,0,0,1,1,4.36,1,1,0,1,2,1,30,30,True,"[2,3,4,5]",web,False,2,False
2026-09-17T09:14:06.867+00:00,P02,ec23700a-a0eb-4e3a-8f29-215249a9e560,dev_h8vfnf5f,2,40,3794.59999999404,50.8600000023842,0,0,0,0,1,1,604800,1,1,0,0,2,1,47,47,True,"[4,1,2,3,6]",web,False,2,False
2026-09-17T09:14:10.587+00:00,P02,ec23700a-a0eb-4e3a-8f29-215249a9e560,dev_h8vfnf5f,3,49,536.399999991059,30.7999999970198,0,0,0,0,1,1,604800,1,0,1,0,0,1,8,2,False,[2],web,False,2,False
2026-09-17T09:14:12.011+00:00,P02,ec23700a-a0eb-4e3a-8f29-215249a9e560,dev_h8vfnf5f,4,49,1960.89999999106,70.4500000029802,1,0,0,0,1,1,1.424,1,0,2,1,1,1,8,10,False,"[2,4]",web,False,2,False
2026-09-17T09:14:17.723+00:00,P02,ec23700a-a0eb-4e3a-8f29-215249a9e560,dev_h8vfnf5f,5,49,3905.29999999702,87.5999999940395,2,0,0,1,1,1,5.712,1,1,0,2,2,2,8,8,True,[4],web,False,2,False
2026-09-17T09:14:22.299+00:00,P02,ec23700a-a0eb-4e3a-8f29-215249a9e560,dev_h8vfnf5f,6,5,2086.79999999702,55.4999999962747,0,0,0,0,1,1,604800,1,1,0,0,2,0,51,51,True,"[1,2,5,6]",web,False,2,True
2026-09-17T09:14:25.819+00:00,P02,ec23700a-a0eb-4e3a-8f29-215249a9e560,dev_h8vfnf5f,7,47,686.70000000298,70.4000000059605,0,0,0,0,1,1,604800,1,0,1,0,0,1,48,8,False,[4],web,False,2,False
2026-09-17T09:14:28.731+00:00,P02,ec23700a-a0eb-4e3a-8f29-215249a9e560,dev_h8vfnf5f,8,47,1102,29.1999999880791,1,0,0,0,1,1,2.913,1,0,2,1,1,1,48,8,False,[4],web,False,2,False
2026-09-17T09:14:33.348+00:00,P02,ec23700a-a0eb-4e3a-8f29-215249a9e560,dev_h8vfnf5f,9,47,2799.10000000894,175.80000000447,2,0,0,1,1,1,4.616,1,1,0,2,2,2,48,48,True,"[5,6]",web,False,2,False
2026-09-17T09:14:43.195+00:00,P02,ec23700a-a0eb-4e3a-8f29-215249a9e560,dev_h8vfnf5f,10,36,7422.79999999702,52.340000000596,0,0,0,0,1,1,604800,1,1,0,0,2,2,61,61,True,"[1,4,5,6,3]",web,False,2,False
2026-09-17T09:14:46.619+00:00,P02,ec23700a-a0eb-4e3a-8f29-215249a9e560,dev_h8vfnf5f,11,14,987,81.7333333343267,0,0,0,0,1,1,604800,1,1,0,0,2,0,35,35,True,"[1,2,6]",web,False,2,False
2026-09-17T09:14:51.067+00:00,P02,ec23700a-a0eb-4e3a-8f29-215249a9e560,dev_h8vfnf5f,12,29,1994.60000000894,67.9250000007451,0,0,0,0,1,1,604800,1,1,0,0,2,0,46,46,True,"[4,2,3,6]",web,False,2,False
2026-09-17T09:14:56.835+00:00,P02,ec23700a-a0eb-4e3a-8f29-215249a9e560,dev_h8vfnf5f,13,9,3522.90000000596,106.300000001987,0,0,0,0,1,1,604800,1,1,0,0,2,1,21,21,True,"[1,5,3]",web,False,2,True
2026-09-17T09:15:01.675+00:00,P02,ec23700a-a0eb-4e3a-8f29-215249a9e560,dev_h8vfnf5f,14,21,2582.80000001192,71.7200000047684,0,0,0,0,1,1,604800,1,1,0,0,2,1,62,62,True,"[4,5,6,3,2]",web,False,2,False
2026-09-17T09:15:05.131+00:00,P02,ec23700a-a0eb-4e3a-8f29-215249a9e560,dev_h8vfnf5f,15,28,1098.89999999106,92.6000000039736,0,0,0,0,1,1,604800,1,1,0,0,2,0,25,25,True,"[1,4,5]",web,False,2,False
2026-09-17T09:15:11.227+00:00,P02,ec23700a-a0eb-4e3a-8f29-215249a9e560,dev_h8vfnf5f,16,23,3714.10000000894,64.1999999992549,0,0,0,0,1,1,604800,1,1,0,0,2,1,43,43,True,"[4,1,2,6]",web,False,2,False
2026-09-17T09:15:15.892+00:00,P02,ec23700a-a0eb-4e3a-8f29-215249a9e560,dev_h8vfnf5f,17,4,2420.29999999702,86.7999999970198,0,0,0,0,1,1,604800,1,1,0,0,2,0,37,37,True,"[1,3,6]",web,False,2,True
2026-09-17T09:15:23.724+00:00,P02,ec23700a-a0eb-4e3a-8f29-215249a9e560,dev_h8vfnf5f,18,42,5531.09999999404,91.6333333353202,0,0,0,0,1,1,604800,1,1,0,0,2,1,19,19,True,"[1,2,5]",web,False,2,False
2026-09-17T09:15:28.452+00:00,P02,ec23700a-a0eb-4e3a-8f29-215249a9e560,dev_h8vfnf5f,19,32,2321.70000000298,111.5,0,0,0,0,1,1,604800,1,0,1,0,0,1,11,22,False,"[5,2,3]",web,False,2,False
2026-09-17T09:15:52.675+00:00,P02,62334b97-0df9-4445-bed2-bb42de30d000,dev_h8vfnf5f,0,21,3267.20000000298,66.3999999970198,0,1,0.25,0,2,1,51,1,2,0,0,2,1,62,62,True,"[2,3,6,5,4]",web,False,2,False
2026-09-17T09:15:56.763+00:00,P02,62334b97-0df9-4445-bed2-bb42de30d000,dev_h8vfnf5f,1,3,1856.29999999702,62.8500000089407,0,0,0,0,2,1,604800,1,1,0,0,2,0,20,20,True,"[5,3]",web,False,2,True
2026-09-17T09:16:01.603+00:00,P02,62334b97-0df9-4445-bed2-bb42de30d000,dev_h8vfnf5f,2,23,2454.29999999702,71.2249999977648,0,1,0.25,0,2,1,50.376,1,2,0,0,2,0,43,43,True,"[4,1,2,6]",web,False,2,False
2026-09-17T09:16:06.107+00:00,P02,62334b97-0df9-4445-bed2-bb42de30d000,dev_h8vfnf5f,3,19,1758.69999998808,87.8249999992549,0,0,0,0,2,1,604800,1,0,1,0,0,1,52,53,False,"[1,5,6,3]",web,False,2,False
2026-09-17T09:16:09.779+00:00,P02,62334b97-0df9-4445-bed2-bb42de30d000,dev_h8vfnf5f,4,19,1861.60000000894,108.27499999851,1,0,0,0,2,1,3.672,1,0,2,1,1,1,52,53,False,"[1,5,6,3]",web,False,2,False
2026-09-17T09:16:15.843+00:00,P02,62334b97-0df9-4445-bed2-bb42de30d000,dev_h8vfnf5f,5,19,4245.40000000596,135.60000000149,2,0,0,1,2,1,6.063,1,1,0,2,2,2,52,52,True,"[5,6,3]",web,False,2,False
2026-09-17T09:16:21.451+00:00,P02,62334b97-0df9-4445-bed2-bb42de30d000,dev_h8vfnf5f,6,22,2820.5,119.400000002235,0,0,0,0,2,1,604800,1,1,0,0,2,1,58,58,True,"[5,4,6,2]",web,False,2,False
2026-09-17T09:16:24.179+00:00,P02,62334b97-0df9-4445-bed2-bb42de30d000,dev_h8vfnf5f,7,0,510.90000000596,85.8999999910593,0,0,0,0,2,1,604800,1,1,0,0,2,0,1,1,True,[1],web,False,2,True
2026-09-17T09:16:27.051+00:00,P02,62334b97-0df9-4445-bed2-bb42de30d000,dev_h8vfnf5f,8,0,662.40000000596,142,0,1,0.25,0,2,1,2.872,0,2,0,0,2,0,1,1,True,[1],web,False,2,True
2026-09-17T09:16:33.124+00:00,P02,62334b97-0df9-4445-bed2-bb42de30d000,dev_h8vfnf5f,9,18,3635.90000000596,148.499999995033,0,0,0,0,2,1,604800,1,1,0,0,2,1,26,26,True,"[2,5,4]",web,False,2,False
2026-09-17T09:16:36.443+00:00,P02,62334b97-0df9-4445-bed2-bb42de30d000,dev_h8vfnf5f,10,3,1074.90000000596,98.3000000044703,0,1,0.25,0,2,1,39.679,0,2,0,0,2,0,20,20,True,"[3,5]",web,False,2,True
2026-09-17T09:16:40.427+00:00,P02,62334b97-0df9-4445-bed2-bb42de30d000,dev_h8vfnf5f,11,19,1498.5,71.3333333283663,0,0.333333333333333,0.25,0,2,1,24.585,2,0,1,2,0,1,52,49,False,"[1,5,6]",web,False,2,False
2026-09-17T09:16:44.251+00:00,P02,62334b97-0df9-4445-bed2-bb42de30d000,dev_h8vfnf5f,12,19,2008.80000001192,103.06666666766,1,0.25,0.1625,0,2,1,3.824,1,1,0,3,2,1,52,52,True,"[3,5,6]",web,False,2,False
2026-09-17T09:16:47.388+00:00,P02,62334b97-0df9-4445-bed2-bb42de30d000,dev_h8vfnf5f,13,38,759.79999999702,84,0,0,0,0,2,1,604800,1,1,0,0,2,0,7,7,True,"[1,2,3]",web,False,2,False
2026-09-17T09:16:54.419+00:00,P02,62334b97-0df9-4445-bed2-bb42de30d000,dev_h8vfnf5f,14,25,4690.70000000298,95.7000000067055,0,0,0,0,2,1,604800,1,1,0,0,2,1,60,60,True,"[3,6,5,4]",web,False,2,False
2026-09-17T09:16:57.779+00:00,P02,62334b97-0df9-4445-bed2-bb42de30d000,dev_h8vfnf5f,15,33,770.79999999702,110.85000000149,0,0,0,0,2,1,604800,1,1,0,0,2,0,3,3,True,"[1,2]",web,False,2,False
2026-09-17T09:17:03.395+00:00,P02,62334b97-0df9-4445-bed2-bb42de30d000,dev_h8vfnf5f,16,40,3188.10000000894,77.8249999955297,0,1,0.25,0,2,1,176.528,1,0,1,0,0,1,47,43,False,"[4,1,2,6]",web,False,2,False
2026-09-17T09:17:09.035+00:00,P02,62334b97-0df9-4445-bed2-bb42de30d000,dev_h8vfnf5f,17,40,3824.70000000298,58.5199999988079,1,0.5,0.1625,0,2,1,5.64,1,1,0,1,2,1,47,47,True,"[1,2,3,6,4]",web,False,2,False
2026-09-17T09:17:12.947+00:00,P02,62334b97-0df9-4445-bed2-bb42de30d000,dev_h8vfnf5f,18,17,1500.29999999702,92.1000000089407,0,0,0,0,2,1,604800,1,1,0,0,2,0,33,33,True,"[1,6]",web,False,2,False
2026-09-17T09:17:17.939+00:00,P02,62334b97-0df9-4445-bed2-bb42de30d000,dev_h8vfnf5f,19,42,2691.59999999404,66.6333333353202,0,1,0.25,0,2,1,114.215,1,2,0,0,2,1,19,19,True,"[1,2,5]",web,False,2,False
2026-09-17T09:17:31.227+00:00,P02,d620e812-a8a8-4d21-8c5e-8a82d88fe2da,dev_h8vfnf5f,0,35,1819.20000000298,79.3000000019868,0,0,0,0,2,1,604800,1,1,0,0,2,0,13,13,True,"[4,1,3]",web,False,2,False
2026-09-17T09:17:36.931+00:00,P02,d620e812-a8a8-4d21-8c5e-8a82d88fe2da,dev_h8vfnf5f,1,41,3282.70000000298,66.6333333303531,0,0,0,0,2,1,604800,1,1,0,0,2,1,14,14,True,"[3,2,4]",web,False,2,False
2026-09-17T09:17:40.819+00:00,P02,d620e812-a8a8-4d21-8c5e-8a82d88fe2da,dev_h8vfnf5f,2,37,1510.89999999106,49.8000000019868,0,0,0,0,2,1,604800,1,0,1,0,0,1,23,21,False,"[1,3,5]",web,False,2,False
2026-09-17T09:17:44.243+00:00,P02,d620e812-a8a8-4d21-8c5e-8a82d88fe2da,dev_h8vfnf5f,3,37,1609.79999999702,105.125000003725,1,0,0,0,2,1,3.424,1,1,0,1,2,1,23,23,True,"[1,2,5,3]",web,False,2,False
2026-09-17T09:17:49.379+00:00,P02,d620e812-a8a8-4d21-8c5e-8a82d88fe2da,dev_h8vfnf5f,4,15,2710.29999999702,116.56666666766,0,0,0,0,2,1,604800,1,1,0,0,2,1,44,44,True,"[3,6,4]",web,False,2,False
2026-09-17T09:17:53.979+00:00,P02,d620e812-a8a8-4d21-8c5e-8a82d88fe2da,dev_h8vfnf5f,5,34,1892,60.1000000014901,0,0,0,0,2,1,604800,1,0,1,0,0,1,24,39,False,"[1,2,3,6]",web,False,2,False
2026-09-17T09:17:57.731+00:00,P02,d620e812-a8a8-4d21-8c5e-8a82d88fe2da,dev_h8vfnf5f,6,34,1935.39999999106,75.2999999970198,1,0,0,0,2,1,3.752,1,0,2,1,1,1,24,40,False,"[4,6]",web,False,2,False
2026-09-17T09:18:16.883+00:00,P02,d620e812-a8a8-4d21-8c5e-8a82d88fe2da,dev_h8vfnf5f,7,34,17341.200000003,91.75,2,0,0,1,2,1,19.153,1,1,0,2,2,2,24,24,True,"[4,5]",web,False,2,False
2026-09-17T09:18:20.835+00:00,P02,d620e812-a8a8-4d21-8c5e-8a82d88fe2da,dev_h8vfnf5f,8,20,1525.5,132.29999999702,0,0,0,0,2,1,604800,1,1,0,0,2,0,18,18,True,"[2,5]",web,False,2,False
2026-09-17T09:18:28.603+00:00,P02,d620e812-a8a8-4d21-8c5e-8a82d88fe2da,dev_h8vfnf5f,9,40,5333,89.440000000596,0,0.666666666666667,0.371875,0,2,1,79.568,1,2,0,1,2,1,47,47,True,"[4,1,2,6,3]",web,False,2,False
2026-09-17T09:18:31.659+00:00,P02,d620e812-a8a8-4d21-8c5e-8a82d88fe2da,dev_h8vfnf5f,10,45,829.40000000596,135.40000000596,0,0,0,0,2,1,604800,1,0,1,0,0,1,54,26,False,"[5,2,4]",web,False,2,False
2026-09-17T09:18:35.507+00:00,P02,d620e812-a8a8-4d21-8c5e-8a82d88fe2da,dev_h8vfnf5f,11,45,2037,89.8800000011921,1,0,0,0,2,1,3.848,1,1,0,1,2,1,54,54,True,"[2,3,5,6]",web,False,2,False
2026-09-17T09:18:38.627+00:00,P02,d620e812-a8a8-4d21-8c5e-8a82d88fe2da,dev_h8vfnf5f,12,29,698.5,196.666666666667,0,1,0.25,0,2,1,227.56,1,0,1,0,0,1,46,21,False,"[1,5,3]",web,False,2,False
2026-09-17T09:18:42.731+00:00,P02,d620e812-a8a8-4d21-8c5e-8a82d88fe2da,dev_h8vfnf5f,13,29,2284.59999999404,71.7999999970198,1,0.5,0.1625,0,2,1,4.103,1,1,0,1,2,1,46,46,True,"[2,3,6,4]",web,False,2,False
2026-09-17T09:18:46.819+00:00,P02,d620e812-a8a8-4d21-8c5e-8a82d88fe2da,dev_h8vfnf5f,14,24,1649.29999999702,47.9000000022352,0,0,0,0,2,1,604800,1,0,1,0,0,1,63,15,False,"[1,4,2,3]",web,False,2,False
2026-09-17T09:18:50.963+00:00,P02,d620e812-a8a8-4d21-8c5e-8a82d88fe2da,dev_h8vfnf5f,15,24,2329.59999999404,55.8200000017881,1,0,0,0,2,1,4.143,1,0,2,1,1,1,63,55,False,"[1,2,3,6,5]",web,False,2,False
2026-09-17T09:18:56.203+00:00,P02,d620e812-a8a8-4d21-8c5e-8a82d88fe2da,dev_h8vfnf5f,16,24,3424.20000000298,93.2666666656733,2,0,0,1,2,1,5.241,1,1,0,2,2,2,63,63,True,"[1,2,3,6,5,4]",web,False,2,False
2026-09-17T09:18:56.71+00:00,P02,d620e812-a8a8-4d21-8c5e-8a82d88fe2da,dev_h8vfnf5f,17,24,3931.09999999404,93.2666666656733,3,0.333333333333333,0.25,1,2,1,0.507,2,2,0,2,2,2,63,63,True,"[1,2,3,6,5,4]",web,False,2,False
2026-09-17T09:18:56.738+00:00,P02,d620e812-a8a8-4d21-8c5e-8a82d88fe2da,dev_h8vfnf5f,18,24,3959.20000000298,93.2666666656733,4,0.5,0.4375,1,2,1,0.028,2,3,0,2,2,2,63,63,True,"[1,2,3,6,5,4]",web,False,2,False
2026-09-17T09:19:01.563+00:00,P02,d620e812-a8a8-4d21-8c5e-8a82d88fe2da,dev_h8vfnf5f,19,40,2392.90000000596,60.0200000017881,0,0.75,0.52890625,0,2,1,32.959,1,3,0,1,2,0,47,47,True,"[4,1,2,3,6]",web,False,2,False
2026-09-17T09:19:32.931+00:00,P02,1e1df24b-e891-47ba-bb18-6177cd48f871,dev_h8vfnf5f,0,46,1396.40000000596,76.6333333353202,0,0,0,0,3,1,604800,1,0,1,0,0,1,38,26,False,"[5,4,2]",web,False,2,False
2026-09-17T09:19:36.379+00:00,P02,1e1df24b-e891-47ba-bb18-6177cd48f871,dev_h8vfnf5f,1,46,1630.79999999702,79.6666666666667,1,0,0,0,3,1,3.449,1,0,2,1,1,1,38,42,False,"[2,4,6]",web,False,2,False
2026-09-17T09:19:39.771+00:00,P02,1e1df24b-e891-47ba-bb18-6177cd48f871,dev_h8vfnf5f,2,46,1586.60000000894,103.866666669647,2,0,0,1,3,1,3.392,1,1,0,2,2,2,38,38,True,"[2,3,6]",web,False,2,False
2026-09-17T09:19:44.691+00:00,P02,1e1df24b-e891-47ba-bb18-6177cd48f871,dev_h8vfnf5f,3,46,2536.40000000596,135.70000000298,0,0.333333333333333,0.25,0,3,1,4.92,2,0,1,2,0,1,38,10,False,"[2,4]",web,False,2,False
2026-09-17T09:19:48.795+00:00,P02,1e1df24b-e891-47ba-bb18-6177cd48f871,dev_h8vfnf5f,4,46,2292.80000001192,74.7333333343267,1,0.25,0.1625,0,3,1,4.103,1,1,0,3,2,1,38,38,True,"[2,3,6]",web,False,2,False
2026-09-17T09:20:03.531+00:00,P02,1e1df24b-e891-47ba-bb18-6177cd48f871,dev_h8vfnf5f,5,22,12396.599999994,112.900000002235,0,1,0.25,0,3,1,222.08,1,0,1,0,0,2,58,30,False,"[2,4,5,3]",web,False,2,False
2026-09-17T09:20:08.923+00:00,P02,1e1df24b-e891-47ba-bb18-6177cd48f871,dev_h8vfnf5f,6,22,3581.29999999702,125.75,1,0.5,0.1625,0,3,1,5.392,2,1,0,1,2,1,58,58,True,"[2,4,5,6]",web,False,2,False
2026-09-17T09:20:12.883+00:00,P02,1e1df24b-e891-47ba-bb18-6177cd48f871,dev_h8vfnf5f,7,12,1596.59999999404,149.175000000745,0,0,0,0,3,1,604800,1,0,1,0,0,1,40,45,False,"[1,4,3,6]",web,False,2,False
2026-09-17T09:20:17.419+00:00,P02,1e1df24b-e891-47ba-bb18-6177cd48f871,dev_h8vfnf5f,8,12,2730.60000000894,112.20000000298,1,0,0,0,3,1,4.536,1,1,0,1,2,1,40,40,True,"[4,6]",web,False,2,False
2026-09-17T09:20:21.395+00:00,P02,1e1df24b-e891-47ba-bb18-6177cd48f871,dev_h8vfnf5f,9,15,1568.40000000596,79.3333333333333,0,1,0.25,0,3,1,152.016,1,2,0,0,2,0,44,44,True,"[3,6,4]",web,False,2,False
2026-09-17T09:20:27.907+00:00,P02,1e1df24b-e891-47ba-bb18-6177cd48f871,dev_h8vfnf5f,10,48,3560.90000000596,87.2999999970198,0,0,0,0,3,1,604800,1,0,1,0,0,1,6,16,False,[5],web,False,2,False
2026-09-17T09:20:31.259+00:00,P02,1e1df24b-e891-47ba-bb18-6177cd48f871,dev_h8vfnf5f,11,48,1535.39999999106,293.29999999702,1,0,0,0,3,1,3.352,1,1,0,1,2,1,6,6,True,"[3,2]",web,False,2,False
2026-09-17T09:20:35.035+00:00,P02,1e1df24b-e891-47ba-bb18-6177cd48f871,dev_h8vfnf5f,12,6,1088.40000000596,90.000000004967,0,0,0,0,3,1,604800,1,0,1,0,0,1,23,22,False,"[5,2,3]",web,False,2,True
2026-09-17T09:20:39.995+00:00,P02,1e1df24b-e891-47ba-bb18-6177cd48f871,dev_h8vfnf5f,13,6,3149.70000000298,56.7750000022352,1,0,0,0,3,1,4.96,1,0,2,1,1,1,23,43,False,"[1,2,4,6]",web,False,2,True
2026-09-17T09:20:43.979+00:00,P02,1e1df24b-e891-47ba-bb18-6177cd48f871,dev_h8vfnf5f,14,6,2174.10000000894,105.925000000745,2,0,0,1,3,1,3.984,1,1,0,2,2,2,23,23,True,"[1,2,3,5]",web,False,2,True
2026-09-17T09:20:52.019+00:00,P02,1e1df24b-e891-47ba-bb18-6177cd48f871,dev_h8vfnf5f,15,43,5694.59999999404,68.5199999988079,0,0,0,0,3,1,604800,1,1,0,0,2,1,59,59,True,"[2,1,4,5,6]",web,False,2,False
2026-09-17T09:20:55.235+00:00,P02,1e1df24b-e891-47ba-bb18-6177cd48f871,dev_h8vfnf5f,16,11,948.800000011921,95.5,0,0,0,0,3,1,604800,1,1,0,0,2,0,5,5,True,"[1,3]",web,False,2,False
2026-09-17T09:21:01.651+00:00,P02,1e1df24b-e891-47ba-bb18-6177cd48f871,dev_h8vfnf5f,17,3,4185.10000000894,198.54999999702,0,1,0.4375,0,3,1,265.208,1,3,0,0,2,1,20,20,True,"[3,5]",web,False,2,True
2026-09-17T09:21:06.243+00:00,P02,1e1df24b-e891-47ba-bb18-6177cd48f871,dev_h8vfnf5f,18,20,2156.20000000298,134.10000000149,0,1,0.25,0,3,1,165.407,1,2,0,0,2,0,18,18,True,"[2,5]",web,False,2,False
2026-09-17T09:21:11.052+00:00,P02,1e1df24b-e891-47ba-bb18-6177cd48f871,dev_h8vfnf5f,19,27,2385.79999999702,113.425000000745,0,0,0,0,3,1,604800,1,1,0,0,2,0,57,57,True,"[1,4,5,6]",web,False,2,False
2026-09-17T09:21:37.403+00:00,P03,7a11ec29-ba57-4912-b305-adcacc6a93d4,dev_h8vfnf5f,0,49,336.90000000596,85.7000000029802,0,0,0,0,4,1,4164836.903,1,0,6,5,0,1,8,2,False,[2],web,False,2,False
2026-09-17T09:21:39.723+00:00,P03,7a11ec29-ba57-4912-b305-adcacc6a93d4,dev_h8vfnf5f,1,49,504.59999999404,151.70000000298,1,0,0,0,4,1,2.32,1,0,7,6,1,1,8,16,False,[5],web,False,2,False
2026-09-17T09:21:41.467+00:00,P03,7a11ec29-ba57-4912-b305-adcacc6a93d4,dev_h8vfnf5f,2,49,2248.39999999106,118.85000000149,2,0,0,0,4,1,1.743,1,0,8,7,1,2,8,24,False,"[5,4]",web,False,2,False
2026-09-17T09:21:45.691+00:00,P03,7a11ec29-ba57-4912-b305-adcacc6a93d4,dev_h8vfnf5f,3,49,2417.29999999702,99.0399999991059,3,0,0,2,4,1,4.225,2,1,0,8,2,2,8,8,True,[4],web,False,2,False
2026-09-17T09:21:51.907+00:00,P03,7a11ec29-ba57-4912-b305-adcacc6a93d4,dev_h8vfnf5f,4,25,3862.5,127.49999999702,0,1,0.25,0,4,1,4164860.223,2,0,1,0,0,1,60,61,False,"[3,6,5,4,1]",web,False,2,False
2026-09-17T09:21:54.875+00:00,P03,7a11ec29-ba57-4912-b305-adcacc6a93d4,dev_h8vfnf5f,5,25,1162.40000000596,95.9000000022352,1,0.5,0.1625,0,4,1,2.968,1,1,0,1,2,1,60,60,True,"[3,6,5,4]",web,False,2,False
2026-09-17T09:21:58.635+00:00,P03,7a11ec29-ba57-4912-b305-adcacc6a93d4,dev_h8vfnf5f,6,7,1512.59999999404,103.09999999404,0,1,0.4375,0,4,1,4164354.573,1,0,1,0,0,1,17,3,False,"[1,2]",web,False,2,True
2026-09-17T09:22:02.076+00:00,P03,7a11ec29-ba57-4912-b305-adcacc6a93d4,dev_h8vfnf5f,7,7,1635.70000000298,119.750000007451,1,0.666666666666667,0.284375,0,4,1,3.441,1,1,0,1,2,1,17,17,True,"[1,5]",web,False,2,True
2026-09-17T09:22:07.307+00:00,P03,7a11ec29-ba57-4912-b305-adcacc6a93d4,dev_h8vfnf5f,8,28,2882.5,133.466666663686,0,0,0,0,4,1,604800,1,1,0,0,2,1,25,25,True,"[1,4,5]",web,False,2,False
2026-09-17T09:22:10.939+00:00,P03,7a11ec29-ba57-4912-b305-adcacc6a93d4,dev_h8vfnf5f,9,28,1294.70000000298,145.966666663686,0,1,0.25,0,4,1,3.633,1,2,0,0,2,0,25,25,True,"[1,4,5]",web,False,2,False
2026-09-17T09:22:16.019+00:00,P03,7a11ec29-ba57-4912-b305-adcacc6a93d4,dev_h8vfnf5f,10,48,2134.29999999702,117.90000000596,0,0.5,0.4375,0,4,1,4164894.531,1,0,1,2,0,1,6,16,False,[5],web,False,2,False
2026-09-17T09:22:18.835+00:00,P03,7a11ec29-ba57-4912-b305-adcacc6a93d4,dev_h8vfnf5f,11,48,1009.70000000298,174.59999999404,1,0.4,0.284375,0,4,1,2.816,1,0,2,3,1,1,6,4,False,[3],web,False,2,False
2026-09-17T09:22:23.05+00:00,P03,7a11ec29-ba57-4912-b305-adcacc6a93d4,dev_h8vfnf5f,12,48,2408.20000000298,159.80000000447,2,0.333333333333333,0.18484375,1,4,1,4.215,1,1,0,4,2,2,6,6,True,"[2,3]",web,False,2,False
2026-09-17T09:22:28.819+00:00,P03,7a11ec29-ba57-4912-b305-adcacc6a93d4,dev_h8vfnf5f,13,25,3414,85.7249999977648,0,0.666666666666667,0.371875,0,4,1,33.945,1,2,0,1,2,1,60,60,True,"[3,6,5,4]",web,False,2,False
2026-09-17T09:22:31.667+00:00,P03,7a11ec29-ba57-4912-b305-adcacc6a93d4,dev_h8vfnf5f,14,11,562.800000011921,66.5999999940395,0,0,0,0,4,1,604800,1,1,0,0,2,0,5,5,True,"[1,3]",web,False,2,False
2026-09-17T09:22:34.41+00:00,P03,7a11ec29-ba57-4912-b305-adcacc6a93d4,dev_h8vfnf5f,15,1,526.40000000596,103.35000000149,0,1,0.25,0,4,1,4164864.351,1,0,1,0,0,1,28,5,False,"[1,3]",web,False,2,True
2026-09-17T09:22:42.514+00:00,P03,7a11ec29-ba57-4912-b305-adcacc6a93d4,dev_h8vfnf5f,16,1,6288.09999999404,147.8333333383,1,0.5,0.1625,0,4,1,8.104,1,1,0,1,2,2,28,28,True,"[4,3,5]",web,False,2,True
2026-09-17T09:22:43.019+00:00,P03,7a11ec29-ba57-4912-b305-adcacc6a93d4,dev_h8vfnf5f,17,1,6792.79999999702,147.8333333383,2,0.666666666666667,0.371875,0,4,1,0.505,2,2,0,1,2,2,28,28,True,"[4,3,5]",web,False,2,True
2026-09-17T09:22:43.052+00:00,P03,7a11ec29-ba57-4912-b305-adcacc6a93d4,dev_h8vfnf5f,18,1,6826,147.8333333383,3,0.75,0.52890625,0,4,1,0.033,2,3,0,1,2,2,28,28,True,"[4,3,5]",web,False,2,True
2026-09-17T09:22:43.089+00:00,P03,7a11ec29-ba57-4912-b305-adcacc6a93d4,dev_h8vfnf5f,19,1,6862.79999999702,147.8333333383,4,0.8,0.6466796875,0,4,1,0.037,2,4,0,1,2,2,28,28,True,"[4,3,5]",web,False,2,True
2026-09-17T09:22:43.133+00:00,P03,7a11ec29-ba57-4912-b305-adcacc6a93d4,dev_h8vfnf5f,20,1,6906.40000000596,147.8333333383,5,0.833333333333333,0.735009765625,0,4,1,0.044,2,5,0,1,2,2,28,28,True,"[4,3,5]",web,False,2,True
2026-09-17T09:22:43.15+00:00,P03,7a11ec29-ba57-4912-b305-adcacc6a93d4,dev_h8vfnf5f,21,1,6924.09999999404,147.8333333383,6,0.857142857142857,0.80125732421875,0,4,1,0.017,2,6,0,1,2,2,28,28,True,"[4,3,5]",web,False,2,True
2026-09-17T09:22:43.193+00:00,P03,7a11ec29-ba57-4912-b305-adcacc6a93d4,dev_h8vfnf5f,22,1,6966.70000000298,147.8333333383,7,0.875,0.850942993164063,0,4,1,0.043,2,7,0,1,2,2,28,28,True,"[4,3,5]",web,False,2,True
2026-09-17T09:22:43.223+00:00,P03,7a11ec29-ba57-4912-b305-adcacc6a93d4,dev_h8vfnf5f,23,1,6996.40000000596,147.8333333383,8,0.888888888888889,0.888207244873047,0,4,1,0.03,2,8,0,1,2,2,28,28,True,"[4,3,5]",web,False,2,True
2026-09-17T09:22:43.262+00:00,P03,7a11ec29-ba57-4912-b305-adcacc6a93d4,dev_h8vfnf5f,24,1,7036.20000000298,147.8333333383,9,0.9,0.916155433654785,0,4,1,0.039,2,9,0,1,2,2,28,28,True,"[4,3,5]",web,False,2,True
2026-09-17T09:22:43.282+00:00,P03,7a11ec29-ba57-4912-b305-adcacc6a93d4,dev_h8vfnf5f,25,1,7055.90000000596,147.8333333383,10,0.909090909090909,0.937116575241089,0,4,1,0.02,2,10,0,1,2,2,28,28,True,"[4,3,5]",web,False,2,True
2026-09-17T09:22:43.326+00:00,P03,7a11ec29-ba57-4912-b305-adcacc6a93d4,dev_h8vfnf5f,26,1,7099.40000000596,147.8333333383,11,0.916666666666667,0.952837431430817,0,4,1,0.043,2,11,0,1,2,2,28,28,True,"[4,3,5]",web,False,2,True
2026-09-17T09:22:43.362+00:00,P03,7a11ec29-ba57-4912-b305-adcacc6a93d4,dev_h8vfnf5f,27,1,7136,147.8333333383,12,0.923076923076923,0.964628073573113,0,4,1,0.037,2,12,0,1,2,2,28,28,True,"[4,3,5]",web,False,2,True
2026-09-17T09:22:43.393+00:00,P03,7a11ec29-ba57-4912-b305-adcacc6a93d4,dev_h8vfnf5f,28,1,7166.40000000596,147.8333333383,13,0.928571428571429,0.973471055179834,0,4,1,0.031,2,13,0,1,2,2,28,28,True,"[4,3,5]",web,False,2,True
2026-09-17T09:22:43.422+00:00,P03,7a11ec29-ba57-4912-b305-adcacc6a93d4,dev_h8vfnf5f,29,1,7196,147.8333333383,14,0.933333333333333,0.980103291384876,0,4,1,0.029,2,14,0,1,2,2,28,28,True,"[4,3,5]",web,False,2,True
2026-09-17T09:22:43.462+00:00,P03,7a11ec29-ba57-4912-b305-adcacc6a93d4,dev_h8vfnf5f,30,1,7236,147.8333333383,15,0.9375,0.985077468538657,0,4,1,0.04,2,15,0,1,2,2,28,28,True,"[4,3,5]",web,False,2,True
2026-09-17T09:22:43.485+00:00,P03,7a11ec29-ba57-4912-b305-adcacc6a93d4,dev_h8vfnf5f,31,1,7258.29999999702,147.8333333383,16,0.941176470588235,0.988808101403993,0,4,1,0.022,2,16,0,1,2,2,28,28,True,"[4,3,5]",web,False,2,True
2026-09-17T09:22:43.522+00:00,P03,7a11ec29-ba57-4912-b305-adcacc6a93d4,dev_h8vfnf5f,32,1,7296,147.8333333383,17,0.944444444444444,0.991606076052995,0,4,1,0.038,2,17,0,1,2,2,28,28,True,"[4,3,5]",web,False,2,True
2026-09-17T09:22:43.546+00:00,P03,7a11ec29-ba57-4912-b305-adcacc6a93d4,dev_h8vfnf5f,33,1,7319.59999999404,147.8333333383,18,0.947368421052632,0.993704557039746,0,4,1,0.024,2,18,0,1,2,2,28,28,True,"[4,3,5]",web,False,2,True
2026-09-17T09:23:01.643+00:00,P03,bfbd2abf-54cb-4651-844e-3a57d7226dcb,dev_h8vfnf5f,0,8,1445.5,82.75,0,0.666666666666667,0.622685546875,0,4,1,4164446.999,1,4,0,2,2,0,12,12,True,"[4,3]",web,False,2,True
2026-09-17T09:23:06.411+00:00,P03,bfbd2abf-54cb-4651-844e-3a57d7226dcb,dev_h8vfnf5f,1,34,2333.20000000298,79.0499999970198,0,0,0,0,4,1,604800,1,0,1,0,0,1,24,39,False,"[1,2,3,6]",web,False,2,False
2026-09-17T09:23:12.003+00:00,P03,bfbd2abf-54cb-4651-844e-3a57d7226dcb,dev_h8vfnf5f,2,34,3787.39999999106,93.4666666686535,1,0,0,0,4,1,5.592,1,0,2,1,1,1,24,56,False,"[4,6,5]",web,False,2,False
2026-09-17T09:23:15.699+00:00,P03,bfbd2abf-54cb-4651-844e-3a57d7226dcb,dev_h8vfnf5f,3,34,1886.70000000298,180.09999999404,2,0,0,1,4,1,3.695,1,1,0,2,2,2,24,24,True,"[4,5]",web,False,2,False
2026-09-17T09:23:20.884+00:00,P03,bfbd2abf-54cb-4651-844e-3a57d7226dcb,dev_h8vfnf5f,4,24,2725.29999999702,70.0800000011921,0,0,0,0,4,1,604800,1,0,1,0,0,1,63,61,False,"[3,1,4,5,6]",web,False,2,False
2026-09-17T09:23:25.315+00:00,P03,bfbd2abf-54cb-4651-844e-3a57d7226dcb,dev_h8vfnf5f,5,24,2623,302.366666667163,1,0,0,0,4,1,4.432,1,1,0,1,2,1,63,63,True,"[1,2,3,6,5,4]",web,False,2,False
2026-09-17T09:23:25.816+00:00,P03,bfbd2abf-54cb-4651-844e-3a57d7226dcb,dev_h8vfnf5f,6,24,3123.90000000596,302.366666667163,2,0.5,0.25,0,4,1,0.501,1,2,0,1,2,2,63,63,True,"[1,2,3,6,5,4]",web,False,2,False
2026-09-17T09:23:25.844+00:00,P03,bfbd2abf-54cb-4651-844e-3a57d7226dcb,dev_h8vfnf5f,7,24,3151.70000000298,302.366666667163,3,0.666666666666667,0.4375,0,4,1,0.028,2,3,0,1,2,2,63,63,True,"[1,2,3,6,5,4]",web,False,2,False
2026-09-17T09:23:25.886+00:00,P03,bfbd2abf-54cb-4651-844e-3a57d7226dcb,dev_h8vfnf5f,8,24,3193.90000000596,302.366666667163,4,0.75,0.578125,0,4,1,0.042,2,4,0,1,2,2,63,63,True,"[1,2,3,6,5,4]",web,False,2,False
2026-09-17T09:23:25.927+00:00,P03,bfbd2abf-54cb-4651-844e-3a57d7226dcb,dev_h8vfnf5f,9,24,3234.5,302.366666667163,5,0.8,0.68359375,0,4,1,0.04,2,5,0,1,2,2,63,63,True,"[1,2,3,6,5,4]",web,False,2,False
2026-09-17T09:23:25.946+00:00,P03,bfbd2abf-54cb-4651-844e-3a57d7226dcb,dev_h8vfnf5f,10,24,3253.5,302.366666667163,6,0.833333333333333,0.7626953125,0,4,1,0.019,2,6,0,1,2,2,63,63,True,"[1,2,3,6,5,4]",web,False,2,False
2026-09-17T09:23:25.987+00:00,P03,bfbd2abf-54cb-4651-844e-3a57d7226dcb,dev_h8vfnf5f,11,24,3294.60000000894,302.366666667163,7,0.857142857142857,0.822021484375,0,4,1,0.042,2,7,0,1,2,2,63,63,True,"[1,2,3,6,5,4]",web,False,2,False
2026-09-17T09:23:26.016+00:00,P03,bfbd2abf-54cb-4651-844e-3a57d7226dcb,dev_h8vfnf5f,12,24,3324.40000000596,302.366666667163,8,0.875,0.86651611328125,0,4,1,0.029,2,8,0,1,2,2,63,63,True,"[1,2,3,6,5,4]",web,False,2,False
2026-09-17T09:23:26.056+00:00,P03,bfbd2abf-54cb-4651-844e-3a57d7226dcb,dev_h8vfnf5f,13,24,3364.40000000596,302.366666667163,9,0.888888888888889,0.899887084960938,0,4,1,0.04,2,9,0,1,2,2,63,63,True,"[1,2,3,6,5,4]",web,False,2,False
2026-09-17T09:23:26.08+00:00,P03,bfbd2abf-54cb-4651-844e-3a57d7226dcb,dev_h8vfnf5f,14,24,3387.60000000894,302.366666667163,10,0.9,0.924915313720703,0,4,1,0.023,2,10,0,1,2,2,63,63,True,"[1,2,3,6,5,4]",web,False,2,False
2026-09-17T09:23:26.112+00:00,P03,bfbd2abf-54cb-4651-844e-3a57d7226dcb,dev_h8vfnf5f,15,24,3420.10000000894,302.366666667163,11,0.909090909090909,0.943686485290527,0,4,1,0.033,2,11,0,1,2,2,63,63,True,"[1,2,3,6,5,4]",web,False,2,False
2026-09-17T09:23:26.147+00:00,P03,bfbd2abf-54cb-4651-844e-3a57d7226dcb,dev_h8vfnf5f,16,24,3454.90000000596,302.366666667163,12,0.916666666666667,0.957764863967896,0,4,1,0.035,2,12,0,1,2,2,63,63,True,"[1,2,3,6,5,4]",web,False,2,False
2026-09-17T09:23:26.173+00:00,P03,bfbd2abf-54cb-4651-844e-3a57d7226dcb,dev_h8vfnf5f,17,24,3480.60000000894,302.366666667163,13,0.923076923076923,0.968323647975922,0,4,1,0.025,2,13,0,1,2,2,63,63,True,"[1,2,3,6,5,4]",web,False,2,False
2026-09-17T09:23:26.213+00:00,P03,bfbd2abf-54cb-4651-844e-3a57d7226dcb,dev_h8vfnf5f,18,24,3520.5,302.366666667163,14,0.928571428571429,0.976242735981941,0,4,1,0.04,2,14,0,1,2,2,63,63,True,"[1,2,3,6,5,4]",web,False,2,False
2026-09-17T09:23:31.803+00:00,P03,bfbd2abf-54cb-4651-844e-3a57d7226dcb,dev_h8vfnf5f,19,26,3286,205.600000003974,0,0,0,0,4,1,604800,1,0,1,0,0,1,30,11,False,"[1,4,2]",web,False,2,False
2026-09-17T09:26:59.907+00:00,P02,764aeb7c-890f-4f5b-a9ad-0b412b0ecb8d,dev_h8vfnf5f,0,34,54171.3000000119,116.20000000298,0,0.333333333333333,0.25,0,5,1,523.023,2,0,1,2,0,2,24,2,False,[2],web,False,2,False
2026-09-17T09:27:15.963+00:00,P02,764aeb7c-890f-4f5b-a9ad-0b412b0ecb8d,dev_h8vfnf5f,1,34,14247.599999994,55.375,1,0.25,0.1625,0,5,1,16.057,2,0,2,3,1,2,24,39,False,"[1,2,3,6]",web,False,2,False
2026-09-17T09:27:22.091+00:00,P02,764aeb7c-890f-4f5b-a9ad-0b412b0ecb8d,dev_h8vfnf5f,2,34,4314.79999999702,63.6499999985099,2,0.2,0.105625,1,5,1,6.128,2,1,0,4,2,2,24,24,True,"[4,5]",web,False,2,False
2026-09-17T09:27:29.148+00:00,P02,764aeb7c-890f-4f5b-a9ad-0b412b0ecb8d,dev_h8vfnf5f,3,13,4697.79999999702,142.64999999851,0,0,0,0,5,1,604800,1,0,1,0,0,1,27,48,False,"[6,5]",web,False,2,False
2026-09-17T09:27:34.011+00:00,P02,764aeb7c-890f-4f5b-a9ad-0b412b0ecb8d,dev_h8vfnf5f,4,13,3043.70000000298,132.324999999255,1,0,0,0,5,1,4.864,1,1,0,1,2,1,27,27,True,"[1,2,4,5]",web,False,2,False
2026-09-17T09:27:56.387+00:00,P02,764aeb7c-890f-4f5b-a9ad-0b412b0ecb8d,dev_h8vfnf5f,5,2,20157.900000006,138.69999999553,0,0,0,0,5,1,604800,1,1,0,0,2,2,10,10,True,"[4,2]",web,False,2,True
2026-09-17T09:28:07.572+00:00,P02,764aeb7c-890f-4f5b-a9ad-0b412b0ecb8d,dev_h8vfnf5f,6,23,8806.79999999702,116.899999991059,0,1,0.4375,0,5,1,725.968,1,0,1,0,0,2,43,16,False,[5],web,False,2,False
2026-09-17T09:28:12.603+00:00,P02,764aeb7c-890f-4f5b-a9ad-0b412b0ecb8d,dev_h8vfnf5f,7,23,3226.30000001192,71.75,1,0.666666666666667,0.284375,0,5,1,5.031,2,1,0,1,2,1,43,43,True,"[1,2,4,6]",web,False,2,False
2026-09-17T09:28:31.204+00:00,P02,764aeb7c-890f-4f5b-a9ad-0b412b0ecb8d,dev_h8vfnf5f,8,21,16338.6000000089,68.5999999940395,0,1,0.4375,0,5,1,758.528,1,0,1,0,0,2,62,16,False,[5],web,False,2,False
2026-09-17T09:28:36.803+00:00,P02,764aeb7c-890f-4f5b-a9ad-0b412b0ecb8d,dev_h8vfnf5f,9,21,3789.40000000596,70.0199999988079,1,0.666666666666667,0.284375,0,5,1,5.6,2,1,0,1,2,1,62,62,True,"[2,3,4,5,6]",web,False,2,False
2026-09-17T09:28:43.411+00:00,P02,764aeb7c-890f-4f5b-a9ad-0b412b0ecb8d,dev_h8vfnf5f,10,13,4251.89999999106,141.050000000745,0,0.5,0.25,0,5,1,69.399,1,2,0,1,2,1,27,27,True,"[1,4,2,5]",web,False,2,False
2026-09-17T09:28:49.267+00:00,P02,764aeb7c-890f-4f5b-a9ad-0b412b0ecb8d,dev_h8vfnf5f,11,0,3647.79999999702,111.79999999702,0,1,0.4375,0,5,1,742.216,1,3,0,0,2,1,1,1,True,[1],web,False,2,True
2026-09-17T09:28:57.995+00:00,P02,764aeb7c-890f-4f5b-a9ad-0b412b0ecb8d,dev_h8vfnf5f,12,5,6496.69999998808,60.0333333363136,0,1,0.25,0,5,1,875.696,1,0,1,0,0,2,51,35,False,"[1,2,6]",web,False,2,True
2026-09-17T09:29:01.106+00:00,P02,764aeb7c-890f-4f5b-a9ad-0b412b0ecb8d,dev_h8vfnf5f,13,5,1295.90000000596,65.5000000037253,1,0.5,0.1625,0,5,1,3.111,2,1,0,1,2,1,51,51,True,"[1,2,5,6]",web,False,2,True
2026-09-17T09:29:11.211+00:00,P02,764aeb7c-890f-4f5b-a9ad-0b412b0ecb8d,dev_h8vfnf5f,14,38,7731.89999999106,60.4000000009934,0,1,0.25,0,5,1,743.822,1,2,0,0,2,2,7,7,True,"[1,2,3]",web,False,2,False
2026-09-17T09:29:20.939+00:00,P02,764aeb7c-890f-4f5b-a9ad-0b412b0ecb8d,dev_h8vfnf5f,15,19,7260.19999998808,116.833333333333,0,0.4,0.371875,0,5,1,756.688,1,0,1,3,0,2,52,50,False,"[2,5,6]",web,False,2,False
2026-09-17T09:29:24.507+00:00,P02,764aeb7c-890f-4f5b-a9ad-0b412b0ecb8d,dev_h8vfnf5f,16,19,1758.69999998808,57.7999999970198,1,0.333333333333333,0.24171875,0,5,1,3.568,2,1,0,4,2,1,52,52,True,"[3,5,6]",web,False,2,False
2026-09-17T09:29:36.947+00:00,P02,764aeb7c-890f-4f5b-a9ad-0b412b0ecb8d,dev_h8vfnf5f,17,6,10088.400000006,52.2333333343267,0,0.333333333333333,0.25,0,5,1,532.968,2,0,1,2,0,2,23,25,False,"[1,5,4]",web,False,2,True
2026-09-17T09:29:42.043+00:00,P02,764aeb7c-890f-4f5b-a9ad-0b412b0ecb8d,dev_h8vfnf5f,18,6,3282.10000000894,62.0749999955297,1,0.25,0.1625,0,5,1,5.095,2,1,0,3,2,1,23,23,True,"[1,2,3,5]",web,False,2,True
2026-09-17T09:29:53.011+00:00,P02,764aeb7c-890f-4f5b-a9ad-0b412b0ecb8d,dev_h8vfnf5f,19,35,8632.90000000596,106.95000000298,0,1,0.25,0,5,1,741.784,1,0,1,0,0,2,13,18,False,"[2,5]",web,False,2,False
2026-09-17T09:30:16.147+00:00,P02,e2322e2c-95a9-4ab1-ac53-c8fba5f22e46,dev_h8vfnf5f,0,1,4114,87.3666666696469,0,0,0,0,5,1,604800,1,1,0,0,2,1,28,28,True,"[4,5,3]",web,False,2,True
2026-09-17T09:30:24.435+00:00,P02,e2322e2c-95a9-4ab1-ac53-c8fba5f22e46,dev_h8vfnf5f,1,49,5101.69999998808,36.9000000059605,0,0.333333333333333,0.25,0,5,1,966.712,2,0,1,2,0,1,8,32,False,[6],web,False,2,False
2026-09-17T09:30:29.067+00:00,P02,e2322e2c-95a9-4ab1-ac53-c8fba5f22e46,dev_h8vfnf5f,2,49,2817.19999998808,56.2000000029802,1,0.25,0.1625,0,5,1,4.632,1,1,0,3,2,1,8,8,True,[4],web,False,2,False
2026-09-17T09:30:38.907+00:00,P02,e2322e2c-95a9-4ab1-ac53-c8fba5f22e46,dev_h8vfnf5f,3,6,7473.90000000596,95.1999999980132,0,0.4,0.371875,0,5,1,56.864,1,0,1,3,0,2,23,21,False,"[1,5,3]",web,False,2,True
2026-09-17T09:30:43.355+00:00,P02,e2322e2c-95a9-4ab1-ac53-c8fba5f22e46,dev_h8vfnf5f,4,6,2641.40000000596,78.5500000044703,1,0.333333333333333,0.24171875,0,5,1,4.448,2,1,0,4,2,1,23,23,True,"[1,2,3,5]",web,False,2,True
2026-09-17T09:30:56.115+00:00,P02,e2322e2c-95a9-4ab1-ac53-c8fba5f22e46,dev_h8vfnf5f,5,34,10322.400000006,58.2499999925494,0,0.333333333333333,0.32921875,0,5,1,214.024,2,0,1,4,0,2,24,10,False,"[4,2]",web,False,2,False
2026-09-17T09:31:04.395+00:00,P02,e2322e2c-95a9-4ab1-ac53-c8fba5f22e46,dev_h8vfnf5f,6,34,6468,150.39999999851,1,0.285714285714286,0.2139921875,0,5,1,8.28,2,0,2,5,1,2,24,18,False,"[2,5]",web,False,2,False
2026-09-17T09:31:08.203+00:00,P02,e2322e2c-95a9-4ab1-ac53-c8fba5f22e46,dev_h8vfnf5f,7,34,1995.5,75.5499999970198,2,0.25,0.139094921875,1,5,1,3.808,2,1,0,6,2,2,24,24,True,"[4,5]",web,False,2,False
2026-09-17T09:31:23.683+00:00,P02,e2322e2c-95a9-4ab1-ac53-c8fba5f22e46,dev_h8vfnf5f,8,23,13110.700000003,103.233333339294,0,0.75,0.46328125,0,5,1,191.08,1,0,1,1,0,2,43,21,False,"[1,5,3]",web,False,2,False
2026-09-17T09:31:28.987+00:00,P02,e2322e2c-95a9-4ab1-ac53-c8fba5f22e46,dev_h8vfnf5f,9,23,3484.20000000298,87.9999999925494,1,0.6,0.3011328125,0,5,1,5.304,2,1,0,2,2,1,43,43,True,"[1,2,4,6]",web,False,2,False
2026-09-17T09:31:45.051+00:00,P02,e2322e2c-95a9-4ab1-ac53-c8fba5f22e46,dev_h8vfnf5f,10,4,13841.700000003,102.125,0,1,0.25,0,5,1,989.158,1,0,1,0,0,2,37,14,False,"[2,4,3]",web,False,2,True
2026-09-17T09:31:47.874+00:00,P02,e2322e2c-95a9-4ab1-ac53-c8fba5f22e46,dev_h8vfnf5f,11,4,1018.79999999702,83.7999999970198,1,0.5,0.1625,0,5,1,2.824,2,0,2,1,1,1,37,36,False,"[3,6]",web,False,2,True
2026-09-17T09:31:54.371+00:00,P02,e2322e2c-95a9-4ab1-ac53-c8fba5f22e46,dev_h8vfnf5f,12,4,4679.09999999404,93.5999999940395,2,0.333333333333333,0.105625,1,5,1,6.497,1,1,0,2,2,2,37,37,True,"[1,3,6]",web,False,2,True
2026-09-17T09:32:07.611+00:00,P02,e2322e2c-95a9-4ab1-ac53-c8fba5f22e46,dev_h8vfnf5f,13,21,10986.6999999881,84.4799999982119,0,0.75,0.46328125,0,5,1,210.808,1,2,0,1,2,2,62,62,True,"[2,3,4,5,6]",web,False,2,False
2026-09-17T09:32:18.571+00:00,P02,e2322e2c-95a9-4ab1-ac53-c8fba5f22e46,dev_h8vfnf5f,14,29,8515.70000000298,134.54999999702,0,0.666666666666667,0.371875,0,5,1,815.84,1,0,1,1,0,2,46,17,False,"[1,5]",web,False,2,False
2026-09-17T09:32:22.507+00:00,P02,e2322e2c-95a9-4ab1-ac53-c8fba5f22e46,dev_h8vfnf5f,15,29,2117.40000000596,98.0250000022352,1,0.5,0.24171875,0,5,1,3.935,2,1,0,2,2,1,46,46,True,"[2,3,4,6]",web,False,2,False
2026-09-17T09:32:34.123+00:00,P02,e2322e2c-95a9-4ab1-ac53-c8fba5f22e46,dev_h8vfnf5f,16,45,9406.60000000894,154.44999999553,0,0.5,0.25,0,5,1,838.615,1,0,1,1,0,2,54,34,False,"[2,6]",web,False,2,False
2026-09-17T09:32:49.675+00:00,P02,e2322e2c-95a9-4ab1-ac53-c8fba5f22e46,dev_h8vfnf5f,17,45,13747.900000006,77.8,1,0.333333333333333,0.1625,0,5,1,15.553,2,0,2,2,1,2,54,55,False,"[2,1,3,5,6]",web,False,2,False
2026-09-17T09:32:54.939+00:00,P02,e2322e2c-95a9-4ab1-ac53-c8fba5f22e46,dev_h8vfnf5f,18,45,3454.69999998808,88.0249999985099,2,0.25,0.105625,1,5,1,5.264,2,1,0,3,2,2,54,54,True,"[2,3,5,6]",web,False,2,False
2026-09-17T09:32:59.674+00:00,P02,e2322e2c-95a9-4ab1-ac53-c8fba5f22e46,dev_h8vfnf5f,19,1,2534.10000000894,55.4333333323399,0,1,0.25,0,5,1,163.528,1,2,0,0,2,1,28,28,True,"[4,5,3]",web,False,2,True
2026-09-17T09:33:25.563+00:00,P02,0393b35f-0546-4a6c-89b0-9e82acc09fca,dev_h8vfnf5f,0,17,7174.69999998808,166.75,0,1,0.25,0,6,1,972.616,1,2,0,0,2,2,33,33,True,"[1,6]",web,False,2,False
2026-09-17T09:33:31.027+00:00,P02,0393b35f-0546-4a6c-89b0-9e82acc09fca,dev_h8vfnf5f,1,18,3017.5,101.433333327373,0,1,0.25,0,6,1,1017.902,1,2,0,0,2,1,26,26,True,"[4,5,2]",web,False,2,False
2026-09-17T09:33:38.763+00:00,P02,0393b35f-0546-4a6c-89b0-9e82acc09fca,dev_h8vfnf5f,2,34,5294.20000000298,81.3500000052154,0,0.333333333333333,0.35432119140625,0,6,1,150.56,2,0,1,6,0,1,24,39,False,"[1,2,3,6]",web,False,2,False
2026-09-17T09:33:41.698+00:00,P02,0393b35f-0546-4a6c-89b0-9e82acc09fca,dev_h8vfnf5f,3,34,1130.10000000894,122.89999999851,1,0.3,0.230308774414063,0,6,1,2.935,1,0,2,7,1,1,24,18,False,"[2,5]",web,False,2,False
2026-09-17T09:33:46.482+00:00,P02,0393b35f-0546-4a6c-89b0-9e82acc09fca,dev_h8vfnf5f,4,34,2975.20000000298,95.9500000029802,2,0.272727272727273,0.149700703369141,1,6,1,4.784,1,1,0,8,2,2,24,24,True,"[4,5]",web,False,2,False
2026-09-17T09:33:53.026+00:00,P02,0393b35f-0546-4a6c-89b0-9e82acc09fca,dev_h8vfnf5f,5,14,4118.19999998808,92.2333333293597,0,1,0.25,0,6,1,1146.407,1,2,0,0,2,1,35,35,True,"[1,2,6]",web,False,2,False
2026-09-17T09:34:00.507+00:00,P02,0393b35f-0546-4a6c-89b0-9e82acc09fca,dev_h8vfnf5f,6,32,5058.30000001192,89.3999999960264,0,0,0,0,6,1,1112.055,1,0,2,1,0,1,11,22,False,"[2,3,5]",web,False,2,False
2026-09-17T09:34:05.459+00:00,P02,0393b35f-0546-4a6c-89b0-9e82acc09fca,dev_h8vfnf5f,7,32,3148.29999999702,91.3000000044703,1,0,0,0,6,1,4.952,1,0,3,2,1,1,11,3,False,"[1,2]",web,False,2,False
2026-09-17T09:34:11.002+00:00,P02,0393b35f-0546-4a6c-89b0-9e82acc09fca,dev_h8vfnf5f,8,32,3731.5,92.7666666656733,2,0,0,1,6,1,5.543,1,1,0,3,2,2,11,11,True,"[1,2,4]",web,False,2,False
2026-09-17T09:34:20.731+00:00,P02,0393b35f-0546-4a6c-89b0-9e82acc09fca,dev_h8vfnf5f,9,47,6902.69999998808,44.1000000089407,0,0.333333333333333,0.25,0,6,1,1187.383,2,0,1,2,0,2,48,8,False,[4],web,False,2,False
2026-09-17T09:34:32.124+00:00,P02,0393b35f-0546-4a6c-89b0-9e82acc09fca,dev_h8vfnf5f,10,47,9585.79999999702,147.249999992549,1,0.25,0.1625,0,6,1,11.393,2,1,0,3,2,2,48,48,True,"[5,6]",web,False,2,False
2026-09-17T09:34:46.771+00:00,P02,0393b35f-0546-4a6c-89b0-9e82acc09fca,dev_h8vfnf5f,11,31,12382.5,113.599999997765,0,0,0,0,6,1,604800,1,1,0,0,2,2,15,15,True,"[1,2,3,4]",web,False,2,False
2026-09-17T09:34:56.403+00:00,P02,0393b35f-0546-4a6c-89b0-9e82acc09fca,dev_h8vfnf5f,12,41,7206.70000000298,116.633333330353,0,1,0.25,0,6,1,1039.472,1,2,0,0,2,2,14,14,True,"[2,3,4]",web,False,2,False
2026-09-17T09:35:00.523+00:00,P02,0393b35f-0546-4a6c-89b0-9e82acc09fca,dev_h8vfnf5f,13,11,1846.29999999702,110.69999999553,0,1,0.25,0,6,1,845.288,1,0,1,0,0,1,5,17,False,"[1,5]",web,False,2,False
2026-09-17T09:35:05.379+00:00,P02,0393b35f-0546-4a6c-89b0-9e82acc09fca,dev_h8vfnf5f,14,11,3048.69999998808,96.25,1,0.5,0.1625,0,6,1,4.856,1,1,0,1,2,1,5,5,True,"[1,3]",web,False,2,False
2026-09-17T09:35:19.467+00:00,P02,0393b35f-0546-4a6c-89b0-9e82acc09fca,dev_h8vfnf5f,15,46,11670.1000000089,101.09999999404,0,0.4,0.371875,0,6,1,930.672,1,0,1,3,0,2,38,16,False,[5],web,False,2,False
2026-09-17T09:35:25.027+00:00,P02,0393b35f-0546-4a6c-89b0-9e82acc09fca,dev_h8vfnf5f,16,46,3750.20000000298,208.066666662693,1,0.333333333333333,0.24171875,0,6,1,5.559,2,1,0,4,2,1,38,38,True,"[2,3,6]",web,False,2,False
2026-09-17T09:36:08.739+00:00,P02,0393b35f-0546-4a6c-89b0-9e82acc09fca,dev_h8vfnf5f,17,2,41498,166.5,0,1,0.25,0,6,1,492.352,2,2,0,0,2,2,10,10,True,"[2,4]",web,False,2,True
2026-09-17T09:36:15.931+00:00,P02,0393b35f-0546-4a6c-89b0-9e82acc09fca,dev_h8vfnf5f,18,8,4907.60000000894,103.39999999851,0,0,0,0,6,1,604800,1,1,0,0,2,1,12,12,True,"[3,4]",web,False,2,True
2026-09-17T09:36:27.123+00:00,P02,0393b35f-0546-4a6c-89b0-9e82acc09fca,dev_h8vfnf5f,19,12,8839.30000001192,186.10000000149,0,0.5,0.25,0,6,1,969.704,1,0,1,1,0,2,40,5,False,"[1,3]",web,False,2,False
2026-09-17T09:37:01.954+00:00,P02,f1ece347-163d-488b-8884-9a4cc0227ff4,dev_h8vfnf5f,0,38,3451.70000000298,84.6333333353202,0,1,0.4375,0,7,1,470.743,2,3,0,0,2,1,7,7,True,"[1,2,3]",web,False,2,False
2026-09-17T09:37:07.659+00:00,P02,f1ece347-163d-488b-8884-9a4cc0227ff4,dev_h8vfnf5f,1,8,3375.90000000596,111.64999999851,0,1,0.25,0,7,1,51.728,1,2,0,0,2,1,12,12,True,"[3,4]",web,False,2,True
2026-09-17T09:37:15.01+00:00,P02,f1ece347-163d-488b-8884-9a4cc0227ff4,dev_h8vfnf5f,2,30,5007.70000000298,121.44999999553,0,0,0,0,7,1,604800,1,1,0,0,2,1,29,29,True,"[1,4,5,3]",web,False,2,False
2026-09-17T09:37:24.5+00:00,P02,f1ece347-163d-488b-8884-9a4cc0227ff4,dev_h8vfnf5f,3,38,7136.29999999702,79.7333333343267,0,1,0.578125,0,7,1,22.545,1,4,0,0,2,2,7,7,True,"[1,2,3]",web,False,2,False
2026-09-17T09:37:29.907+00:00,P02,f1ece347-163d-488b-8884-9a4cc0227ff4,dev_h8vfnf5f,4,7,3163.90000000596,119.25,0,0,0,0,7,1,604800,1,1,0,0,2,1,17,17,True,"[1,5]",web,False,2,True
2026-09-17T09:37:37.091+00:00,P02,f1ece347-163d-488b-8884-9a4cc0227ff4,dev_h8vfnf5f,5,46,4769.29999999702,85.2250000052154,0,0.428571428571429,0.4312890625,0,7,1,132.064,1,0,1,4,0,1,38,30,False,"[2,3,4,5]",web,False,2,False
2026-09-17T09:37:43.93+00:00,P02,f1ece347-163d-488b-8884-9a4cc0227ff4,dev_h8vfnf5f,6,46,5033.70000000298,73.1666666666667,1,0.375,0.280337890625,0,7,1,6.839,1,1,0,5,2,1,38,38,True,"[2,3,6]",web,False,2,False
2026-09-17T09:37:49.026+00:00,P02,f1ece347-163d-488b-8884-9a4cc0227ff4,dev_h8vfnf5f,7,28,2743.29999999702,143.099999999007,0,1,0.25,0,7,1,1363.895,1,2,0,0,2,1,25,25,True,"[1,4,5]",web,False,2,False
2026-09-17T09:38:02.035+00:00,P02,f1ece347-163d-488b-8884-9a4cc0227ff4,dev_h8vfnf5f,8,27,10591.799999997,115.17499999702,0,1,0.25,0,7,1,1010.983,1,2,0,0,2,2,57,57,True,"[1,4,5,6]",web,False,2,False
2026-09-17T09:38:06.602+00:00,P02,f1ece347-163d-488b-8884-9a4cc0227ff4,dev_h8vfnf5f,9,26,2319.5,154.166666666667,0,0.5,0.25,0,7,1,1445.951,1,0,1,1,0,1,30,19,False,"[1,5,2]",web,False,2,False
2026-09-17T09:38:12.251+00:00,P02,f1ece347-163d-488b-8884-9a4cc0227ff4,dev_h8vfnf5f,10,26,3842.5,61.0749999955297,1,0.333333333333333,0.1625,0,7,1,5.649,1,1,0,2,2,1,30,30,True,"[4,5,2,3]",web,False,2,False
2026-09-17T09:38:19.259+00:00,P02,f1ece347-163d-488b-8884-9a4cc0227ff4,dev_h8vfnf5f,11,31,4756,81.8999999985099,0,1,0.25,0,7,1,212.488,2,2,0,0,2,1,15,15,True,"[1,2,3,4]",web,False,2,False
2026-09-17T09:38:25.074+00:00,P02,f1ece347-163d-488b-8884-9a4cc0227ff4,dev_h8vfnf5f,12,48,2851.59999999404,151.04999999702,0,0.5,0.25,0,7,1,1073.815,1,0,1,1,0,1,6,10,False,"[2,4]",web,False,2,False
2026-09-17T09:38:28.107+00:00,P02,f1ece347-163d-488b-8884-9a4cc0227ff4,dev_h8vfnf5f,13,48,1221.5,119.25,1,0.333333333333333,0.1625,0,7,1,3.033,1,0,2,2,1,1,6,48,False,"[5,6]",web,False,2,False
2026-09-17T09:38:32.778+00:00,P02,f1ece347-163d-488b-8884-9a4cc0227ff4,dev_h8vfnf5f,14,48,2855,119.95000000298,2,0.25,0.105625,1,7,1,4.671,1,1,0,3,2,2,6,6,True,"[2,3]",web,False,2,False
2026-09-17T09:38:42.003+00:00,P02,f1ece347-163d-488b-8884-9a4cc0227ff4,dev_h8vfnf5f,15,6,6880,45,0,0.428571428571429,0.4312890625,0,7,1,478.648,1,0,1,4,0,2,23,16,False,[5],web,False,2,True
2026-09-17T09:38:45.402+00:00,P02,f1ece347-163d-488b-8884-9a4cc0227ff4,dev_h8vfnf5f,16,6,1587.59999999404,77.5000000037253,1,0.375,0.280337890625,0,7,1,3.399,2,1,0,5,2,1,23,23,True,"[1,2,3,5]",web,False,2,True
2026-09-17T09:38:51.772+00:00,P02,f1ece347-163d-488b-8884-9a4cc0227ff4,dev_h8vfnf5f,17,1,4150.09999999404,74.6333333353202,0,1,0.4375,0,7,1,352.098,1,3,0,0,2,1,28,28,True,"[4,5,3]",web,False,2,True
2026-09-17T09:39:12.779+00:00,P02,f1ece347-163d-488b-8884-9a4cc0227ff4,dev_h8vfnf5f,18,45,18795.3999999911,230.29999999702,0,0.4,0.32921875,0,7,1,377.839,2,0,1,3,0,2,54,34,False,"[2,6]",web,False,2,False
2026-09-17T09:39:16.597+00:00,P02,f1ece347-163d-488b-8884-9a4cc0227ff4,dev_h8vfnf5f,19,45,2005,93.2499999925494,1,0.333333333333333,0.2139921875,0,7,1,3.818,2,1,0,4,2,1,54,54,True,"[2,3,5,6]",web,False,2,False
2026-09-17T09:39:35.931+00:00,P02,3a34bb31-5695-41d0-8e10-b7410f62ff80,dev_h8vfnf5f,0,9,6711.79999999702,222.76666667064,0,1,0.25,0,8,1,1479.096,1,2,0,0,2,2,21,21,True,"[1,5,3]",web,False,2,True
2026-09-17T09:39:40.474+00:00,P02,3a34bb31-5695-41d0-8e10-b7410f62ff80,dev_h8vfnf5f,1,11,2274.60000000894,170.250000007451,0,0.666666666666667,0.371875,0,8,1,275.095,1,2,0,1,2,0,5,5,True,"[1,3]",web,False,2,False
2026-09-17T09:39:48.163+00:00,P02,3a34bb31-5695-41d0-8e10-b7410f62ff80,dev_h8vfnf5f,2,48,4723.5,267.500000007451,0,0.4,0.32921875,0,8,1,75.385,2,0,1,3,0,1,6,48,False,"[5,6]",web,False,2,False
2026-09-17T09:39:55.403+00:00,P02,3a34bb31-5695-41d0-8e10-b7410f62ff80,dev_h8vfnf5f,3,48,5421.19999998808,158.54999999702,1,0.333333333333333,0.2139921875,0,8,1,7.24,1,1,0,4,2,1,6,6,True,"[2,3]",web,False,2,False
2026-09-17T09:40:06.323+00:00,P02,3a34bb31-5695-41d0-8e10-b7410f62ff80,dev_h8vfnf5f,4,29,8483.59999999404,173.05000000447,0,0.6,0.4312890625,0,8,1,463.816,1,2,0,2,2,2,46,46,True,"[2,3,4,6]",web,False,2,False
2026-09-17T09:40:11.371+00:00,P02,3a34bb31-5695-41d0-8e10-b7410f62ff80,dev_h8vfnf5f,5,15,2631.40000000596,188.300000001987,0,1,0.4375,0,8,1,1189.976,1,3,0,0,2,1,44,44,True,"[4,3,6]",web,False,2,False
2026-09-17T09:40:18.603+00:00,P02,3a34bb31-5695-41d0-8e10-b7410f62ff80,dev_h8vfnf5f,6,35,4902.5,183.3333333383,0,0.5,0.1625,0,8,1,625.591,2,1,0,1,2,1,13,13,True,"[1,4,3]",web,False,2,False
2026-09-17T09:40:23.755+00:00,P02,3a34bb31-5695-41d0-8e10-b7410f62ff80,dev_h8vfnf5f,7,9,2914.5,200.366666659713,0,1,0.4375,0,8,1,47.823,2,3,0,0,2,1,21,21,True,"[1,5,3]",web,False,2,True
2026-09-17T09:40:30.835+00:00,P02,3a34bb31-5695-41d0-8e10-b7410f62ff80,dev_h8vfnf5f,8,26,4815.59999999404,119.07499999553,0,0.5,0.371875,0,8,1,138.584,1,2,0,2,2,1,30,30,True,"[4,5,2,3]",web,False,2,False
2026-09-17T09:40:36.395+00:00,P02,3a34bb31-5695-41d0-8e10-b7410f62ff80,dev_h8vfnf5f,9,32,3154.70000000298,189.833333333333,0,0.25,0.25,0,8,1,385.392,2,0,1,3,0,1,11,22,False,"[2,5,3]",web,False,2,False
2026-09-17T09:40:39.467+00:00,P02,3a34bb31-5695-41d0-8e10-b7410f62ff80,dev_h8vfnf5f,10,32,1256.79999999702,159.82499999553,1,0.2,0.1625,0,8,1,3.073,1,0,2,4,1,1,11,29,False,"[1,4,5,3]",web,False,2,False
2026-09-17T09:40:44.354+00:00,P02,3a34bb31-5695-41d0-8e10-b7410f62ff80,dev_h8vfnf5f,11,32,3065.29999999702,140.86666666468,2,0.166666666666667,0.105625,1,8,1,4.887,1,1,0,5,2,2,11,11,True,"[1,2,4]",web,False,2,False
2026-09-17T09:40:51.667+00:00,P02,3a34bb31-5695-41d0-8e10-b7410f62ff80,dev_h8vfnf5f,12,4,5086.29999999702,169.86666666468,0,0.5,0.32921875,0,8,1,537.296,2,2,0,2,2,1,37,37,True,"[1,3,6]",web,False,2,True
2026-09-17T09:40:56.22+00:00,P02,3a34bb31-5695-41d0-8e10-b7410f62ff80,dev_h8vfnf5f,13,5,2339.90000000596,149.150000002235,0,0.666666666666667,0.371875,0,8,1,715.114,1,2,0,1,2,0,51,51,True,"[1,2,5,6]",web,False,2,True
2026-09-17T09:41:02.25+00:00,P02,3a34bb31-5695-41d0-8e10-b7410f62ff80,dev_h8vfnf5f,14,14,3590.5,152,0,1,0.4375,0,8,1,429.224,1,3,0,0,2,1,35,35,True,"[1,2,6]",web,False,2,False
2026-09-17T09:41:08.178+00:00,P02,3a34bb31-5695-41d0-8e10-b7410f62ff80,dev_h8vfnf5f,15,19,3438.29999999702,219.10000000149,0,0.428571428571429,0.4312890625,0,8,1,703.671,1,0,1,4,0,1,52,53,False,"[1,5,6,3]",web,False,2,False
2026-09-17T09:41:13.139+00:00,P02,3a34bb31-5695-41d0-8e10-b7410f62ff80,dev_h8vfnf5f,16,19,3143.20000000298,119.833333343267,1,0.375,0.280337890625,0,8,1,4.96,1,1,0,5,2,1,52,52,True,"[3,5,6]",web,False,2,False
2026-09-17T09:41:16.691+00:00,P02,3a34bb31-5695-41d0-8e10-b7410f62ff80,dev_h8vfnf5f,17,0,1330.70000000298,85.9000000059605,0,1,0.578125,0,8,1,747.423,1,4,0,0,2,0,1,1,True,[1],web,False,2,True
2026-09-17T09:41:26.474+00:00,P02,3a34bb31-5695-41d0-8e10-b7410f62ff80,dev_h8vfnf5f,18,21,7534.40000000596,130.249999997516,0,0.8,0.5974609375,0,8,1,558.863,2,3,0,1,2,2,62,62,True,"[2,3,4,5,6]",web,False,2,False
2026-09-17T09:41:31.73+00:00,P02,3a34bb31-5695-41d0-8e10-b7410f62ff80,dev_h8vfnf5f,19,30,2890.40000000596,130.375,0,1,0.25,0,8,1,256.72,1,0,1,0,0,1,29,15,False,"[1,4,2,3]",web,False,2,False
2026-09-17T09:41:50.834+00:00,P02,a9a037c3-9526-4642-bb43-f68ad121112e,dev_h8vfnf5f,0,5,3934.60000000894,131.47499999404,0,0.75,0.52890625,0,9,1,54.614,1,3,0,1,2,1,51,51,True,"[1,2,5,6]",web,False,2,True
2026-09-17T09:41:55.714+00:00,P02,a9a037c3-9526-4642-bb43-f68ad121112e,dev_h8vfnf5f,1,12,2534.29999999702,141.375,0,0.333333333333333,0.1625,0,9,1,328.591,2,0,2,2,0,1,40,45,False,"[1,4,3,6]",web,False,2,False
2026-09-17T09:41:59.859+00:00,P02,a9a037c3-9526-4642-bb43-f68ad121112e,dev_h8vfnf5f,2,12,2326.59999999404,152.000000007451,1,0.25,0.105625,0,9,1,4.144,1,0,3,3,1,1,40,34,False,"[2,6]",web,False,2,False
2026-09-17T09:42:04.987+00:00,P02,a9a037c3-9526-4642-bb43-f68ad121112e,dev_h8vfnf5f,3,12,3311,140.30000000447,2,0.2,0.06865625,1,9,1,5.129,1,1,0,4,2,2,40,40,True,"[4,6]",web,False,2,False
2026-09-17T09:42:13.875+00:00,P02,a9a037c3-9526-4642-bb43-f68ad121112e,dev_h8vfnf5f,4,37,6515.20000000298,109.30000000447,0,0.5,0.25,0,9,1,1469.632,1,2,0,1,2,2,23,23,True,"[1,2,3,5]",web,False,2,False
2026-09-17T09:42:18.09+00:00,P02,a9a037c3-9526-4642-bb43-f68ad121112e,dev_h8vfnf5f,5,18,1791.79999999702,129.70000000298,0,1,0.4375,0,9,1,527.063,1,3,0,0,2,0,26,26,True,"[4,5,2]",web,False,2,False
2026-09-17T09:42:23.682+00:00,P02,a9a037c3-9526-4642-bb43-f68ad121112e,dev_h8vfnf5f,6,8,3282.5,131.950000010431,0,1,0.4375,0,9,1,316.023,1,3,0,0,2,1,12,12,True,"[4,3]",web,False,2,True
2026-09-17T09:42:30.482+00:00,P02,a9a037c3-9526-4642-bb43-f68ad121112e,dev_h8vfnf5f,7,47,3962.79999999702,124.800000011921,0,0.4,0.371875,0,9,1,478.358,2,0,1,3,0,1,48,8,False,[4],web,False,2,False
2026-09-17T09:42:35.514+00:00,P02,a9a037c3-9526-4642-bb43-f68ad121112e,dev_h8vfnf5f,8,47,3226.20000000298,119.000000007451,1,0.333333333333333,0.24171875,0,9,1,5.032,1,1,0,4,2,1,48,48,True,"[5,6]",web,False,2,False
2026-09-17T09:42:40.427+00:00,P02,a9a037c3-9526-4642-bb43-f68ad121112e,dev_h8vfnf5f,9,14,2467.39999999106,146.300000001987,0,1,0.578125,0,9,1,98.177,1,4,0,0,2,0,35,35,True,"[1,2,6]",web,False,2,False
2026-09-17T09:42:46.219+00:00,P02,a9a037c3-9526-4642-bb43-f68ad121112e,dev_h8vfnf5f,10,7,3538.79999999702,202.649999991059,0,1,0.25,0,9,1,316.311,1,2,0,0,2,1,17,17,True,"[1,5]",web,False,2,True
2026-09-17T09:42:51.194+00:00,P02,a9a037c3-9526-4642-bb43-f68ad121112e,dev_h8vfnf5f,11,16,2634.20000000298,155.55000000447,0,0,0,0,9,1,604800,1,1,0,0,2,1,9,9,True,"[1,4]",web,False,2,False
2026-09-17T09:43:01.778+00:00,P02,a9a037c3-9526-4642-bb43-f68ad121112e,dev_h8vfnf5f,12,6,8238.09999999404,71.0999999940395,0,0.444444444444444,0.46025341796875,0,9,1,256.376,1,0,1,5,0,2,23,16,False,[5],web,False,2,True
2026-09-17T09:43:04.915+00:00,P02,a9a037c3-9526-4642-bb43-f68ad121112e,dev_h8vfnf5f,13,6,1327.29999999702,119.40000000596,1,0.4,0.299164721679688,0,9,1,3.137,2,0,2,6,1,1,23,4,False,[3],web,False,2,True
2026-09-17T09:43:08.707+00:00,P02,a9a037c3-9526-4642-bb43-f68ad121112e,dev_h8vfnf5f,14,6,1981.20000000298,78.2000000029802,2,0.363636363636364,0.194457069091797,1,9,1,3.791,1,1,0,7,2,2,23,23,True,"[1,2,3,5]",web,False,2,True
2026-09-17T09:43:20.627+00:00,P02,a9a037c3-9526-4642-bb43-f68ad121112e,dev_h8vfnf5f,15,23,9546.79999999702,182.875,0,0.666666666666667,0.475849609375,0,9,1,711.639,1,2,0,2,2,2,43,43,True,"[4,1,2,6]",web,False,2,False
2026-09-17T09:43:26.652+00:00,P02,a9a037c3-9526-4642-bb43-f68ad121112e,dev_h8vfnf5f,16,49,2852,128,0,0.4,0.371875,0,9,1,777.584,1,0,1,3,0,1,8,32,False,[6],web,False,2,False
2026-09-17T09:43:30.074+00:00,P02,a9a037c3-9526-4642-bb43-f68ad121112e,dev_h8vfnf5f,17,49,1604.79999999702,85.6000000089407,1,0.333333333333333,0.24171875,0,9,1,3.423,1,1,0,4,2,1,8,8,True,[4],web,False,2,False
2026-09-17T09:43:36.33+00:00,P02,a9a037c3-9526-4642-bb43-f68ad121112e,dev_h8vfnf5f,18,13,3890.5,149.350000005215,0,0.666666666666667,0.4375,0,9,1,892.919,1,3,0,1,2,1,27,27,True,"[1,4,2,5]",web,False,2,False
2026-09-17T09:43:42.435+00:00,P02,a9a037c3-9526-4642-bb43-f68ad121112e,dev_h8vfnf5f,19,43,3735.20000000298,115.179999998212,0,1,0.25,0,9,1,1370.416,1,2,0,0,2,1,59,59,True,"[1,2,4,5,6]",web,False,2,False
2026-09-17T09:44:06.898+00:00,P02,7bc1cbe4-67ad-4a83-b534-cfecbced5a13,dev_h8vfnf5f,0,38,11958.5,105.500000004967,0,1,0.68359375,0,10,1,402.398,2,5,0,0,2,2,7,7,True,"[1,2,3]",web,False,2,False
2026-09-17T09:44:15.834+00:00,P02,7bc1cbe4-67ad-4a83-b534-cfecbced5a13,dev_h8vfnf5f,1,8,6621.90000000596,127.70000000298,0,1,0.578125,0,10,1,112.152,1,4,0,0,2,2,12,12,True,"[3,4]",web,False,2,True
2026-09-17T09:44:22.914+00:00,P02,7bc1cbe4-67ad-4a83-b534-cfecbced5a13,dev_h8vfnf5f,2,31,4821.5,100.425000000745,0,1,0.4375,0,10,1,363.655,1,3,0,0,2,1,15,15,True,"[1,2,3,4]",web,False,2,False
2026-09-17T09:44:28.029+00:00,P02,7bc1cbe4-67ad-4a83-b534-cfecbced5a13,dev_h8vfnf5f,3,33,2756.09999999404,84.2499999925494,0,1,0.25,0,10,1,1650.25,1,2,0,0,2,1,3,3,True,"[1,2]",web,False,2,False
2026-09-17T09:44:40.122+00:00,P02,7bc1cbe4-67ad-4a83-b534-cfecbced5a13,dev_h8vfnf5f,4,39,9650.59999999404,153.566666662693,0,0,0,0,10,1,604800,1,1,0,0,2,2,41,41,True,"[1,4,6]",web,False,2,False
2026-09-17T09:44:45.57+00:00,P02,7bc1cbe4-67ad-4a83-b534-cfecbced5a13,dev_h8vfnf5f,5,12,3097.70000000298,123.17499999702,0,0.333333333333333,0.3014921875,0,10,1,160.583,2,0,1,4,0,1,40,45,False,"[1,4,3,6]",web,False,2,False
2026-09-17T09:44:49.882+00:00,P02,7bc1cbe4-67ad-4a83-b534-cfecbced5a13,dev_h8vfnf5f,6,12,2493.59999999404,175.999999992549,1,0.285714285714286,0.195969921875,0,10,1,4.312,1,0,2,5,1,1,40,34,False,"[2,6]",web,False,2,False
2026-09-17T09:44:53.226+00:00,P02,7bc1cbe4-67ad-4a83-b534-cfecbced5a13,dev_h8vfnf5f,7,12,1533.29999999702,207.95000000298,2,0.25,0.12738044921875,1,10,1,3.344,1,1,0,6,2,2,40,40,True,"[4,6]",web,False,2,False
2026-09-17T09:44:59.611+00:00,P02,7bc1cbe4-67ad-4a83-b534-cfecbced5a13,dev_h8vfnf5f,8,4,4157.69999998808,124.900000000993,0,0.6,0.4969140625,0,10,1,247.944,1,3,0,2,2,1,37,37,True,"[1,3,6]",web,False,2,True
2026-09-17T09:45:37.443+00:00,P02,7bc1cbe4-67ad-4a83-b534-cfecbced5a13,dev_h8vfnf5f,9,35,35491.700000003,115.966666663686,0,0.666666666666667,0.371875,0,10,1,318.84,1,2,0,1,2,2,13,13,True,"[1,4,3]",web,False,2,False
2026-09-17T09:46:04.202+00:00,P02,7bc1cbe4-67ad-4a83-b534-cfecbced5a13,dev_h8vfnf5f,10,40,24328.3999999911,108.460000005364,0,0.8,0.6466796875,0,10,1,1622.639,1,4,0,1,2,2,47,47,True,"[1,4,2,3,6]",web,False,2,False
2026-09-17T09:46:33.779+00:00,P02,7bc1cbe4-67ad-4a83-b534-cfecbced5a13,dev_h8vfnf5f,11,34,27145.400000006,92.6750000081956,0,0.333333333333333,0.362275527526855,0,10,1,767.297,2,0,1,8,0,2,24,39,False,"[1,2,3,6]",web,False,2,False
2026-09-17T09:46:52.451+00:00,P02,7bc1cbe4-67ad-4a83-b534-cfecbced5a13,dev_h8vfnf5f,12,34,16859.5,171.75,1,0.307692307692308,0.235479092892456,0,10,1,18.672,2,1,0,9,2,2,24,24,True,"[4,5]",web,False,2,False
2026-09-17T09:46:57.418+00:00,P02,7bc1cbe4-67ad-4a83-b534-cfecbced5a13,dev_h8vfnf5f,13,7,2693.40000000596,160.04999999702,0,1,0.4375,0,10,1,251.199,1,3,0,0,2,1,17,17,True,"[1,5]",web,False,2,True
2026-09-17T09:47:05.283+00:00,P02,7bc1cbe4-67ad-4a83-b534-cfecbced5a13,dev_h8vfnf5f,14,23,5457.69999998808,152.074999999255,0,0.714285714285714,0.60688720703125,0,10,1,224.656,2,3,0,2,2,1,43,43,True,"[1,4,2,6]",web,False,2,False
2026-09-17T09:47:14.891+00:00,P02,7bc1cbe4-67ad-4a83-b534-cfecbced5a13,dev_h8vfnf5f,15,42,7305.29999999702,126.800000006954,0,1,0.4375,0,10,1,1796.952,1,3,0,0,2,2,19,19,True,"[1,2,5]",web,False,2,False
2026-09-17T09:47:21.762+00:00,P02,7bc1cbe4-67ad-4a83-b534-cfecbced5a13,dev_h8vfnf5f,16,25,4516.59999999404,109.324999999255,0,1,0.25,0,10,1,1827.343,1,2,0,0,2,1,60,60,True,"[3,6,4,5]",web,False,2,False
2026-09-17T09:47:26.834+00:00,P02,7bc1cbe4-67ad-4a83-b534-cfecbced5a13,dev_h8vfnf5f,17,30,2709.60000000894,114,0,0.5,0.1625,0,10,1,355.104,1,1,0,1,2,1,29,29,True,"[1,4,5,3]",web,False,2,False
2026-09-17T09:47:33.586+00:00,P02,7bc1cbe4-67ad-4a83-b534-cfecbced5a13,dev_h8vfnf5f,18,22,4421,107.52499999851,0,0.666666666666667,0.371875,0,10,1,1644.663,1,2,0,1,2,1,58,58,True,"[2,5,4,6]",web,False,2,False
2026-09-17T09:47:38.906+00:00,P02,7bc1cbe4-67ad-4a83-b534-cfecbced5a13,dev_h8vfnf5f,19,49,2122,29.5999999940395,0,0.428571428571429,0.4312890625,0,10,1,248.832,1,0,1,4,0,1,8,32,False,[6],web,False,2,False
2026-09-17T10:05:41.922+00:00,P03,1a548254-cd1d-40e1-931f-cc06297bc1cd,dev_h8vfnf5f,0,45,6531.90000000596,78.6500000059605,0,0,0,0,6,1,604800,1,0,1,0,0,2,54,34,False,"[2,6]",web,False,2,False
2026-09-17T10:05:45.755+00:00,P03,1a548254-cd1d-40e1-931f-cc06297bc1cd,dev_h8vfnf5f,1,45,2016.5,58.6000000029802,1,0,0,0,6,1,3.832,2,1,0,1,2,1,54,54,True,"[2,3,5,6]",web,False,2,False
2026-09-17T10:05:53.123+00:00,P03,1a548254-cd1d-40e1-931f-cc06297bc1cd,dev_h8vfnf5f,2,42,5052.5,52.5666666726271,0,0.5,0.32921875,0,6,1,4167547.561,2,2,0,2,2,1,19,19,True,"[1,2,5]",web,False,2,False
2026-09-17T10:05:57.178+00:00,P03,1a548254-cd1d-40e1-931f-cc06297bc1cd,dev_h8vfnf5f,3,49,887.600000008941,70.2999999970198,0,0.111111111111111,0.25,0,6,1,2651.487,2,0,1,8,0,1,8,2,False,[2],web,False,2,False
2026-09-17T10:05:58.835+00:00,P03,1a548254-cd1d-40e1-931f-cc06297bc1cd,dev_h8vfnf5f,4,49,2544.60000000894,82,1,0.1,0.1625,0,6,1,1.657,1,0,2,9,1,1,8,10,False,"[2,4]",web,False,2,False
2026-09-17T10:06:03.283+00:00,P03,1a548254-cd1d-40e1-931f-cc06297bc1cd,dev_h8vfnf5f,5,49,2639.5,159.699999988079,2,0.0909090909090909,0.105625,1,6,1,4.447,1,1,0,10,2,2,8,8,True,[4],web,False,2,False
2026-09-17T10:06:10.85+00:00,P03,1a548254-cd1d-40e1-931f-cc06297bc1cd,dev_h8vfnf5f,6,18,5139.5,367.166666666667,0,1,0.25,0,6,1,4167775.63,1,2,0,0,2,1,26,26,True,"[2,4,5]",web,False,2,False
2026-09-17T10:06:15.594+00:00,P03,1a548254-cd1d-40e1-931f-cc06297bc1cd,dev_h8vfnf5f,7,39,2305.40000000596,116.299999992053,0,1,0.4375,0,6,1,4167579.097,1,3,0,0,2,0,41,41,True,"[1,4,6]",web,False,2,False
2026-09-17T10:06:20.477+00:00,P03,1a548254-cd1d-40e1-931f-cc06297bc1cd,dev_h8vfnf5f,8,43,2526.59999999404,77.1200000017881,0,0,0,0,6,1,604800,1,1,0,0,2,1,59,59,True,"[2,1,4,5,6]",web,False,2,False
2026-09-17T10:06:24.49+00:00,P03,1a548254-cd1d-40e1-931f-cc06297bc1cd,dev_h8vfnf5f,9,12,1661.39999999106,141.67499999702,0,0,0,0,6,1,604800,1,0,1,0,0,1,40,45,False,"[1,4,3,6]",web,False,2,False
2026-09-17T10:06:29.107+00:00,P03,1a548254-cd1d-40e1-931f-cc06297bc1cd,dev_h8vfnf5f,10,12,2811.40000000596,119.95000000298,1,0,0,0,6,1,4.617,1,1,0,1,2,1,40,40,True,"[4,6]",web,False,2,False
2026-09-17T10:06:32.074+00:00,P03,1a548254-cd1d-40e1-931f-cc06297bc1cd,dev_h8vfnf5f,11,38,605.20000000298,69.3666666646798,0,0.5,0.25,0,6,1,4167801.697,1,2,0,1,2,0,7,7,True,"[1,2,3]",web,False,2,False
2026-09-17T10:06:35.45+00:00,P03,1a548254-cd1d-40e1-931f-cc06297bc1cd,dev_h8vfnf5f,12,6,1019.79999999702,71.5999999990066,0,0.5,0.25,0,6,1,4167052.597,1,0,1,1,0,1,23,56,False,"[4,5,6]",web,False,2,True
2026-09-17T10:06:39.819+00:00,P03,1a548254-cd1d-40e1-931f-cc06297bc1cd,dev_h8vfnf5f,13,6,2556.5,77.5749999955297,1,0.333333333333333,0.1625,0,6,1,4.368,1,0,2,2,1,1,23,27,False,"[1,2,4,5]",web,False,2,True
2026-09-17T10:06:44.37+00:00,P03,1a548254-cd1d-40e1-931f-cc06297bc1cd,dev_h8vfnf5f,14,6,2731.5,112.050000000745,2,0.25,0.105625,1,6,1,4.552,1,1,0,3,2,2,23,23,True,"[1,2,3,5]",web,False,2,True
2026-09-17T10:06:47.41+00:00,P03,1a548254-cd1d-40e1-931f-cc06297bc1cd,dev_h8vfnf5f,15,38,701.5,74.0666666726271,0,0.666666666666667,0.4375,0,6,1,15.336,0,3,0,1,2,0,7,7,True,"[1,2,3]",web,False,2,False
2026-09-17T10:06:51.82+00:00,P03,1a548254-cd1d-40e1-931f-cc06297bc1cd,dev_h8vfnf5f,16,46,1989.70000000298,162.5,0,0,0,0,6,1,604800,1,0,1,0,0,1,38,24,False,"[5,4]",web,False,2,False
2026-09-17T10:06:54.874+00:00,P03,1a548254-cd1d-40e1-931f-cc06297bc1cd,dev_h8vfnf5f,17,46,1246.10000000894,111.40000000596,1,0,0,0,6,1,3.055,1,0,2,1,1,1,38,24,False,"[4,5]",web,False,2,False
2026-09-17T10:07:00.883+00:00,P03,1a548254-cd1d-40e1-931f-cc06297bc1cd,dev_h8vfnf5f,18,46,4195.20000000298,155.55000000447,2,0,0,1,6,1,6.008,1,0,3,2,1,2,38,24,False,"[4,5]",web,False,2,False
2026-09-17T10:07:04.922+00:00,P03,1a548254-cd1d-40e1-931f-cc06297bc1cd,dev_h8vfnf5f,19,46,2234.60000000894,69.2000000029802,3,0,0,2,6,1,4.04,2,1,0,3,2,2,38,38,True,"[2,3,6]",web,False,2,False
2026-09-17T10:08:33.874+00:00,P03,f840feab-4e73-4717-b8a4-4a7fb2c8d63f,dev_h8vfnf5f,0,8,3874.70000000298,135.399999991059,0,0.714285714285714,0.71701416015625,0,6,1,2732.231,1,5,0,2,2,1,12,12,True,"[3,4]",web,False,2,True
2026-09-17T10:08:39.426+00:00,P03,f840feab-4e73-4717-b8a4-4a7fb2c8d63f,dev_h8vfnf5f,1,33,3207.29999999702,67.75,0,0.5,0.25,0,6,1,4167863.461,2,2,0,1,2,1,3,3,True,"[1,2]",web,False,2,False
2026-09-17T10:08:44.21+00:00,P03,f840feab-4e73-4717-b8a4-4a7fb2c8d63f,dev_h8vfnf5f,2,25,2430.79999999702,87.9250000007451,0,0.75,0.52890625,0,6,1,2775.391,1,3,0,1,2,0,60,60,True,"[3,6,5,4]",web,False,2,False
2026-09-17T10:08:49.931+00:00,P03,f840feab-4e73-4717-b8a4-4a7fb2c8d63f,dev_h8vfnf5f,3,17,3311.60000000894,80,0,0.5,0.25,0,6,1,4167958.345,2,2,0,1,2,1,33,33,True,"[1,6]",web,False,2,False
2026-09-17T10:08:54.914+00:00,P03,f840feab-4e73-4717-b8a4-4a7fb2c8d63f,dev_h8vfnf5f,4,32,2554.89999999106,55.4666666636864,0,0,0,0,6,1,604800,1,0,1,0,0,1,11,22,False,"[3,2,5]",web,False,2,False
2026-09-17T10:08:58.906+00:00,P03,f840feab-4e73-4717-b8a4-4a7fb2c8d63f,dev_h8vfnf5f,5,32,2186.09999999404,71.3999999960264,1,0,0,0,6,1,3.992,1,1,0,1,2,1,11,11,True,"[1,4,2]",web,False,2,False
2026-09-17T10:09:06.714+00:00,P03,f840feab-4e73-4717-b8a4-4a7fb2c8d63f,dev_h8vfnf5f,6,36,5375,68.0399999976158,0,0,0,0,6,1,604800,1,1,0,0,2,1,61,61,True,"[1,4,5,6,3]",web,False,2,False
2026-09-17T10:09:11.548+00:00,P03,f840feab-4e73-4717-b8a4-4a7fb2c8d63f,dev_h8vfnf5f,7,29,2389.10000000894,55.5250000022352,0,0,0,0,6,1,604800,1,1,0,0,2,0,46,46,True,"[2,3,6,4]",web,False,2,False
2026-09-17T10:09:14.626+00:00,P03,f840feab-4e73-4717-b8a4-4a7fb2c8d63f,dev_h8vfnf5f,8,11,807.09999999404,49.5999999990066,0,1,0.25,0,6,1,2802.959,1,0,1,0,0,1,5,7,False,"[1,3,2]",web,False,2,False
2026-09-17T10:09:17.378+00:00,P03,f840feab-4e73-4717-b8a4-4a7fb2c8d63f,dev_h8vfnf5f,9,11,943.90000000596,99.8499999940395,1,0.5,0.1625,0,6,1,2.752,1,1,0,1,2,1,5,5,True,"[1,3]",web,False,2,False
2026-09-17T10:09:22.77+00:00,P03,f840feab-4e73-4717-b8a4-4a7fb2c8d63f,dev_h8vfnf5f,10,20,2952.30000001192,224.75,0,0,0,0,6,1,604800,1,1,0,0,2,1,18,18,True,"[2,5]",web,False,2,False
2026-09-17T10:09:28.394+00:00,P03,f840feab-4e73-4717-b8a4-4a7fb2c8d63f,dev_h8vfnf5f,11,22,3275.70000000298,85.8000000044703,0,1,0.25,0,6,1,4167990.2,1,2,0,0,2,1,58,58,True,"[2,5,4,6]",web,False,2,False
2026-09-17T10:09:38.778+00:00,P03,f840feab-4e73-4717-b8a4-4a7fb2c8d63f,dev_h8vfnf5f,12,23,8019.40000000596,63.6499999985099,0,0,0,0,6,1,604800,1,1,0,0,2,2,43,43,True,"[2,1,4,6]",web,False,2,False
2026-09-17T10:09:42.378+00:00,P03,f840feab-4e73-4717-b8a4-4a7fb2c8d63f,dev_h8vfnf5f,13,17,1179.5,74.9000000059605,0,0.666666666666667,0.4375,0,6,1,52.447,1,3,0,1,2,0,33,33,True,"[1,6]",web,False,2,False
2026-09-17T10:09:51.29+00:00,P03,f840feab-4e73-4717-b8a4-4a7fb2c8d63f,dev_h8vfnf5f,14,4,6671.10000000894,65.8666666646798,0,1,0.578125,0,6,1,4167207.376,1,4,0,0,2,2,37,37,True,"[1,3,6]",web,False,2,True
2026-09-17T10:09:55.202+00:00,P03,f840feab-4e73-4717-b8a4-4a7fb2c8d63f,dev_h8vfnf5f,15,3,1662.90000000596,82.5,0,1,0.4375,0,6,1,4167239.572,1,3,0,0,2,0,20,20,True,"[3,5]",web,False,2,True
2026-09-17T10:09:59.13+00:00,P03,f840feab-4e73-4717-b8a4-4a7fb2c8d63f,dev_h8vfnf5f,16,16,1591.5,174.85000000149,0,0,0,0,6,1,604800,1,1,0,0,2,0,9,9,True,"[1,4]",web,False,2,False
2026-09-17T10:10:05.306+00:00,P03,f840feab-4e73-4717-b8a4-4a7fb2c8d63f,dev_h8vfnf5f,17,11,3888.40000000596,78.2999999970198,0,0.666666666666667,0.371875,0,6,1,47.928,1,2,0,1,2,1,5,5,True,"[1,3]",web,False,2,False
2026-09-17T10:10:08.77+00:00,P03,f840feab-4e73-4717-b8a4-4a7fb2c8d63f,dev_h8vfnf5f,18,18,1031.20000000298,118.85000000149,0,1,0.4375,0,6,1,237.92,1,0,1,0,0,1,26,18,False,"[2,5]",web,False,2,False
2026-09-17T10:10:12.363+00:00,P03,f840feab-4e73-4717-b8a4-4a7fb2c8d63f,dev_h8vfnf5f,19,18,1784.59999999404,136.099999999007,1,0.666666666666667,0.284375,0,6,1,3.593,1,1,0,1,2,1,26,26,True,"[2,4,5]",web,False,2,False
2026-09-17T10:11:06.994+00:00,P03,1e2eda1c-7d2a-4314-bb30-941cdb0c94ab,dev_h8vfnf5f,0,31,416.59999999404,66.4333333323399,0,1,0.25,0,7,1,4168000.354,1,0,1,0,0,1,15,26,False,"[2,5,4]",web,False,2,False
2026-09-17T10:11:12.61+00:00,P03,1e2eda1c-7d2a-4314-bb30-941cdb0c94ab,dev_h8vfnf5f,1,31,3806.20000000298,73.5749999992549,1,0.5,0.1625,0,7,1,5.616,1,1,0,1,2,1,15,15,True,"[3,2,1,4]",web,False,2,False
2026-09-17T10:11:16.666+00:00,P03,1e2eda1c-7d2a-4314-bb30-941cdb0c94ab,dev_h8vfnf5f,2,21,1788,66.3333333383004,0,0,0,0,7,1,604800,1,1,0,0,2,0,62,62,True,"[3,2,5,6,4]",web,False,2,False
2026-09-17T10:11:21.962+00:00,P03,1e2eda1c-7d2a-4314-bb30-941cdb0c94ab,dev_h8vfnf5f,3,43,2942.79999999702,60.0249999947846,0,1,0.25,0,7,1,301.485,1,0,1,0,0,1,59,43,False,"[2,1,4,6]",web,False,2,False
2026-09-17T10:11:25.242+00:00,P03,1e2eda1c-7d2a-4314-bb30-941cdb0c94ab,dev_h8vfnf5f,4,43,1471.90000000596,89.840000000596,1,0.5,0.1625,0,7,1,3.28,1,1,0,1,2,1,59,59,True,"[1,4,5,6,2]",web,False,2,False
2026-09-17T10:11:27.714+00:00,P03,1e2eda1c-7d2a-4314-bb30-941cdb0c94ab,dev_h8vfnf5f,5,11,196.5,94.7500000074506,0,0.75,0.52890625,0,7,1,82.408,1,3,0,1,2,0,5,5,True,"[1,3]",web,False,2,False
2026-09-17T10:11:31.322+00:00,P03,1e2eda1c-7d2a-4314-bb30-941cdb0c94ab,dev_h8vfnf5f,6,17,1204,59.1000000014901,0,0.75,0.578125,0,7,1,108.944,1,4,0,1,2,0,33,33,True,"[1,6]",web,False,2,False
2026-09-17T10:11:35.619+00:00,P03,1e2eda1c-7d2a-4314-bb30-941cdb0c94ab,dev_h8vfnf5f,7,22,1940,73.9249999970198,0,1,0.4375,0,7,1,127.225,1,3,0,0,2,0,58,58,True,"[2,5,4,6]",web,False,2,False
2026-09-17T10:11:39.346+00:00,P03,1e2eda1c-7d2a-4314-bb30-941cdb0c94ab,dev_h8vfnf5f,8,6,1368.70000000298,47.1000000014901,0,0.4,0.32921875,0,7,1,294.976,2,0,1,3,0,1,23,20,False,"[5,3]",web,False,2,True
2026-09-17T10:11:45.954+00:00,P03,1e2eda1c-7d2a-4314-bb30-941cdb0c94ab,dev_h8vfnf5f,9,6,4789.09999999404,92.46666666617,1,0.333333333333333,0.2139921875,0,7,1,6.608,1,0,2,4,1,1,23,31,False,"[1,2,4,5,3]",web,False,2,True
2026-09-17T10:11:48.562+00:00,P03,1e2eda1c-7d2a-4314-bb30-941cdb0c94ab,dev_h8vfnf5f,10,6,798.59999999404,45.1666666666667,2,0.285714285714286,0.139094921875,1,7,1,2.608,1,0,3,5,1,2,23,22,False,"[2,3,5]",web,False,2,True
2026-09-17T10:11:50.898+00:00,P03,1e2eda1c-7d2a-4314-bb30-941cdb0c94ab,dev_h8vfnf5f,11,6,529.90000000596,84.1499999985099,3,0.25,0.09041169921875,2,7,1,2.336,2,0,4,6,1,2,23,20,False,"[3,5]",web,False,2,True
2026-09-17T10:11:55.306+00:00,P03,1e2eda1c-7d2a-4314-bb30-941cdb0c94ab,dev_h8vfnf5f,12,6,1367.29999999702,87.2250000014901,0,0.222222222222222,0.0587676044921875,0,7,1,4.408,2,1,0,7,2,0,23,23,True,"[1,2,3,5]",web,False,2,True
2026-09-17T10:12:01.083+00:00,P03,1e2eda1c-7d2a-4314-bb30-941cdb0c94ab,dev_h8vfnf5f,13,19,3303.89999999106,55.2999999970198,0,0,0,0,7,1,604800,1,0,1,0,0,1,52,53,False,"[1,5,6,3]",web,False,2,False
2026-09-17T10:12:05.362+00:00,P03,1e2eda1c-7d2a-4314-bb30-941cdb0c94ab,dev_h8vfnf5f,14,19,2467.79999999702,122.70000000298,1,0,0,0,7,1,4.279,1,1,0,1,2,1,52,52,True,"[3,5,6]",web,False,2,False
2026-09-17T10:12:09.186+00:00,P03,1e2eda1c-7d2a-4314-bb30-941cdb0c94ab,dev_h8vfnf5f,15,2,1606.79999999702,119.19999999553,0,1,0.4375,0,7,1,4167361.9,1,3,0,0,2,0,10,10,True,"[2,4]",web,False,2,True
2026-09-17T10:12:20.41+00:00,P03,1e2eda1c-7d2a-4314-bb30-941cdb0c94ab,dev_h8vfnf5f,16,37,8810.79999999702,54.9500000029802,0,1,0.25,0,7,1,4167854.1,1,2,0,0,2,2,23,23,True,"[1,2,3,5]",web,False,2,False
2026-09-17T10:12:20.911+00:00,P03,1e2eda1c-7d2a-4314-bb30-941cdb0c94ab,dev_h8vfnf5f,17,37,9311.70000000298,54.9500000029802,1,1,0.4375,0,7,1,0.501,2,3,0,0,2,2,23,23,True,"[1,2,3,5]",web,False,2,False
2026-09-17T10:12:20.956+00:00,P03,1e2eda1c-7d2a-4314-bb30-941cdb0c94ab,dev_h8vfnf5f,18,37,9357,54.9500000029802,2,1,0.578125,0,7,1,0.045,2,4,0,0,2,2,23,23,True,"[1,2,3,5]",web,False,2,False
2026-09-17T10:12:20.98+00:00,P03,1e2eda1c-7d2a-4314-bb30-941cdb0c94ab,dev_h8vfnf5f,19,37,9380.90000000596,54.9500000029802,3,1,0.68359375,0,7,1,0.024,2,5,0,0,2,2,23,23,True,"[1,2,3,5]",web,False,2,False
2026-09-17T10:12:21.017+00:00,P03,1e2eda1c-7d2a-4314-bb30-941cdb0c94ab,dev_h8vfnf5f,20,37,9417.70000000298,54.9500000029802,4,1,0.7626953125,0,7,1,0.037,2,6,0,0,2,2,23,23,True,"[1,2,3,5]",web,False,2,False
2026-09-17T10:12:21.056+00:00,P03,1e2eda1c-7d2a-4314-bb30-941cdb0c94ab,dev_h8vfnf5f,21,37,9456.70000000298,54.9500000029802,5,1,0.822021484375,0,7,1,0.039,2,7,0,0,2,2,23,23,True,"[1,2,3,5]",web,False,2,False
2026-09-17T10:12:21.074+00:00,P03,1e2eda1c-7d2a-4314-bb30-941cdb0c94ab,dev_h8vfnf5f,22,37,9474.90000000596,54.9500000029802,6,1,0.86651611328125,0,7,1,0.018,2,8,0,0,2,2,23,23,True,"[1,2,3,5]",web,False,2,False
2026-09-17T10:12:21.107+00:00,P03,1e2eda1c-7d2a-4314-bb30-941cdb0c94ab,dev_h8vfnf5f,23,37,9507.79999999702,54.9500000029802,7,1,0.899887084960938,0,7,1,0.033,2,9,0,0,2,2,23,23,True,"[1,2,3,5]",web,False,2,False
2026-09-17T10:12:21.147+00:00,P03,1e2eda1c-7d2a-4314-bb30-941cdb0c94ab,dev_h8vfnf5f,24,37,9548.09999999404,54.9500000029802,8,1,0.924915313720703,0,7,1,0.04,2,10,0,0,2,2,23,23,True,"[1,2,3,5]",web,False,2,False
2026-09-17T10:12:21.177+00:00,P03,1e2eda1c-7d2a-4314-bb30-941cdb0c94ab,dev_h8vfnf5f,25,37,9578.09999999404,54.9500000029802,9,1,0.943686485290527,0,7,1,0.03,2,11,0,0,2,2,23,23,True,"[1,2,3,5]",web,False,2,False
2026-09-17T10:12:21.352+00:00,P03,1e2eda1c-7d2a-4314-bb30-941cdb0c94ab,dev_h8vfnf5f,30,37,9752.20000000298,54.9500000029802,14,1,0.986636538989842,0,7,1,0.044,2,16,0,0,2,2,23,23,True,"[1,2,3,5]",web,False,2,False
2026-09-17T10:12:21.447+00:00,P03,1e2eda1c-7d2a-4314-bb30-941cdb0c94ab,dev_h8vfnf5f,33,37,9847.79999999702,54.9500000029802,17,1,0.99436228988634,0,7,1,0.043,2,19,0,0,2,2,23,23,True,"[1,2,3,5]",web,False,2,False
2026-09-17T10:12:21.484+00:00,P03,1e2eda1c-7d2a-4314-bb30-941cdb0c94ab,dev_h8vfnf5f,34,37,9884.90000000596,54.9500000029802,18,1,0.995771717414755,0,7,1,0.037,2,20,0,0,2,2,23,23,True,"[1,2,3,5]",web,False,2,False
2026-09-17T10:12:21.502+00:00,P03,1e2eda1c-7d2a-4314-bb30-941cdb0c94ab,dev_h8vfnf5f,35,37,9903,54.9500000029802,19,1,0.996828788061066,0,7,1,0.018,2,21,0,0,2,2,23,23,True,"[1,2,3,5]",web,False,2,False
2026-09-17T10:12:33.322+00:00,P03,e4acc50a-76b0-463e-bc9c-1da0bc89881d,dev_h8vfnf5f,0,12,1543.09999999404,134.775000002235,0,0.5,0.25,0,8,1,364.215,1,0,1,1,0,1,40,45,False,"[1,4,3,6]",web,False,2,False
2026-09-17T10:12:36.226+00:00,P03,e4acc50a-76b0-463e-bc9c-1da0bc89881d,dev_h8vfnf5f,1,12,1091.70000000298,110.54999999702,1,0.333333333333333,0.1625,0,8,1,2.904,1,1,0,2,2,1,40,40,True,"[4,6]",web,False,2,False
2026-09-17T10:12:40.899+00:00,P03,e4acc50a-76b0-463e-bc9c-1da0bc89881d,dev_h8vfnf5f,2,35,2339.60000000894,121.966666663686,0,0,0,0,8,1,604800,1,1,0,0,2,0,13,13,True,"[1,4,3]",web,False,2,False
2026-09-17T10:12:45.21+00:00,P03,e4acc50a-76b0-463e-bc9c-1da0bc89881d,dev_h8vfnf5f,3,42,2010.69999998808,52.2999999970198,0,0.6,0.4969140625,0,8,1,412.087,1,3,0,2,2,0,19,19,True,"[1,2,5]",web,False,2,False
2026-09-17T10:12:47.979+00:00,P03,e4acc50a-76b0-463e-bc9c-1da0bc89881d,dev_h8vfnf5f,4,11,481,115.85000000149,0,0.8,0.6466796875,0,8,1,80.265,1,4,0,1,2,0,5,5,True,"[1,3]",web,False,2,False
2026-09-17T10:12:54.93+00:00,P03,e4acc50a-76b0-463e-bc9c-1da0bc89881d,dev_h8vfnf5f,5,9,4711.60000000894,68.5999999990066,0,1,0.4375,0,8,1,4167395.768,1,3,0,0,2,1,21,21,True,"[1,5,3]",web,False,2,True
2026-09-17T10:13:01.186+00:00,P03,e4acc50a-76b0-463e-bc9c-1da0bc89881d,dev_h8vfnf5f,6,46,3826.5,63.4333333323399,0,0.25,0.25,0,8,1,356.264,2,0,1,3,0,1,38,14,False,"[3,2,4]",web,False,2,False
2026-09-17T10:13:05.755+00:00,P03,e4acc50a-76b0-463e-bc9c-1da0bc89881d,dev_h8vfnf5f,7,46,2760.39999999106,71.6000000052154,1,0.2,0.1625,0,8,1,4.569,1,1,0,4,2,1,38,38,True,"[2,3,6]",web,False,2,False
2026-09-17T10:13:08.322+00:00,P03,e4acc50a-76b0-463e-bc9c-1da0bc89881d,dev_h8vfnf5f,8,0,363.100000008941,70.7999999970198,0,1,0.4375,0,8,1,4167468.854,1,3,0,0,2,0,1,1,True,[1],web,False,2,True
2026-09-17T10:13:12.739+00:00,P03,e4acc50a-76b0-463e-bc9c-1da0bc89881d,dev_h8vfnf5f,9,9,2179.70000000298,76.5333333263795,0,1,0.578125,0,8,1,17.808,1,4,0,0,2,0,21,21,True,"[1,5,3]",web,False,2,True
2026-09-17T10:13:16.202+00:00,P03,e4acc50a-76b0-463e-bc9c-1da0bc89881d,dev_h8vfnf5f,10,18,1043,97.2666666607062,0,0.75,0.46328125,0,8,1,183.839,1,2,0,1,2,0,26,26,True,"[2,5,4]",web,False,2,False
2026-09-17T10:13:22.258+00:00,P03,e4acc50a-76b0-463e-bc9c-1da0bc89881d,dev_h8vfnf5f,11,36,3619.39999999106,39.6199999988079,0,1,0.25,0,8,1,255.544,1,2,0,0,2,1,61,61,True,"[1,4,5,6,3]",web,False,2,False
2026-09-17T10:13:25.874+00:00,P03,e4acc50a-76b0-463e-bc9c-1da0bc89881d,dev_h8vfnf5f,12,12,1255.29999999702,77.4499999955297,0,0.5,0.371875,0,8,1,49.648,1,0,1,2,0,1,40,45,False,"[1,4,3,6]",web,False,2,False
2026-09-17T10:13:28.923+00:00,P03,e4acc50a-76b0-463e-bc9c-1da0bc89881d,dev_h8vfnf5f,13,12,1232.09999999404,75.5499999970198,1,0.4,0.24171875,0,8,1,3.049,1,1,0,3,2,1,40,40,True,"[4,6]",web,False,2,False
2026-09-17T10:13:32.562+00:00,P03,e4acc50a-76b0-463e-bc9c-1da0bc89881d,dev_h8vfnf5f,14,11,1364.90000000596,83.5499999970198,0,0.833333333333333,0.735009765625,0,8,1,44.583,0,5,0,1,2,0,5,5,True,"[1,3]",web,False,2,False
2026-09-17T10:13:38.21+00:00,P03,e4acc50a-76b0-463e-bc9c-1da0bc89881d,dev_h8vfnf5f,15,29,3210.59999999404,85.9499999992549,0,1,0.25,0,8,1,266.662,1,2,0,0,2,1,46,46,True,"[3,2,6,4]",web,False,2,False
2026-09-17T10:13:50.578+00:00,P03,e4acc50a-76b0-463e-bc9c-1da0bc89881d,dev_h8vfnf5f,16,26,10099.099999994,65.3000000007451,0,0,0,0,8,1,3018.775,1,1,0,1,2,2,30,30,True,"[3,2,5,4]",web,False,2,False
2026-09-17T10:13:54.698+00:00,P03,e4acc50a-76b0-463e-bc9c-1da0bc89881d,dev_h8vfnf5f,17,3,1868.39999999106,85.0333333313465,0,1,0.578125,0,8,1,239.496,1,0,1,0,0,1,20,52,False,"[6,3,5]",web,False,2,True
2026-09-17T10:13:57.698+00:00,P03,e4acc50a-76b0-463e-bc9c-1da0bc89881d,dev_h8vfnf5f,18,3,1195.10000000894,139.19999999553,1,0.75,0.37578125,0,8,1,3,1,1,0,1,2,1,20,20,True,"[5,3]",web,False,2,True
2026-09-17T10:14:04.026+00:00,P03,e4acc50a-76b0-463e-bc9c-1da0bc89881d,dev_h8vfnf5f,19,15,3917,71.2000000029802,0,1,0.25,0,8,1,4168215.753,1,2,0,0,2,1,44,44,True,"[3,6,4]",web,False,2,False
2026-09-17T10:14:26.394+00:00,P03,db75ed3b-f63b-4b9e-a200-4024cb4a6170,dev_h8vfnf5f,0,14,2416.69999998808,112,0,0,0,0,9,1,604800,1,1,0,0,2,0,35,35,True,"[1,2,6]",web,False,2,False
2026-09-17T10:14:30.61+00:00,P03,db75ed3b-f63b-4b9e-a200-4024cb4a6170,dev_h8vfnf5f,1,41,1773.39999999106,44.9666666587194,0,1,0.25,0,9,1,4167971.448,1,2,0,0,2,0,14,14,True,"[3,2,4]",web,False,2,False
2026-09-17T10:14:34.554+00:00,P03,db75ed3b-f63b-4b9e-a200-4024cb4a6170,dev_h8vfnf5f,2,39,1497.70000000298,97.933333337307,0,1,0.578125,0,9,1,498.96,1,4,0,0,2,0,41,41,True,"[1,4,6]",web,False,2,False
2026-09-17T10:14:38.066+00:00,P03,db75ed3b-f63b-4b9e-a200-4024cb4a6170,dev_h8vfnf5f,3,9,1269.59999999404,85.1000000039736,0,1,0.68359375,0,9,1,85.327,1,5,0,0,2,0,21,21,True,"[3,5,1]",web,False,2,True
2026-09-17T10:14:41.898+00:00,P03,db75ed3b-f63b-4b9e-a200-4024cb4a6170,dev_h8vfnf5f,4,23,1441.09999999404,71.0666666676601,0,1,0.25,0,9,1,303.12,2,0,1,0,0,1,43,35,False,"[1,2,6]",web,False,2,False
2026-09-17T10:14:45.066+00:00,P03,db75ed3b-f63b-4b9e-a200-4024cb4a6170,dev_h8vfnf5f,5,23,1359.5,55.2000000059605,1,0.5,0.1625,0,9,1,3.168,1,1,0,1,2,1,43,43,True,"[1,4,2,6]",web,False,2,False
2026-09-17T10:14:49.386+00:00,P03,db75ed3b-f63b-4b9e-a200-4024cb4a6170,dev_h8vfnf5f,6,19,1849.40000000596,53.4499999992549,0,0.5,0.25,0,9,1,164.024,1,0,1,1,0,1,52,53,False,"[1,5,6,3]",web,False,2,False
2026-09-17T10:14:52.282+00:00,P03,db75ed3b-f63b-4b9e-a200-4024cb4a6170,dev_h8vfnf5f,7,19,1079.59999999404,92.1333333353202,1,0.333333333333333,0.1625,0,9,1,2.896,1,1,0,2,2,1,52,52,True,"[3,5,6]",web,False,2,False
2026-09-17T10:14:56.53+00:00,P03,db75ed3b-f63b-4b9e-a200-4024cb4a6170,dev_h8vfnf5f,8,36,1812.90000000596,57.4399999976158,0,1,0.4375,0,9,1,94.272,1,3,0,0,2,0,61,61,True,"[1,4,5,6,3]",web,False,2,False
2026-09-17T10:14:59.066+00:00,P03,db75ed3b-f63b-4b9e-a200-4024cb4a6170,dev_h8vfnf5f,9,11,230.20000000298,71.5499999970198,0,0.857142857142857,0.80125732421875,0,9,1,86.504,1,6,0,1,2,0,5,5,True,"[1,3]",web,False,2,False
2026-09-17T10:15:05.13+00:00,P03,db75ed3b-f63b-4b9e-a200-4024cb4a6170,dev_h8vfnf5f,10,43,3713.30000001192,73.2600000023842,0,0.666666666666667,0.371875,0,9,1,219.888,1,2,0,1,2,1,59,59,True,"[2,1,4,5,6]",web,False,2,False
2026-09-17T10:15:09.194+00:00,P03,db75ed3b-f63b-4b9e-a200-4024cb4a6170,dev_h8vfnf5f,11,4,1816.89999999106,69.2666666656733,0,1,0.68359375,0,9,1,317.904,2,5,0,0,2,0,37,37,True,"[1,3,6]",web,False,2,True
2026-09-17T10:15:13.93+00:00,P03,db75ed3b-f63b-4b9e-a200-4024cb4a6170,dev_h8vfnf5f,12,33,2372.79999999702,52.1999999955297,0,0.666666666666667,0.4375,0,9,1,394.504,1,3,0,1,2,0,3,3,True,"[1,2]",web,False,2,False
2026-09-17T10:15:18.218+00:00,P03,db75ed3b-f63b-4b9e-a200-4024cb4a6170,dev_h8vfnf5f,13,27,1860.90000000596,55.3000000007451,0,1,0.25,0,9,1,4168106.037,1,0,1,0,0,1,57,58,False,"[2,4,5,6]",web,False,2,False
2026-09-17T10:15:21.322+00:00,P03,db75ed3b-f63b-4b9e-a200-4024cb4a6170,dev_h8vfnf5f,14,27,1290.29999999702,105.675000000745,1,0.5,0.1625,0,9,1,3.104,1,1,0,1,2,1,57,57,True,"[1,4,5,6]",web,False,2,False
2026-09-17T10:15:25.498+00:00,P03,db75ed3b-f63b-4b9e-a200-4024cb4a6170,dev_h8vfnf5f,15,36,1740.20000000298,89.3333333333333,0,1,0.578125,0,9,1,28.968,0,0,1,0,0,1,61,25,False,"[1,4,5]",web,False,2,False
2026-09-17T10:15:28.786+00:00,P03,db75ed3b-f63b-4b9e-a200-4024cb4a6170,dev_h8vfnf5f,16,36,1479.29999999702,95.2799999952316,1,0.75,0.37578125,0,9,1,3.288,1,1,0,1,2,1,61,61,True,"[1,4,5,6,3]",web,False,2,False
2026-09-17T10:15:32.354+00:00,P03,db75ed3b-f63b-4b9e-a200-4024cb4a6170,dev_h8vfnf5f,17,14,1117.10000000894,50.2666666706403,0,1,0.25,0,9,1,65.96,0,2,0,0,2,0,35,35,True,"[1,2,6]",web,False,2,False
2026-09-17T10:15:36.362+00:00,P03,db75ed3b-f63b-4b9e-a200-4024cb4a6170,dev_h8vfnf5f,18,47,1164.89999999106,62,0,1,0.25,0,9,1,4168080.173,1,0,1,0,0,1,48,16,False,[5],web,False,2,False
2026-09-17T10:15:38.866+00:00,P03,db75ed3b-f63b-4b9e-a200-4024cb4a6170,dev_h8vfnf5f,19,47,693.5,87.9000000059605,1,0.5,0.1625,0,9,1,2.504,1,1,0,1,2,1,48,48,True,"[5,6]",web,False,2,False
2026-09-17T10:16:33.186+00:00,P03,c363098d-506f-4d56-8196-cd9b9e448d45,dev_h8vfnf5f,0,16,818.29999999702,91.4999999925494,0,1,0.25,0,10,1,394.056,1,2,0,0,2,0,9,9,True,"[1,4]",web,False,2,False
2026-09-17T10:16:36.442+00:00,P03,c363098d-506f-4d56-8196-cd9b9e448d45,dev_h8vfnf5f,1,7,994.5,87,0,0.75,0.46328125,0,10,1,3274.366,1,2,0,1,2,0,17,17,True,"[1,5]",web,False,2,True
2026-09-17T10:16:40.803+00:00,P03,c363098d-506f-4d56-8196-cd9b9e448d45,dev_h8vfnf5f,2,19,1874.20000000298,91.7250000014901,0,0.5,0.371875,0,10,1,108.52,1,0,1,2,0,1,52,53,False,"[1,5,6,3]",web,False,2,False
2026-09-17T10:16:43.722+00:00,P03,c363098d-506f-4d56-8196-cd9b9e448d45,dev_h8vfnf5f,3,19,1102.79999999702,90.5333333313465,1,0.4,0.24171875,0,10,1,2.92,1,1,0,3,2,1,52,52,True,"[3,5,6]",web,False,2,False
2026-09-17T10:16:48.731+00:00,P03,c363098d-506f-4d56-8196-cd9b9e448d45,dev_h8vfnf5f,4,33,2642.80000001192,56.3500000014901,0,0.75,0.578125,0,10,1,94.8,1,4,0,1,2,1,3,3,True,"[1,2]",web,False,2,False
2026-09-17T10:16:52.45+00:00,P03,c363098d-506f-4d56-8196-cd9b9e448d45,dev_h8vfnf5f,5,9,1481.59999999404,76.4666666636864,0,1,0.7626953125,0,10,1,134.384,1,6,0,0,2,0,21,21,True,"[1,5,3]",web,False,2,True
2026-09-17T10:17:00.754+00:00,P03,c363098d-506f-4d56-8196-cd9b9e448d45,dev_h8vfnf5f,6,22,5966,63.0499999970198,0,1,0.578125,0,10,1,325.135,1,4,0,0,2,1,58,58,True,"[2,5,4,6]",web,False,2,False
2026-09-17T10:17:03.882+00:00,P03,c363098d-506f-4d56-8196-cd9b9e448d45,dev_h8vfnf5f,7,16,793.5,90.1499999985099,0,1,0.4375,0,10,1,30.696,0,3,0,0,2,0,9,9,True,"[1,4]",web,False,2,False
2026-09-17T10:17:07.194+00:00,P03,c363098d-506f-4d56-8196-cd9b9e448d45,dev_h8vfnf5f,8,20,865.70000000298,114.499999992549,0,1,0.25,0,10,1,464.424,1,2,0,0,2,0,18,18,True,"[2,5]",web,False,2,False
2026-09-17T10:17:13.314+00:00,P03,c363098d-506f-4d56-8196-cd9b9e448d45,dev_h8vfnf5f,9,44,3765.60000000894,76.2750000022352,0,0,0,0,10,1,604800,1,0,1,0,0,1,55,53,False,"[1,3,6,5]",web,False,2,False
2026-09-17T10:17:16.746+00:00,P03,c363098d-506f-4d56-8196-cd9b9e448d45,dev_h8vfnf5f,10,44,1615.40000000596,74.5800000041723,1,0,0,0,10,1,3.432,1,1,0,1,2,1,55,55,True,"[1,2,3,5,6]",web,False,2,False
2026-09-17T10:17:20.69+00:00,P03,c363098d-506f-4d56-8196-cd9b9e448d45,dev_h8vfnf5f,11,13,1581.5,75.4999999962747,0,1,0.25,0,10,1,4168407.218,1,2,0,0,2,0,27,27,True,"[1,2,5,4]",web,False,2,False
2026-09-17T10:17:25.276+00:00,P03,c363098d-506f-4d56-8196-cd9b9e448d45,dev_h8vfnf5f,12,4,2347.29999999702,90.0666666676601,0,1,0.7626953125,0,10,1,136.082,1,6,0,0,2,0,37,37,True,"[1,3,6]",web,False,2,True
2026-09-17T10:17:28.786+00:00,P03,c363098d-506f-4d56-8196-cd9b9e448d45,dev_h8vfnf5f,13,7,1257.40000000596,47.75,0,0.8,0.5974609375,0,10,1,52.344,0,3,0,1,2,0,17,17,True,"[1,5]",web,False,2,True
2026-09-17T10:17:32.122+00:00,P03,c363098d-506f-4d56-8196-cd9b9e448d45,dev_h8vfnf5f,14,47,493.899999991059,53.7999999970198,0,0.666666666666667,0.371875,0,10,1,113.256,1,0,1,1,0,1,48,16,False,[5],web,False,2,False
2026-09-17T10:17:34.37+00:00,P03,c363098d-506f-4d56-8196-cd9b9e448d45,dev_h8vfnf5f,15,47,438.40000000596,119.899999991059,1,0.5,0.24171875,0,10,1,2.248,1,0,2,2,1,1,48,32,False,[6],web,False,2,False
2026-09-17T10:17:39.154+00:00,P03,c363098d-506f-4d56-8196-cd9b9e448d45,dev_h8vfnf5f,16,47,2976.59999999404,248.19999999553,2,0.4,0.1571171875,1,10,1,4.784,1,1,0,3,2,2,48,48,True,"[5,6]",web,False,2,False
2026-09-17T10:17:42.586+00:00,P03,c363098d-506f-4d56-8196-cd9b9e448d45,dev_h8vfnf5f,17,12,1077.89999999106,91.0749999955297,0,0.5,0.4312890625,0,10,1,253.663,1,0,1,3,0,1,40,45,False,"[1,4,3,6]",web,False,2,False
2026-09-17T10:17:45.474+00:00,P03,c363098d-506f-4d56-8196-cd9b9e448d45,dev_h8vfnf5f,18,12,1072.59999999404,114.500000007451,1,0.428571428571429,0.280337890625,0,10,1,2.888,1,1,0,4,2,1,40,40,True,"[4,6]",web,False,2,False
2026-09-17T10:17:49.658+00:00,P03,c363098d-506f-4d56-8196-cd9b9e448d45,dev_h8vfnf5f,19,40,1749.90000000596,59.9999999940395,0,1,0.25,0,10,1,4168164.211,1,2,0,0,2,0,47,47,True,"[4,1,2,3,6]",web,False,2,False
2026-09-17T10:18:49.37+00:00,P03,95936f7e-4df5-44bc-8934-534739b6aee2,dev_h8vfnf5f,0,27,2749.10000000894,69.6499999947846,0,0.666666666666667,0.371875,0,11,1,208.048,1,2,0,1,2,1,57,57,True,"[1,4,5,6]",web,False,2,False
2026-09-17T10:18:53.154+00:00,P03,95936f7e-4df5-44bc-8934-534739b6aee2,dev_h8vfnf5f,1,32,1393.90000000596,79.6666666616996,0,0.5,0.25,0,11,1,594.248,1,0,1,1,0,1,11,22,False,"[3,2,5]",web,False,2,False
2026-09-17T10:18:56.202+00:00,P03,95936f7e-4df5-44bc-8934-534739b6aee2,dev_h8vfnf5f,2,32,1239.80000001192,118.79999999702,1,0.333333333333333,0.1625,0,11,1,3.048,1,0,2,2,1,1,11,22,False,"[5,2,3]",web,False,2,False
2026-09-17T10:19:00.114+00:00,P03,95936f7e-4df5-44bc-8934-534739b6aee2,dev_h8vfnf5f,3,32,2105.40000000596,69.6999999930461,2,0.25,0.105625,1,11,1,3.912,1,1,0,3,2,2,11,11,True,"[1,2,4]",web,False,2,False
2026-09-17T10:19:04.202+00:00,P03,95936f7e-4df5-44bc-8934-534739b6aee2,dev_h8vfnf5f,4,2,1881.59999999404,99.1000000014901,0,1,0.578125,0,11,1,415.016,1,4,0,0,2,0,10,10,True,"[4,2]",web,False,2,True
2026-09-17T10:19:08.554+00:00,P03,95936f7e-4df5-44bc-8934-534739b6aee2,dev_h8vfnf5f,5,21,2093.40000000596,74.3199999958277,0,1,0.25,0,11,1,471.888,1,2,0,0,2,0,62,62,True,"[2,3,6,5,4]",web,False,2,False
2026-09-17T10:19:11.954+00:00,P03,95936f7e-4df5-44bc-8934-534739b6aee2,dev_h8vfnf5f,6,6,1053.29999999702,77.9000000059605,0,0.3,0.294075703369141,0,11,1,436.648,1,0,1,7,0,1,23,16,False,[5],web,False,2,True
2026-09-17T10:19:16.714+00:00,P03,95936f7e-4df5-44bc-8934-534739b6aee2,dev_h8vfnf5f,7,6,2955.5,76.7000000029802,1,0.272727272727273,0.191149207189941,0,11,1,4.76,1,0,2,8,1,1,23,22,False,"[2,3,5]",web,False,2,True
2026-09-17T10:19:21.898+00:00,P03,95936f7e-4df5-44bc-8934-534739b6aee2,dev_h8vfnf5f,8,6,3362.79999999702,191.874999996275,2,0.25,0.124246984673462,1,11,1,5.184,1,1,0,9,2,2,23,23,True,"[1,2,3,5]",web,False,2,True
2026-09-17T10:19:26.194+00:00,P03,95936f7e-4df5-44bc-8934-534739b6aee2,dev_h8vfnf5f,9,48,1333.40000000596,103.44999999553,0,0.428571428571429,0.3886328125,0,11,1,3423.144,2,0,1,4,0,1,6,48,False,"[5,6]",web,False,2,False
2026-09-17T10:19:28.866+00:00,P03,95936f7e-4df5-44bc-8934-534739b6aee2,dev_h8vfnf5f,10,48,859.29999999702,139.55000000447,1,0.375,0.252611328125,0,11,1,2.672,1,1,0,5,2,1,6,6,True,"[2,3]",web,False,2,False
2026-09-17T10:19:34.962+00:00,P03,95936f7e-4df5-44bc-8934-534739b6aee2,dev_h8vfnf5f,11,44,3741.59999999404,56.2400000035763,0,0.5,0.25,0,11,1,138.216,1,2,0,1,2,1,55,55,True,"[1,2,3,6,5]",web,False,2,False
2026-09-17T10:19:39.986+00:00,P03,95936f7e-4df5-44bc-8934-534739b6aee2,dev_h8vfnf5f,12,40,2585.5,66.7600000023842,0,1,0.4375,0,11,1,110.328,1,3,0,0,2,1,47,47,True,"[6,3,2,1,4]",web,False,2,False
2026-09-17T10:19:40.483+00:00,P03,95936f7e-4df5-44bc-8934-534739b6aee2,dev_h8vfnf5f,13,40,3082.79999999702,66.7600000023842,1,1,0.578125,0,11,1,0.497,1,4,0,0,2,1,47,47,True,"[6,3,2,1,4]",web,False,2,False
2026-09-17T10:19:40.52+00:00,P03,95936f7e-4df5-44bc-8934-534739b6aee2,dev_h8vfnf5f,14,40,3118.90000000596,66.7600000023842,2,1,0.68359375,0,11,1,0.036,1,5,0,0,2,2,47,47,True,"[6,3,2,1,4]",web,False,2,False
2026-09-17T10:19:40.56+00:00,P03,95936f7e-4df5-44bc-8934-534739b6aee2,dev_h8vfnf5f,15,40,3159.20000000298,66.7600000023842,3,1,0.7626953125,0,11,1,0.041,2,6,0,0,2,2,47,47,True,"[6,3,2,1,4]",web,False,2,False
2026-09-17T10:19:40.599+00:00,P03,95936f7e-4df5-44bc-8934-534739b6aee2,dev_h8vfnf5f,16,40,3198.20000000298,66.7600000023842,4,1,0.822021484375,0,11,1,0.039,2,7,0,0,2,2,47,47,True,"[6,3,2,1,4]",web,False,2,False
2026-09-17T10:19:40.62+00:00,P03,95936f7e-4df5-44bc-8934-534739b6aee2,dev_h8vfnf5f,17,40,3219.20000000298,66.7600000023842,5,1,0.86651611328125,0,11,1,0.021,2,8,0,0,2,2,47,47,True,"[6,3,2,1,4]",web,False,2,False
2026-09-17T10:19:40.662+00:00,P03,95936f7e-4df5-44bc-8934-534739b6aee2,dev_h8vfnf5f,18,40,3262,66.7600000023842,6,1,0.899887084960938,0,11,1,0.042,2,9,0,0,2,2,47,47,True,"[6,3,2,1,4]",web,False,2,False
2026-09-17T10:19:40.682+00:00,P03,95936f7e-4df5-44bc-8934-534739b6aee2,dev_h8vfnf5f,19,40,3281.79999999702,66.7600000023842,7,1,0.924915313720703,0,11,1,0.02,2,10,0,0,2,2,47,47,True,"[6,3,2,1,4]",web,False,2,False
2026-09-17T10:19:50.258+00:00,P03,36b97c77-9b12-4154-979a-bb2ffa229505,dev_h8vfnf5f,0,11,737.09999999404,51.25,0,0.875,0.850942993164063,0,12,1,291.192,1,7,0,1,2,0,5,5,True,"[1,3]",web,False,2,False
2026-09-17T10:19:53.73+00:00,P03,36b97c77-9b12-4154-979a-bb2ffa229505,dev_h8vfnf5f,1,44,1108.59999999404,44.7200000017881,0,0.666666666666667,0.4375,0,12,1,18.768,1,0,1,1,0,1,55,62,False,"[4,5,6,3,2]",web,False,2,False
2026-09-17T10:19:57.114+00:00,P03,36b97c77-9b12-4154-979a-bb2ffa229505,dev_h8vfnf5f,2,44,1563.70000000298,55.7199999988079,1,0.5,0.284375,0,12,1,3.384,1,1,0,2,2,1,55,55,True,"[1,2,3,6,5]",web,False,2,False
2026-09-17T10:20:01.29+00:00,P03,36b97c77-9b12-4154-979a-bb2ffa229505,dev_h8vfnf5f,3,15,1749.79999999702,89.3999999960264,0,1,0.4375,0,12,1,357.264,1,3,0,0,2,0,44,44,True,"[3,6,4]",web,False,2,False
2026-09-17T10:20:04.93+00:00,P03,36b97c77-9b12-4154-979a-bb2ffa229505,dev_h8vfnf5f,4,44,1289.5,74.6199999958277,0,0.6,0.46328125,0,12,1,7.816,1,2,0,2,2,0,55,55,True,"[1,2,3,6,5]",web,False,2,False
2026-09-17T10:20:08.402+00:00,P03,36b97c77-9b12-4154-979a-bb2ffa229505,dev_h8vfnf5f,5,46,1061,94.8999999985099,0,0.333333333333333,0.371875,0,12,1,422.647,1,0,1,4,0,1,38,48,False,"[5,6]",web,False,2,False
2026-09-17T10:20:11.987+00:00,P03,36b97c77-9b12-4154-979a-bb2ffa229505,dev_h8vfnf5f,6,46,1764.70000000298,67.5333333313465,1,0.285714285714286,0.24171875,0,12,1,3.585,1,1,0,5,2,1,38,38,True,"[2,3,6]",web,False,2,False
2026-09-17T10:20:19.354+00:00,P03,36b97c77-9b12-4154-979a-bb2ffa229505,dev_h8vfnf5f,7,25,5013.40000000596,85.7999999970198,0,0.8,0.6466796875,0,12,1,695.144,1,4,0,1,2,1,60,60,True,"[3,6,5,4]",web,False,2,False
2026-09-17T10:20:23.098+00:00,P03,36b97c77-9b12-4154-979a-bb2ffa229505,dev_h8vfnf5f,8,13,1397.29999999702,51.1999999992549,0,1,0.4375,0,12,1,182.408,1,3,0,0,2,0,27,27,True,"[1,2,5,4]",web,False,2,False
2026-09-17T10:20:27.666+00:00,P03,36b97c77-9b12-4154-979a-bb2ffa229505,dev_h8vfnf5f,9,21,2305.40000000596,73.1000000059605,0,1,0.4375,0,12,1,79.112,1,3,0,0,2,0,62,62,True,"[2,3,6,5,4]",web,False,2,False
2026-09-17T10:20:31.378+00:00,P03,36b97c77-9b12-4154-979a-bb2ffa229505,dev_h8vfnf5f,10,22,1376.89999999106,85.6750000044703,0,1,0.68359375,0,12,1,210.624,1,5,0,0,2,0,58,58,True,"[2,5,4,6]",web,False,2,False
2026-09-17T10:20:37.954+00:00,P03,36b97c77-9b12-4154-979a-bb2ffa229505,dev_h8vfnf5f,11,34,4132.89999999106,47.25,0,0.333333333333333,0.25,0,12,1,3442.255,2,0,1,2,0,1,24,39,False,"[1,2,3,6]",web,False,2,False
2026-09-17T10:20:41.939+00:00,P03,36b97c77-9b12-4154-979a-bb2ffa229505,dev_h8vfnf5f,12,34,2166.20000000298,79.75,1,0.25,0.1625,0,12,1,3.985,1,1,0,3,2,1,24,24,True,"[4,5]",web,False,2,False
2026-09-17T10:20:49.186+00:00,P03,36b97c77-9b12-4154-979a-bb2ffa229505,dev_h8vfnf5f,13,29,4805.5,97.2750000022352,0,1,0.4375,0,12,1,430.976,1,3,0,0,2,1,46,46,True,"[2,3,6,4]",web,False,2,False
2026-09-17T10:20:54.362+00:00,P03,36b97c77-9b12-4154-979a-bb2ffa229505,dev_h8vfnf5f,14,32,2760.90000000596,79.5666666676601,0,0.4,0.32921875,0,12,1,114.248,2,0,1,3,0,1,11,22,False,"[5,2,3]",web,False,2,False
2026-09-17T10:20:58.218+00:00,P03,36b97c77-9b12-4154-979a-bb2ffa229505,dev_h8vfnf5f,15,32,2045.70000000298,92.2666666656733,1,0.333333333333333,0.2139921875,0,12,1,3.856,1,1,0,4,2,1,11,11,True,"[1,2,4]",web,False,2,False
2026-09-17T10:21:02.474+00:00,P03,36b97c77-9b12-4154-979a-bb2ffa229505,dev_h8vfnf5f,16,35,1913,107.966666668653,0,1,0.25,0,12,1,501.575,1,2,0,0,2,0,13,13,True,"[4,1,3]",web,False,2,False
2026-09-17T10:21:06.01+00:00,P03,36b97c77-9b12-4154-979a-bb2ffa229505,dev_h8vfnf5f,17,15,1129.5,139.233333334327,0,1,0.578125,0,12,1,64.72,0,4,0,0,2,0,44,44,True,"[3,6,4]",web,False,2,False
2026-09-17T10:21:10.827+00:00,P03,36b97c77-9b12-4154-979a-bb2ffa229505,dev_h8vfnf5f,18,41,2366.10000000894,62.9333333323399,0,1,0.4375,0,12,1,400.217,1,3,0,0,2,0,14,14,True,"[3,2,4]",web,False,2,False
2026-09-17T10:21:21.89+00:00,P03,36b97c77-9b12-4154-979a-bb2ffa229505,dev_h8vfnf5f,19,26,8808.79999999702,72.6500000022352,0,0.5,0.25,0,12,1,451.312,2,2,0,1,2,2,30,30,True,"[3,2,5,4]",web,False,2,False
2026-09-17T10:22:23.17+00:00,P01,f7ec8d81-a418-45d7-86ca-f67a0c7cbc3b,dev_h8vfnf5f,0,36,7782.80000001192,87.4999999970198,0,0.8,0.5974609375,0,12,1,4231.911,1,3,0,1,2,2,61,61,True,"[1,4,5,6,3]",web,False,2,False
2026-09-17T10:22:27.658+00:00,P01,f7ec8d81-a418-45d7-86ca-f67a0c7cbc3b,dev_h8vfnf5f,1,43,2131.10000000894,76.9199999958277,0,0.8,0.5974609375,0,12,1,4164.303,1,3,0,1,2,0,59,59,True,"[2,1,4,5,6]",web,False,2,False
2026-09-17T10:22:32.434+00:00,P01,f7ec8d81-a418-45d7-86ca-f67a0c7cbc3b,dev_h8vfnf5f,2,40,2326.20000000298,101.819999998808,0,1,0.25,0,12,1,4280.068,1,2,0,0,2,0,47,47,True,"[6,3,2,1,4]",web,False,2,False
2026-09-17T10:22:38.498+00:00,P01,f7ec8d81-a418-45d7-86ca-f67a0c7cbc3b,dev_h8vfnf5f,3,19,3590.29999999702,50.3750000037253,0,0,0,0,12,1,604800,1,0,1,0,0,1,52,53,False,"[1,5,6,3]",web,False,2,False
2026-09-17T10:22:42.514+00:00,P01,f7ec8d81-a418-45d7-86ca-f67a0c7cbc3b,dev_h8vfnf5f,4,19,2205.29999999702,47.3333333333333,1,0,0,0,12,1,4.016,1,1,0,1,2,1,52,52,True,"[3,5,6]",web,False,2,False
2026-09-17T10:22:45.674+00:00,P01,f7ec8d81-a418-45d7-86ca-f67a0c7cbc3b,dev_h8vfnf5f,5,7,906.29999999702,82.4499999880791,0,1,0.4375,0,12,1,4228.983,1,3,0,0,2,0,17,17,True,"[1,5]",web,False,2,True
2026-09-17T10:22:50.13+00:00,P01,f7ec8d81-a418-45d7-86ca-f67a0c7cbc3b,dev_h8vfnf5f,6,19,1982.09999999404,75.0749999992549,0,0.5,0.25,0,12,1,7.616,1,0,1,1,0,1,52,53,False,"[1,5,6,3]",web,False,2,False
2026-09-17T10:22:58.754+00:00,P01,f7ec8d81-a418-45d7-86ca-f67a0c7cbc3b,dev_h8vfnf5f,7,19,6808.60000000894,41.7750000059605,1,0.333333333333333,0.1625,0,12,1,8.624,1,0,2,2,1,2,52,53,False,"[1,5,6,3]",web,False,2,False
2026-09-17T10:23:02.354+00:00,P01,f7ec8d81-a418-45d7-86ca-f67a0c7cbc3b,dev_h8vfnf5f,8,19,1789.20000000298,71.8666666696469,2,0.25,0.105625,1,12,1,3.6,2,1,0,3,2,2,52,52,True,"[3,5,6]",web,False,2,False
2026-09-17T10:23:06.53+00:00,P01,f7ec8d81-a418-45d7-86ca-f67a0c7cbc3b,dev_h8vfnf5f,9,13,1822.70000000298,85.2750000059605,0,0.333333333333333,0.25,0,12,1,4855.207,2,2,0,2,2,0,27,27,True,"[1,4,2,5]",web,False,2,False
2026-09-17T10:23:09.874+00:00,P01,f7ec8d81-a418-45d7-86ca-f67a0c7cbc3b,dev_h8vfnf5f,10,25,968.59999999404,49.3249999992549,0,0.5,0.4375,0,12,1,4556.439,1,3,0,2,2,0,60,60,True,"[4,5,6,3]",web,False,2,False
2026-09-17T10:23:13.466+00:00,P01,f7ec8d81-a418-45d7-86ca-f67a0c7cbc3b,dev_h8vfnf5f,11,46,1179.89999999106,74.3666666646798,0,0.4,0.32921875,0,12,1,4445.183,2,0,1,3,0,1,38,56,False,"[4,5,6]",web,False,2,False
2026-09-17T10:23:16.626+00:00,P01,f7ec8d81-a418-45d7-86ca-f67a0c7cbc3b,dev_h8vfnf5f,12,46,1348.89999999106,113.833333333333,1,0.333333333333333,0.2139921875,0,12,1,3.16,1,0,2,4,1,1,38,42,False,"[2,4,6]",web,False,2,False
2026-09-17T10:23:21.626+00:00,P01,f7ec8d81-a418-45d7-86ca-f67a0c7cbc3b,dev_h8vfnf5f,13,46,3188.40000000596,138.43333333234,2,0.285714285714286,0.139094921875,1,12,1,5,1,1,0,5,2,2,38,38,True,"[2,3,6]",web,False,2,False
2026-09-17T10:23:27.498+00:00,P01,f7ec8d81-a418-45d7-86ca-f67a0c7cbc3b,dev_h8vfnf5f,14,22,3530.29999999702,59.8249999992549,0,1,0.25,0,12,1,4195221.248,2,2,0,0,2,1,58,58,True,"[2,5,4,6]",web,False,2,False
2026-09-17T10:23:32.858+00:00,P01,f7ec8d81-a418-45d7-86ca-f67a0c7cbc3b,dev_h8vfnf5f,15,9,3130.40000000596,145.966666663686,0,0.8,0.5974609375,0,12,1,4635.255,2,3,0,1,2,1,21,21,True,"[1,5,3]",web,False,2,True
2026-09-17T10:23:35.81+00:00,P01,f7ec8d81-a418-45d7-86ca-f67a0c7cbc3b,dev_h8vfnf5f,16,38,603.70000000298,76.6999999930461,0,1,0.4375,0,12,1,4544.487,1,3,0,0,2,0,7,7,True,"[1,2,3]",web,False,2,False
2026-09-17T10:23:39.058+00:00,P01,f7ec8d81-a418-45d7-86ca-f67a0c7cbc3b,dev_h8vfnf5f,17,49,71.7999999970198,22.9000000059605,0,0.142857142857143,0.25,0,12,1,4383.327,2,0,1,6,0,1,8,2,False,[2],web,False,2,False
2026-09-17T10:23:42.042+00:00,P01,f7ec8d81-a418-45d7-86ca-f67a0c7cbc3b,dev_h8vfnf5f,18,49,1174.29999999702,71.4000000059605,1,0.125,0.1625,0,12,1,2.984,1,0,2,7,1,1,8,18,False,"[2,5]",web,False,2,False
2026-09-17T10:23:44.778+00:00,P01,f7ec8d81-a418-45d7-86ca-f67a0c7cbc3b,dev_h8vfnf5f,19,49,931.29999999702,112,2,0.111111111111111,0.105625,1,12,1,2.736,1,0,3,8,1,2,8,16,False,[5],web,False,2,False
2026-09-17T10:24:07.634+00:00,P01,6e8113ba-9a7b-453f-a644-2853c85eea74,dev_h8vfnf5f,0,18,1124.29999999702,111.300000001987,0,1,0.25,0,12,1,4275.671,1,2,0,0,2,0,26,26,True,"[2,5,4]",web,False,2,False
2026-09-17T10:24:11.554+00:00,P01,6e8113ba-9a7b-453f-a644-2853c85eea74,dev_h8vfnf5f,1,27,1504.39999999106,67.6499999947846,0,1,0.4375,0,12,1,4275.583,1,3,0,0,2,0,57,57,True,"[1,4,5,6]",web,False,2,False
2026-09-17T10:24:17.25+00:00,P01,6e8113ba-9a7b-453f-a644-2853c85eea74,dev_h8vfnf5f,2,44,3340.39999999106,47.4800000011921,0,0.5,0.25,0,12,1,4669.095,1,2,0,1,2,1,55,55,True,"[1,2,3,6,5]",web,False,2,False
2026-09-17T10:24:22.403+00:00,P01,6e8113ba-9a7b-453f-a644-2853c85eea74,dev_h8vfnf5f,3,35,2813.39999999106,82.6666666666667,0,1,0.4375,0,12,1,4463.816,1,0,1,0,0,1,13,11,False,"[1,4,2]",web,False,2,False
2026-09-17T10:24:25.922+00:00,P01,6e8113ba-9a7b-453f-a644-2853c85eea74,dev_h8vfnf5f,4,35,1712.70000000298,119.36666666468,1,0.666666666666667,0.284375,0,12,1,3.519,1,1,0,1,2,1,13,13,True,"[4,1,3]",web,False,2,False
2026-09-17T10:24:31.354+00:00,P01,6e8113ba-9a7b-453f-a644-2853c85eea74,dev_h8vfnf5f,5,37,3064.90000000596,57.3249999992549,0,1,0.4375,0,12,1,4393.279,1,3,0,0,2,1,23,23,True,"[5,2,1,3]",web,False,2,False
2026-09-17T10:24:34.778+00:00,P01,6e8113ba-9a7b-453f-a644-2853c85eea74,dev_h8vfnf5f,6,34,989.70000000298,103.166666671634,0,0,0,0,12,1,604800,1,0,1,0,0,1,24,13,False,"[4,1,3]",web,False,2,False
2026-09-17T10:24:37.994+00:00,P01,6e8113ba-9a7b-453f-a644-2853c85eea74,dev_h8vfnf5f,7,34,1398.79999999702,130.999999992549,1,0,0,0,12,1,3.216,1,0,2,1,1,1,24,18,False,"[2,5]",web,False,2,False
2026-09-17T10:24:43.362+00:00,P01,6e8113ba-9a7b-453f-a644-2853c85eea74,dev_h8vfnf5f,8,34,3547.89999999106,161.875000003725,2,0,0,1,12,1,5.368,1,1,0,2,2,2,24,24,True,"[4,5]",web,False,2,False
2026-09-17T10:24:47.074+00:00,P01,6e8113ba-9a7b-453f-a644-2853c85eea74,dev_h8vfnf5f,9,20,1284,199.30000000447,0,1,0.25,0,12,1,4806.631,2,2,0,0,2,0,18,18,True,"[2,5]",web,False,2,False
2026-09-17T10:24:51.29+00:00,P01,6e8113ba-9a7b-453f-a644-2853c85eea74,dev_h8vfnf5f,10,13,1839.90000000596,139.47500000149,0,0.5,0.4375,0,12,1,104.76,1,3,0,2,2,0,27,27,True,"[1,4,2,5]",web,False,2,False
2026-09-17T10:24:56.306+00:00,P01,6e8113ba-9a7b-453f-a644-2853c85eea74,dev_h8vfnf5f,11,30,2656,81.2000000029802,0,1,0.25,0,12,1,4435.383,1,2,0,0,2,1,29,29,True,"[1,4,5,3]",web,False,2,False
2026-09-17T10:25:06.194+00:00,P01,6e8113ba-9a7b-453f-a644-2853c85eea74,dev_h8vfnf5f,12,2,7664.5,102.40000000596,0,0.4,0.32921875,0,12,1,4809.775,2,2,0,3,2,2,10,10,True,"[4,2]",web,False,2,True
2026-09-17T10:25:10.378+00:00,P01,6e8113ba-9a7b-453f-a644-2853c85eea74,dev_h8vfnf5f,13,6,1828.70000000298,79.2000000029802,0,1,0.25,0,12,1,4195977.547,2,0,1,0,0,1,23,20,False,"[5,3]",web,False,2,True
2026-09-17T10:25:15.17+00:00,P01,6e8113ba-9a7b-453f-a644-2853c85eea74,dev_h8vfnf5f,14,6,2972.69999998808,53.2333333392938,1,0.5,0.1625,0,12,1,4.792,1,0,2,1,1,1,23,7,False,"[1,2,3]",web,False,2,True
2026-09-17T10:25:20.626+00:00,P01,6e8113ba-9a7b-453f-a644-2853c85eea74,dev_h8vfnf5f,15,6,3642.90000000596,185.849999997765,2,0.333333333333333,0.105625,1,12,1,5.456,1,1,0,2,2,2,23,23,True,"[1,2,3,5]",web,False,2,True
2026-09-17T10:25:24.058+00:00,P01,6e8113ba-9a7b-453f-a644-2853c85eea74,dev_h8vfnf5f,16,49,268.600000008941,70.5,0,0.1,0.06865625,0,12,1,99.28,2,0,4,9,0,1,8,16,False,[5],web,False,2,False
2026-09-17T10:25:27.218+00:00,P01,6e8113ba-9a7b-453f-a644-2853c85eea74,dev_h8vfnf5f,17,49,1349.79999999702,70.6999999880791,1,0.0909090909090909,0.0446265625,0,12,1,3.16,1,1,0,10,2,1,8,8,True,[4],web,False,2,False
2026-09-17T10:25:31.674+00:00,P01,6e8113ba-9a7b-453f-a644-2853c85eea74,dev_h8vfnf5f,18,21,2184,61.6800000011921,0,1,0.25,0,12,1,4556.903,1,2,0,0,2,0,62,62,True,"[2,3,6,5,4]",web,False,2,False
2026-09-17T10:25:35.474+00:00,P01,6e8113ba-9a7b-453f-a644-2853c85eea74,dev_h8vfnf5f,19,5,1584.5,73.3500000014901,0,0,0,0,12,1,4146547.428,2,1,0,3,2,0,51,51,True,"[1,2,5,6]",web,False,2,True
2026-09-17T10:26:21.93+00:00,P01,e9afee7d-cfe7-4fea-b88e-27dc4a7c1e36,dev_h8vfnf5f,0,18,1837.5,124.599999999007,0,1,0.4375,0,13,1,134.296,1,3,0,0,2,0,26,26,True,"[2,5,4]",web,False,2,False
2026-09-17T10:26:26.802+00:00,P01,e9afee7d-cfe7-4fea-b88e-27dc4a7c1e36,dev_h8vfnf5f,1,20,2429.5,136.100000008941,0,1,0.4375,0,13,1,99.728,1,3,0,0,2,0,18,18,True,"[2,5]",web,False,2,False
2026-09-17T10:26:32.034+00:00,P01,e9afee7d-cfe7-4fea-b88e-27dc4a7c1e36,dev_h8vfnf5f,2,32,2823.09999999404,42.6333333353202,0,0.333333333333333,0.371875,0,13,1,4470.407,1,0,1,4,0,1,11,22,False,"[5,2,3]",web,False,2,False
2026-09-17T10:26:35.594+00:00,P01,e9afee7d-cfe7-4fea-b88e-27dc4a7c1e36,dev_h8vfnf5f,3,32,1753.90000000596,79.0333333363136,1,0.285714285714286,0.24171875,0,13,1,3.56,1,1,0,5,2,1,11,11,True,"[1,2,4]",web,False,2,False
2026-09-17T10:26:39.21+00:00,P01,e9afee7d-cfe7-4fea-b88e-27dc4a7c1e36,dev_h8vfnf5f,4,13,1257.19999998808,107.27500000596,0,0.6,0.578125,0,13,1,107.92,1,4,0,2,2,0,27,27,True,"[1,4,2,5]",web,False,2,False
2026-09-17T10:26:42.962+00:00,P01,e9afee7d-cfe7-4fea-b88e-27dc4a7c1e36,dev_h8vfnf5f,5,39,1309.70000000298,116.166666666667,0,0.5,0.578125,0,13,1,4793.071,1,4,0,3,2,0,41,41,True,"[1,4,6]",web,False,2,False
2026-09-17T10:26:46.618+00:00,P01,e9afee7d-cfe7-4fea-b88e-27dc4a7c1e36,dev_h8vfnf5f,6,33,1285.79999999702,51.2000000029802,0,1,0.25,0,13,1,4196031.821,2,2,0,0,2,0,3,3,True,"[1,2]",web,False,2,False
2026-09-17T10:26:50.17+00:00,P01,e9afee7d-cfe7-4fea-b88e-27dc4a7c1e36,dev_h8vfnf5f,7,49,359,149.70000000298,0,0.166666666666667,0.283469921875,0,13,1,82.952,1,0,1,10,0,1,8,16,False,[5],web,False,2,False
2026-09-17T10:26:53.852+00:00,P01,e9afee7d-cfe7-4fea-b88e-27dc4a7c1e36,dev_h8vfnf5f,8,49,1873.40000000596,77.7000000029802,1,0.153846153846154,0.18425544921875,0,13,1,3.681,1,1,0,11,2,1,8,8,True,[4],web,False,2,False
2026-09-17T10:26:57.33+00:00,P01,e9afee7d-cfe7-4fea-b88e-27dc4a7c1e36,dev_h8vfnf5f,9,14,1037.69999998808,82.3000000019868,0,0.6,0.3886328125,0,13,1,4524.19,2,2,0,2,2,0,35,35,True,"[1,2,6]",web,False,2,False
2026-09-17T10:27:02.188+00:00,P01,e9afee7d-cfe7-4fea-b88e-27dc4a7c1e36,dev_h8vfnf5f,10,43,2495.10000000894,70.0600000023842,0,0.833333333333333,0.698095703125,0,13,1,274.529,1,4,0,1,2,0,59,59,True,"[2,1,4,5,6]",web,False,2,False
2026-09-17T10:27:06.082+00:00,P01,e9afee7d-cfe7-4fea-b88e-27dc4a7c1e36,dev_h8vfnf5f,11,33,1529.69999998808,42.0499999970198,0,1,0.4375,0,13,1,19.464,0,3,0,0,2,0,3,3,True,"[2,1]",web,False,2,False
2026-09-17T10:27:10.01+00:00,P01,e9afee7d-cfe7-4fea-b88e-27dc4a7c1e36,dev_h8vfnf5f,12,21,1658.09999999404,45.1999999955297,0,1,0.4375,0,13,1,98.336,1,0,1,0,0,1,62,60,False,"[3,6,5,4]",web,False,2,False
2026-09-17T10:27:13.906+00:00,P01,e9afee7d-cfe7-4fea-b88e-27dc4a7c1e36,dev_h8vfnf5f,13,21,2090.29999999702,70.1,1,0.666666666666667,0.284375,0,13,1,3.896,1,1,0,1,2,1,62,62,True,"[2,3,4,5,6]",web,False,2,False
2026-09-17T10:27:17.034+00:00,P01,e9afee7d-cfe7-4fea-b88e-27dc4a7c1e36,dev_h8vfnf5f,14,38,762.70000000298,122.099999999007,0,1,0.578125,0,13,1,221.224,1,4,0,0,2,0,7,7,True,"[1,2,3]",web,False,2,False
2026-09-17T10:27:21.97+00:00,P01,e9afee7d-cfe7-4fea-b88e-27dc4a7c1e36,dev_h8vfnf5f,15,4,2697.59999999404,66.5,0,0.4,0.4375,0,13,1,4779.743,2,3,0,3,2,1,37,37,True,"[1,3,6]",web,False,2,True
2026-09-17T10:27:24.834+00:00,P01,e9afee7d-cfe7-4fea-b88e-27dc4a7c1e36,dev_h8vfnf5f,16,48,0,102.29999999702,0,0.571428571428571,0.46025341796875,0,13,1,4501.175,1,0,1,3,0,1,6,16,False,[5],web,False,2,False
2026-09-17T10:27:59.226+00:00,P01,e9afee7d-cfe7-4fea-b88e-27dc4a7c1e36,dev_h8vfnf5f,17,48,32582,109.70000000298,1,0.5,0.299164721679688,0,13,1,34.392,1,0,2,4,1,2,6,20,False,"[3,5]",web,False,2,False
2026-09-17T10:28:03.411+00:00,P01,e9afee7d-cfe7-4fea-b88e-27dc4a7c1e36,dev_h8vfnf5f,18,48,2368.5,99.9000000059605,2,0.444444444444444,0.194457069091797,1,13,1,4.184,2,1,0,5,2,2,6,6,True,"[2,3]",web,False,2,False
2026-09-17T10:28:11.298+00:00,P01,e9afee7d-cfe7-4fea-b88e-27dc4a7c1e36,dev_h8vfnf5f,19,28,5535.90000000596,115.93333333234,0,1,0.578125,0,13,1,4864.351,1,4,0,0,2,1,25,25,True,"[1,4,5]",web,False,2,False
2026-09-17T10:28:39.666+00:00,P03,b8f2db0b-e071-4370-9b3a-60598cf5b3fd,dev_h8vfnf5f,0,35,3404.90000000596,132.900000000993,0,1,0.4375,0,14,1,457.192,1,3,0,0,2,1,13,13,True,"[3,1,4]",web,False,2,False
2026-09-17T10:28:43.762+00:00,P03,b8f2db0b-e071-4370-9b3a-60598cf5b3fd,dev_h8vfnf5f,1,18,1662,100.599999999007,0,0.8,0.5974609375,0,14,1,927.56,1,3,0,1,2,0,26,26,True,"[2,5,4]",web,False,2,False
2026-09-17T10:28:47.906+00:00,P03,b8f2db0b-e071-4370-9b3a-60598cf5b3fd,dev_h8vfnf5f,2,48,1184.5,71.9000000059605,0,0.444444444444444,0.43945849609375,0,14,1,559.04,1,0,1,5,0,1,6,8,False,[4],web,False,2,False
2026-09-17T10:28:51.122+00:00,P03,b8f2db0b-e071-4370-9b3a-60598cf5b3fd,dev_h8vfnf5f,3,48,1401.40000000596,84,1,0.4,0.285648022460938,0,14,1,3.216,1,1,0,6,2,1,6,6,True,"[2,3]",web,False,2,False
2026-09-17T10:28:55.154+00:00,P03,b8f2db0b-e071-4370-9b3a-60598cf5b3fd,dev_h8vfnf5f,4,30,1672.20000000298,71.2249999977648,0,0,0,0,14,1,604800,1,1,0,0,2,0,29,29,True,"[1,4,5,3]",web,False,2,False
2026-09-17T10:28:59.058+00:00,P03,b8f2db0b-e071-4370-9b3a-60598cf5b3fd,dev_h8vfnf5f,5,4,1656.90000000596,76.8333333283663,0,1,0.822021484375,0,14,1,693.782,1,7,0,0,2,0,37,37,True,"[1,3,6]",web,False,2,True
2026-09-17T10:29:03.874+00:00,P03,b8f2db0b-e071-4370-9b3a-60598cf5b3fd,dev_h8vfnf5f,6,1,2592,116.733333334327,0,0.95,0.995278417779809,0,14,1,3980.328,2,19,0,1,2,1,28,28,True,"[4,5,3]",web,False,2,True
2026-09-17T10:29:08.434+00:00,P03,b8f2db0b-e071-4370-9b3a-60598cf5b3fd,dev_h8vfnf5f,7,32,2152,108.70000000298,0,0.428571428571429,0.410494140625,0,14,1,490.216,1,0,1,4,0,1,11,22,False,"[5,2,3]",web,False,2,False
2026-09-17T10:29:11.37+00:00,P03,b8f2db0b-e071-4370-9b3a-60598cf5b3fd,dev_h8vfnf5f,8,32,1117.39999999106,89.7333333343267,1,0.375,0.26682119140625,0,14,1,2.936,1,1,0,5,2,1,11,11,True,"[1,2,4]",web,False,2,False
2026-09-17T10:29:16.178+00:00,P03,b8f2db0b-e071-4370-9b3a-60598cf5b3fd,dev_h8vfnf5f,9,31,2556.59999999404,63.0999999977648,0,0.666666666666667,0.371875,0,14,1,1083.568,1,2,0,1,2,1,15,15,True,"[3,2,1,4]",web,False,2,False
2026-09-17T10:29:19.394+00:00,P03,b8f2db0b-e071-4370-9b3a-60598cf5b3fd,dev_h8vfnf5f,10,18,772.29999999702,116.233333339294,0,0.833333333333333,0.698095703125,0,14,1,35.632,0,4,0,1,2,0,26,26,True,"[2,5,4]",web,False,2,False
2026-09-17T10:29:23.075+00:00,P03,b8f2db0b-e071-4370-9b3a-60598cf5b3fd,dev_h8vfnf5f,11,2,1473,114.89999999851,0,1,0.68359375,0,14,1,618.873,1,5,0,0,2,0,10,10,True,"[4,2]",web,False,2,True
2026-09-17T10:29:32.426+00:00,P03,b8f2db0b-e071-4370-9b3a-60598cf5b3fd,dev_h8vfnf5f,12,43,7004.19999998808,61.2750000022352,0,0.75,0.52890625,0,14,1,867.296,1,0,1,1,0,2,59,58,False,"[2,4,5,6]",web,False,2,False
2026-09-17T10:29:35.954+00:00,P03,b8f2db0b-e071-4370-9b3a-60598cf5b3fd,dev_h8vfnf5f,13,43,1720.29999999702,60.7399999976158,1,0.6,0.3437890625,0,14,1,3.528,2,1,0,2,2,1,59,59,True,"[1,2,4,5,6]",web,False,2,False
2026-09-17T10:29:46.442+00:00,P03,b8f2db0b-e071-4370-9b3a-60598cf5b3fd,dev_h8vfnf5f,14,27,8080.80000001192,84.3000000007451,0,0.75,0.52890625,0,14,1,657.072,1,3,0,1,2,2,57,57,True,"[1,4,5,6]",web,False,2,False
2026-09-17T10:29:49.418+00:00,P03,b8f2db0b-e071-4370-9b3a-60598cf5b3fd,dev_h8vfnf5f,15,11,696.20000000298,59.0000000074506,0,0.888888888888889,0.888207244873047,0,14,1,599.16,1,8,0,1,2,0,5,5,True,"[1,3]",web,False,2,False
2026-09-17T10:29:52.29+00:00,P03,b8f2db0b-e071-4370-9b3a-60598cf5b3fd,dev_h8vfnf5f,16,49,732.5,71,0,0.166666666666667,0.32921875,0,14,1,1429.007,2,2,0,10,2,0,8,8,True,[4],web,False,2,False
2026-09-17T10:29:58.842+00:00,P03,b8f2db0b-e071-4370-9b3a-60598cf5b3fd,dev_h8vfnf5f,17,29,4119.5,63.25,0,1,0.578125,0,14,1,549.655,1,4,0,0,2,1,46,46,True,"[3,2,6,4]",web,False,2,False
2026-09-17T10:30:02.258+00:00,P03,b8f2db0b-e071-4370-9b3a-60598cf5b3fd,dev_h8vfnf5f,18,35,1076.30000001192,130.499999995033,0,1,0.578125,0,14,1,82.592,1,4,0,0,2,0,13,13,True,"[1,4,3]",web,False,2,False
2026-09-17T10:30:05.354+00:00,P03,b8f2db0b-e071-4370-9b3a-60598cf5b3fd,dev_h8vfnf5f,19,0,872.899999991059,37.5,0,1,0.578125,0,14,1,1017.032,1,4,0,0,2,0,1,1,True,[1],web,False,2,True
2026-09-17T10:30:48.034+00:00,P03,721b16ed-cfc6-45f7-b9bb-975527fc905a,dev_h8vfnf5f,0,16,1764.70000000298,143.39999999851,0,1,0.578125,0,14,1,824.152,1,4,0,0,2,0,9,9,True,"[1,4]",web,False,2,False
2026-09-17T10:30:52.5+00:00,P03,721b16ed-cfc6-45f7-b9bb-975527fc905a,dev_h8vfnf5f,1,36,2031.29999999702,89.9749999977648,0,0.8,0.5318359375,0,14,1,923.714,1,0,1,1,0,1,61,57,False,"[1,4,5,6]",web,False,2,False
2026-09-17T10:31:12.298+00:00,P03,721b16ed-cfc6-45f7-b9bb-975527fc905a,dev_h8vfnf5f,2,36,17990.900000006,84.2200000017881,1,0.666666666666667,0.345693359375,0,14,1,19.798,1,1,0,2,2,2,61,61,True,"[1,4,5,6,3]",web,False,2,False
2026-09-17T10:31:16.946+00:00,P03,721b16ed-cfc6-45f7-b9bb-975527fc905a,dev_h8vfnf5f,3,42,2354.40000000596,95.6333333353202,0,0.666666666666667,0.622685546875,0,14,1,1111.736,1,4,0,2,2,0,19,19,True,"[1,2,5]",web,False,2,False
2026-09-17T10:31:20.402+00:00,P03,721b16ed-cfc6-45f7-b9bb-975527fc905a,dev_h8vfnf5f,4,41,1030.60000000894,113.73333332936,0,1,0.578125,0,14,1,609.574,1,4,0,0,2,0,14,14,True,"[3,2,4]",web,False,2,False
2026-09-17T10:31:24.387+00:00,P03,721b16ed-cfc6-45f7-b9bb-975527fc905a,dev_h8vfnf5f,5,15,1575.5,85.4333333273729,0,1,0.68359375,0,14,1,618.377,1,0,1,0,0,1,44,38,False,"[6,3,2]",web,False,2,False
2026-09-17T10:31:32.01+00:00,P03,721b16ed-cfc6-45f7-b9bb-975527fc905a,dev_h8vfnf5f,6,15,5810.59999999404,216.850000005215,1,0.8,0.4443359375,0,14,1,7.623,1,0,2,1,1,1,44,15,False,"[1,3,2,4]",web,False,2,False
2026-09-17T10:31:41.634+00:00,P03,721b16ed-cfc6-45f7-b9bb-975527fc905a,dev_h8vfnf5f,7,15,7806.5,162.666666671634,2,0.666666666666667,0.288818359375,1,14,1,9.624,1,0,3,2,1,2,44,22,False,"[2,5,3]",web,False,2,False
2026-09-17T10:31:45.994+00:00,P03,721b16ed-cfc6-45f7-b9bb-975527fc905a,dev_h8vfnf5f,8,15,2555.70000000298,71.8000000069539,3,0.571428571428571,0.18773193359375,2,14,1,4.36,2,1,0,3,2,2,44,44,True,"[4,6,3]",web,False,2,False
2026-09-17T10:31:49.882+00:00,P03,721b16ed-cfc6-45f7-b9bb-975527fc905a,dev_h8vfnf5f,9,47,1051,124.800000011921,0,0.5,0.367837890625,0,14,1,850.728,2,0,1,3,0,1,48,16,False,[5],web,False,2,False
2026-09-17T10:31:52.482+00:00,P03,721b16ed-cfc6-45f7-b9bb-975527fc905a,dev_h8vfnf5f,10,47,786.79999999702,146.64999999851,1,0.428571428571429,0.23909462890625,0,14,1,2.6,1,1,0,4,2,1,48,48,True,"[5,6]",web,False,2,False
2026-09-17T10:32:04.354+00:00,P03,721b16ed-cfc6-45f7-b9bb-975527fc905a,dev_h8vfnf5f,11,14,9442.29999999702,92.7500000037253,0,1,0.4375,0,14,1,992,1,0,1,0,0,2,35,27,False,"[1,2,4,5]",web,False,2,False
2026-09-17T10:32:08.042+00:00,P03,721b16ed-cfc6-45f7-b9bb-975527fc905a,dev_h8vfnf5f,12,14,1878.79999999702,97.8000000019868,1,0.666666666666667,0.284375,0,14,1,3.687,2,1,0,1,2,1,35,35,True,"[1,2,6]",web,False,2,False
2026-09-17T10:32:13.122+00:00,P03,721b16ed-cfc6-45f7-b9bb-975527fc905a,dev_h8vfnf5f,13,15,2670.20000000298,98.9333333323399,0,0.625,0.390798950195313,0,14,1,27.128,2,2,0,3,2,1,44,44,True,"[3,6,4]",web,False,2,False
2026-09-17T10:32:18.354+00:00,P03,721b16ed-cfc6-45f7-b9bb-975527fc905a,dev_h8vfnf5f,14,8,2902.70000000298,71.6000000014901,0,0.75,0.787760620117188,0,14,1,1424.48,1,6,0,2,2,1,12,12,True,"[3,4]",web,False,2,True
2026-09-17T10:32:21.746+00:00,P03,721b16ed-cfc6-45f7-b9bb-975527fc905a,dev_h8vfnf5f,15,14,954.300000011921,71.4666666636864,0,0.75,0.46328125,0,14,1,13.704,1,2,0,1,2,0,35,35,True,"[1,2,6]",web,False,2,False
2026-09-17T10:32:25.85+00:00,P03,721b16ed-cfc6-45f7-b9bb-975527fc905a,dev_h8vfnf5f,16,9,1879.09999999404,74.4666666686535,0,1,0.822021484375,0,14,1,933.4,1,7,0,0,2,0,21,21,True,"[3,5,1]",web,False,2,True
2026-09-17T10:32:29.314+00:00,P03,721b16ed-cfc6-45f7-b9bb-975527fc905a,dev_h8vfnf5f,17,49,283.90000000596,133.40000000596,0,0.230769230769231,0.4969140625,0,14,1,157.024,1,3,0,10,2,0,8,8,True,[4],web,False,2,False
2026-09-17T10:32:32.267+00:00,P03,721b16ed-cfc6-45f7-b9bb-975527fc905a,dev_h8vfnf5f,18,48,1297.5,102.94999999553,0,0.454545454545455,0.464236016845703,0,14,1,221.144,1,2,0,6,2,0,6,6,True,"[2,3]",web,False,2,False
2026-09-17T10:32:36.874+00:00,P03,721b16ed-cfc6-45f7-b9bb-975527fc905a,dev_h8vfnf5f,19,43,2242.30000001192,66.5199999988079,0,0.666666666666667,0.507841796875,0,14,1,180.919,1,2,0,2,2,0,59,59,True,"[1,2,4,5,6]",web,False,2,False
2026-09-17T11:49:22.897+00:00,P03,0c23cad0-dddf-4d6f-ad99-ed8d8623c29f,dev_h8vfnf5f,0,18,514367.200000003,115.766666660706,0,0.857142857142857,0.77357177734375,0,15,1,4803.502,1,5,0,1,2,2,26,26,True,"[2,5,4]",web,False,2,False
2026-09-17T11:49:29.201+00:00,P03,0c23cad0-dddf-4d6f-ad99-ed8d8623c29f,dev_h8vfnf5f,1,29,3857.70000000298,131.69999999553,0,1,0.68359375,0,15,1,4770.359,1,5,0,0,2,1,46,46,True,"[2,4,3,6]",web,False,2,False
2026-09-17T11:49:33.449+00:00,P03,0c23cad0-dddf-4d6f-ad99-ed8d8623c29f,dev_h8vfnf5f,2,20,1805.5,142.750000007451,0,1,0.4375,0,15,1,5546.254,1,3,0,0,2,0,18,18,True,"[2,5]",web,False,2,False
2026-09-17T11:49:45.809+00:00,P03,0c23cad0-dddf-4d6f-ad99-ed8d8623c29f,dev_h8vfnf5f,3,34,9925.59999999404,90.5999999977648,0,0.4,0.371875,0,15,1,5343.869,1,0,1,3,0,2,24,39,False,"[1,2,3,6]",web,False,2,False
2026-09-17T11:49:51.097+00:00,P03,0c23cad0-dddf-4d6f-ad99-ed8d8623c29f,dev_h8vfnf5f,4,34,3474,96.4250000044703,1,0.333333333333333,0.24171875,0,15,1,5.289,2,0,2,4,1,1,24,39,False,"[1,2,3,6]",web,False,2,False
2026-09-17T11:50:01.489+00:00,P03,0c23cad0-dddf-4d6f-ad99-ed8d8623c29f,dev_h8vfnf5f,5,34,8568.90000000596,223.79999999702,2,0.285714285714286,0.1571171875,1,15,1,10.392,1,1,0,5,2,2,24,24,True,"[4,5]",web,False,2,False
2026-09-17T11:50:08.825+00:00,P03,0c23cad0-dddf-4d6f-ad99-ed8d8623c29f,dev_h8vfnf5f,6,43,4982.10000000894,118.233333339294,0,0.714285714285714,0.63088134765625,0,15,1,4651.951,1,0,1,2,0,1,59,63,False,"[1,4,2,5,3,6]",web,False,2,False
2026-09-17T11:50:11.769+00:00,P03,0c23cad0-dddf-4d6f-ad99-ed8d8623c29f,dev_h8vfnf5f,7,43,1135.79999999702,113.59999999404,1,0.625,0.410072875976563,0,15,1,2.944,1,0,2,3,1,1,59,32,False,[6],web,False,2,False
2026-09-17T11:50:15.905+00:00,P03,0c23cad0-dddf-4d6f-ad99-ed8d8623c29f,dev_h8vfnf5f,8,43,2321.29999999702,148.779999995232,2,0.555555555555556,0.266547369384766,1,15,1,4.136,1,1,0,4,2,2,59,59,True,"[1,4,2,5,6]",web,False,2,False
2026-09-17T11:50:21.209+00:00,P03,0c23cad0-dddf-4d6f-ad99-ed8d8623c29f,dev_h8vfnf5f,9,19,2825.90000000596,137.72500000149,0,0.5,0.4312890625,0,15,1,5617.487,1,0,1,3,0,1,52,53,False,"[1,5,6,3]",web,False,2,False
2026-09-17T11:50:27.969+00:00,P03,0c23cad0-dddf-4d6f-ad99-ed8d8623c29f,dev_h8vfnf5f,10,19,4948.5,145.32500000298,1,0.428571428571429,0.280337890625,0,15,1,6.76,1,0,2,4,1,1,52,53,False,"[1,5,6,3]",web,False,2,False
2026-09-17T11:50:35.609+00:00,P03,0c23cad0-dddf-4d6f-ad99-ed8d8623c29f,dev_h8vfnf5f,11,19,5817.90000000596,156.833333333333,2,0.375,0.18221962890625,1,15,1,7.64,1,1,0,5,2,2,52,52,True,"[3,6,5]",web,False,2,False
2026-09-17T11:50:42.097+00:00,P03,0c23cad0-dddf-4d6f-ad99-ed8d8623c29f,dev_h8vfnf5f,12,34,4053.10000000894,106.70000000298,0,0.375,0.367837890625,0,15,1,40.607,2,2,0,5,2,1,24,24,True,"[4,5]",web,False,2,False
2026-09-17T11:50:46.929+00:00,P03,0c23cad0-dddf-4d6f-ad99-ed8d8623c29f,dev_h8vfnf5f,13,41,2385.5,101.033333331347,0,1,0.68359375,0,15,1,4766.527,1,5,0,0,2,0,14,14,True,"[4,2,3]",web,False,2,False
2026-09-17T11:50:53.689+00:00,P03,0c23cad0-dddf-4d6f-ad99-ed8d8623c29f,dev_h8vfnf5f,14,29,4325.20000000298,101.47500000149,0,1,0.7626953125,0,15,1,84.487,1,6,0,0,2,1,46,46,True,"[4,2,3,6]",web,False,2,False
2026-09-17T11:50:58.481+00:00,P03,0c23cad0-dddf-4d6f-ad99-ed8d8623c29f,dev_h8vfnf5f,15,31,2538.30000001192,104.024999994785,0,0.75,0.52890625,0,15,1,4902.303,1,3,0,1,2,1,15,15,True,"[1,2,3,4]",web,False,2,False
2026-09-17T11:51:02.993+00:00,P03,0c23cad0-dddf-4d6f-ad99-ed8d8623c29f,dev_h8vfnf5f,16,44,2149.5,105.459999996424,0,0.666666666666667,0.5974609375,0,15,1,5458.062,1,3,0,2,2,0,55,55,True,"[1,2,3,6,5]",web,False,2,False
2026-09-17T11:51:08.361+00:00,P03,0c23cad0-dddf-4d6f-ad99-ed8d8623c29f,dev_h8vfnf5f,17,43,2998.39999999106,129.279999998212,0,0.6,0.449910527038574,0,15,1,52.456,2,2,0,4,2,1,59,59,True,"[1,4,2,5,6]",web,False,2,False
2026-09-17T11:51:13.258+00:00,P03,0c23cad0-dddf-4d6f-ad99-ed8d8623c29f,dev_h8vfnf5f,18,32,2474.5,143,0,0.444444444444444,0.450115893554688,0,15,1,4921.888,1,0,1,5,0,1,11,22,False,"[2,5,3]",web,False,2,False
2026-09-17T11:51:48.265+00:00,P03,0c23cad0-dddf-4d6f-ad99-ed8d8623c29f,dev_h8vfnf5f,19,32,33196.400000006,134.800000001987,1,0.4,0.292575330810547,0,15,1,35.007,1,0,2,6,1,2,11,22,False,"[2,5,3]",web,False,2,False
2026-09-17T11:54:07.889+00:00,P03,50ab278c-3d2f-4381-aa6e-a1d8d69fe1ef,dev_h8vfnf5f,0,27,7099.70000000298,112.925000000745,0,0.8,0.6466796875,0,17,1,5061.447,2,4,0,1,2,2,57,57,True,"[1,4,5,6]",web,False,2,True
2026-09-17T11:54:14.473+00:00,P03,50ab278c-3d2f-4381-aa6e-a1d8d69fe1ef,dev_h8vfnf5f,1,21,4083.70000000298,84.3199999958277,0,1,0.578125,0,17,1,5626.807,1,4,0,0,2,1,62,62,True,"[4,5,6,3,2]",web,False,2,True
2026-09-17T11:54:19.049+00:00,P03,50ab278c-3d2f-4381-aa6e-a1d8d69fe1ef,dev_h8vfnf5f,2,26,2019.79999999702,64.9750000014901,0,0.666666666666667,0.4375,0,17,1,5577.158,2,3,0,1,2,0,30,30,True,"[4,5,2,3]",web,False,2,True
2026-09-17T11:54:23.601+00:00,P03,50ab278c-3d2f-4381-aa6e-a1d8d69fe1ef,dev_h8vfnf5f,3,10,1892,156.699999998013,0,1,0.4375,0,17,1,4173492.601,1,3,0,0,2,0,42,42,True,"[4,2,6]",web,False,2,True
2026-09-17T11:54:29.785+00:00,P03,50ab278c-3d2f-4381-aa6e-a1d8d69fe1ef,dev_h8vfnf5f,4,5,3695.70000000298,142.10000000149,0,0.25,0.25,0,17,1,4173520.928,1,2,0,3,2,1,51,51,True,"[1,2,5,6]",web,False,2,True
2026-09-17T11:54:37.385+00:00,P03,50ab278c-3d2f-4381-aa6e-a1d8d69fe1ef,dev_h8vfnf5f,5,21,5336,94,0,1,0.68359375,0,17,1,22.912,1,5,0,0,2,1,62,62,True,"[4,5,6,3,2]",web,False,2,True
2026-09-17T11:54:46.457+00:00,P03,50ab278c-3d2f-4381-aa6e-a1d8d69fe1ef,dev_h8vfnf5f,6,26,6809.20000000298,96.9749999977648,0,0.75,0.578125,0,17,1,27.409,0,4,0,1,2,2,30,30,True,"[2,3,4,5]",web,False,2,True
2026-09-17T11:54:52.961+00:00,P03,50ab278c-3d2f-4381-aa6e-a1d8d69fe1ef,dev_h8vfnf5f,7,27,4072.90000000596,93.4000000022352,0,0.833333333333333,0.735009765625,0,17,1,45.072,2,5,0,1,2,1,57,57,True,"[1,4,5,6]",web,False,2,True
2026-09-17T11:54:57.681+00:00,P03,50ab278c-3d2f-4381-aa6e-a1d8d69fe1ef,dev_h8vfnf5f,8,6,2111.20000000298,93.0999999940395,0,0.307692307692308,0.343185238505096,0,17,1,5735.782,2,0,1,9,0,1,23,16,False,[5],web,False,2,True
2026-09-17T11:55:02.097+00:00,P03,50ab278c-3d2f-4381-aa6e-a1d8d69fe1ef,dev_h8vfnf5f,9,6,2603.20000000298,127.95000000298,1,0.285714285714286,0.223070405028313,0,17,1,4.416,1,1,0,10,2,1,23,23,True,"[1,2,3,5]",web,False,2,True
2026-09-17T11:55:09.689+00:00,P03,50ab278c-3d2f-4381-aa6e-a1d8d69fe1ef,dev_h8vfnf5f,10,32,4940.20000000298,132.199999998013,0,0.363636363636364,0.190173965026855,0,17,1,201.424,2,1,0,7,2,1,22,22,True,"[2,5,3]",web,False,2,True
2026-09-17T11:55:15.097+00:00,P03,50ab278c-3d2f-4381-aa6e-a1d8d69fe1ef,dev_h8vfnf5f,11,24,2687.39999999106,135.61428571386,0,0.933333333333333,0.982182051986456,0,17,1,9108.883,2,15,0,1,2,1,63,63,True,"[1,4,5,2,6,3]",web,False,2,True
2026-09-17T11:55:23.865+00:00,P03,50ab278c-3d2f-4381-aa6e-a1d8d69fe1ef,dev_h8vfnf5f,12,46,6115.70000000298,93.5,0,0.375,0.4312890625,0,17,1,5711.878,1,0,1,5,0,2,30,16,False,[5],web,False,2,True
2026-09-17T11:55:30.553+00:00,P03,50ab278c-3d2f-4381-aa6e-a1d8d69fe1ef,dev_h8vfnf5f,13,46,4866.29999999702,139.550000000745,1,0.333333333333333,0.280337890625,0,17,1,6.688,2,1,0,6,2,1,30,30,True,"[2,4,5,3]",web,False,2,True
2026-09-17T11:55:37.224+00:00,P03,50ab278c-3d2f-4381-aa6e-a1d8d69fe1ef,dev_h8vfnf5f,14,14,3955.20000000298,77.25,0,0.8,0.5974609375,0,17,1,4995.478,1,0,1,1,0,1,35,39,False,"[1,2,3,6]",web,False,2,True
2026-09-17T11:55:43.273+00:00,P03,50ab278c-3d2f-4381-aa6e-a1d8d69fe1ef,dev_h8vfnf5f,15,14,4243,138.300000001987,1,0.666666666666667,0.388349609375,0,17,1,6.049,1,1,0,2,2,1,35,35,True,"[1,2,6]",web,False,2,True
2026-09-17T11:55:46.937+00:00,P03,50ab278c-3d2f-4381-aa6e-a1d8d69fe1ef,dev_h8vfnf5f,16,47,567.699999988079,156.29999999702,0,0.5,0.429320971679688,0,17,1,5034.455,1,0,1,4,0,1,48,8,False,[4],web,False,2,True
2026-09-17T11:55:52.441+00:00,P03,50ab278c-3d2f-4381-aa6e-a1d8d69fe1ef,dev_h8vfnf5f,17,47,3689.29999999702,70.9000000059605,1,0.444444444444444,0.279058631591797,0,17,1,5.504,1,0,2,5,1,1,48,8,False,[4],web,False,2,True
2026-09-17T11:59:17.001+00:00,P03,50ab278c-3d2f-4381-aa6e-a1d8d69fe1ef,dev_h8vfnf5f,18,47,202743.299999997,139.10000000149,2,0.4,0.181388110534668,1,17,1,204.56,1,1,0,6,2,2,48,48,True,"[5,6]",web,False,2,True
2026-09-17T11:59:44.032+00:00,P03,50ab278c-3d2f-4381-aa6e-a1d8d69fe1ef,dev_h8vfnf5f,19,16,24437.099999994,114.100000008941,0,1,0.68359375,0,17,1,5335.998,1,5,0,0,2,2,9,9,True,"[1,4]",web,False,2,True
2026-09-17T12:54:12.167+00:00,P01,85cdd9b2-8c0b-4db2-bdcd-b21a96272843,dev_h8vfnf5f,0,19,3340.20000000298,139.099999997765,0,0.4,0.32921875,0,15,1,9069.813,2,0,1,3,0,1,53,23,False,"[1,2,5,3]",web,False,2,True
2026-09-17T12:54:14.776+00:00,P01,85cdd9b2-8c0b-4db2-bdcd-b21a96272843,dev_h8vfnf5f,1,19,800.40000000596,127.750000007451,1,0.333333333333333,0.2139921875,0,15,1,2.609,1,0,2,4,1,1,53,36,False,"[6,3]",web,False,2,True
2026-09-17T12:54:20.649+00:00,P01,85cdd9b2-8c0b-4db2-bdcd-b21a96272843,dev_h8vfnf5f,2,19,4061.60000000894,94.0500000044703,2,0.285714285714286,0.139094921875,1,15,1,5.873,1,0,3,5,1,2,53,37,False,"[1,6,3]",web,False,2,True
2026-09-17T12:54:23.968+00:00,P01,85cdd9b2-8c0b-4db2-bdcd-b21a96272843,dev_h8vfnf5f,3,19,1513.70000000298,85.8250000029802,3,0.25,0.09041169921875,2,15,1,3.319,2,1,0,6,2,2,53,53,True,"[1,5,6,3]",web,False,2,True
2026-09-17T12:54:29.144+00:00,P01,85cdd9b2-8c0b-4db2-bdcd-b21a96272843,dev_h8vfnf5f,4,2,2695.09999999404,127.29999999702,0,0.5,0.4969140625,0,15,1,8962.95,2,0,1,3,0,1,10,34,False,"[6,2]",web,False,2,True
2026-09-17T12:54:30.944+00:00,P01,85cdd9b2-8c0b-4db2-bdcd-b21a96272843,dev_h8vfnf5f,5,2,4495.19999998808,139.799999999503,1,0.428571428571429,0.322994140625,0,15,1,1.8,1,0,2,4,1,1,10,62,False,"[6,2,4,5,3]",web,False,2,True
2026-09-17T12:54:33.64+00:00,P01,85cdd9b2-8c0b-4db2-bdcd-b21a96272843,dev_h8vfnf5f,6,2,886.09999999404,159.54999999702,2,0.375,0.20994619140625,1,15,1,2.696,1,0,3,5,1,2,10,36,False,"[3,6]",web,False,2,True
2026-09-17T12:54:36.976+00:00,P01,85cdd9b2-8c0b-4db2-bdcd-b21a96272843,dev_h8vfnf5f,7,2,1528.39999999106,116.29999999702,3,0.333333333333333,0.136465024414063,2,15,1,3.336,2,1,0,6,2,2,10,10,True,"[4,2]",web,False,2,True
2026-09-17T12:54:40.144+00:00,P01,85cdd9b2-8c0b-4db2-bdcd-b21a96272843,dev_h8vfnf5f,8,46,755.40000000596,158,0,0.375,0.35432119140625,0,15,1,9078.518,2,0,1,5,0,1,30,16,False,[5],web,False,2,True
2026-09-17T12:54:44.112+00:00,P01,85cdd9b2-8c0b-4db2-bdcd-b21a96272843,dev_h8vfnf5f,9,46,2158.09999999404,114.13333333532,1,0.333333333333333,0.230308774414063,0,15,1,3.967,1,0,2,6,1,1,30,22,False,"[5,2,3]",web,False,2,True
2026-09-17T12:54:46.193+00:00,P01,85cdd9b2-8c0b-4db2-bdcd-b21a96272843,dev_h8vfnf5f,10,46,274.100000008941,176.09999999404,2,0.3,0.149700703369141,1,15,1,2.082,1,0,3,7,1,2,30,4,False,[3],web,False,2,True
2026-09-17T12:54:49.224+00:00,P01,85cdd9b2-8c0b-4db2-bdcd-b21a96272843,dev_h8vfnf5f,11,46,1222.09999999404,93.2666666607062,3,0.272727272727273,0.0973054571899414,2,15,1,3.031,2,0,4,8,1,2,30,26,False,"[2,5,4]",web,False,2,True
2026-09-17T12:54:52.664+00:00,P01,85cdd9b2-8c0b-4db2-bdcd-b21a96272843,dev_h8vfnf5f,12,46,355.79999999702,115.02499999851,0,0.25,0.0632485471734619,0,15,1,3.44,2,1,0,9,2,0,30,30,True,"[3,2,5,4]",web,False,2,True
2026-09-17T12:54:55.424+00:00,P01,85cdd9b2-8c0b-4db2-bdcd-b21a96272843,dev_h8vfnf5f,13,1,196.800000011921,126.100000008941,0,1,0.25,0,15,1,13369.893,1,0,1,0,0,1,28,5,False,"[1,3]",web,False,2,True
2026-09-17T12:54:58.232+00:00,P01,85cdd9b2-8c0b-4db2-bdcd-b21a96272843,dev_h8vfnf5f,14,1,999.70000000298,116.63333333532,1,0.5,0.1625,0,15,1,2.808,1,0,2,1,1,1,28,25,False,"[1,4,5]",web,False,2,True
2026-09-17T12:55:01.745+00:00,P01,85cdd9b2-8c0b-4db2-bdcd-b21a96272843,dev_h8vfnf5f,15,1,1702.90000000596,101.000000004967,2,0.333333333333333,0.105625,1,15,1,3.513,1,1,0,2,2,2,28,28,True,"[3,4,5]",web,False,2,True
2026-09-17T12:55:05.961+00:00,P01,85cdd9b2-8c0b-4db2-bdcd-b21a96272843,dev_h8vfnf5f,16,42,1653,76.3399999976158,0,1,0.25,0,15,1,14286.893,2,0,1,0,0,1,19,62,False,"[3,6,2,4,5]",web,False,2,True
2026-09-17T12:55:08.744+00:00,P01,85cdd9b2-8c0b-4db2-bdcd-b21a96272843,dev_h8vfnf5f,17,42,971.90000000596,141.100000003974,1,0.5,0.1625,0,15,1,2.784,1,0,2,1,1,1,19,22,False,"[2,3,5]",web,False,2,True
2026-09-17T12:55:12.728+00:00,P01,85cdd9b2-8c0b-4db2-bdcd-b21a96272843,dev_h8vfnf5f,18,42,2167.19999998808,142.085714286992,2,0.333333333333333,0.105625,1,15,1,3.984,1,0,3,2,1,2,19,27,False,"[1,4,2,5]",web,False,2,True
2026-09-17T12:55:15.632+00:00,P01,85cdd9b2-8c0b-4db2-bdcd-b21a96272843,dev_h8vfnf5f,19,42,1097.09999999404,133.233333334327,3,0.25,0.06865625,2,15,1,2.904,2,1,0,3,2,2,19,19,True,"[1,2,5]",web,False,2,True
2026-09-17T12:55:39.12+00:00,P01,8aa7885a-ffef-4ebd-9c69-6255b099f23d,dev_h8vfnf5f,0,44,1856.79999999702,87.1000000039736,0,0.666666666666667,0.4375,0,15,1,9081.87,1,0,1,1,0,1,55,7,False,"[1,2,3]",web,False,2,True
2026-09-17T12:55:42.344+00:00,P01,8aa7885a-ffef-4ebd-9c69-6255b099f23d,dev_h8vfnf5f,1,44,1413.20000000298,65.9666666636864,1,0.5,0.284375,0,15,1,3.224,1,0,2,2,1,1,55,56,False,"[4,5,6]",web,False,2,True
2026-09-17T12:55:48.304+00:00,P01,8aa7885a-ffef-4ebd-9c69-6255b099f23d,dev_h8vfnf5f,2,44,4152.09999999404,108.460000002384,2,0.4,0.18484375,1,15,1,5.96,1,1,0,3,2,2,55,55,True,"[1,2,3,6,5]",web,False,2,True
2026-09-17T12:55:52.232+00:00,P01,8aa7885a-ffef-4ebd-9c69-6255b099f23d,dev_h8vfnf5f,3,26,1668.40000000596,147.374999996275,0,1,0.68359375,0,15,1,13372.613,1,0,1,0,0,1,30,27,False,"[1,4,2,5]",web,False,2,True
2026-09-17T12:55:55.416+00:00,P01,8aa7885a-ffef-4ebd-9c69-6255b099f23d,dev_h8vfnf5f,4,26,1367.40000000596,122.966666668653,1,0.8,0.4443359375,0,15,1,3.183,1,0,2,1,1,1,30,7,False,"[1,2,3]",web,False,2,True
2026-09-17T12:56:00.616+00:00,P01,8aa7885a-ffef-4ebd-9c69-6255b099f23d,dev_h8vfnf5f,5,26,3387.69999998808,83.8166666701436,2,0.666666666666667,0.288818359375,1,15,1,5.201,1,1,0,2,2,2,30,30,True,"[5,4,2,3]",web,False,2,True
2026-09-17T12:56:22.992+00:00,P01,8aa7885a-ffef-4ebd-9c69-6255b099f23d,dev_h8vfnf5f,6,47,19548.6999999881,34.9250000007451,0,0.444444444444444,0.46025341796875,0,15,1,13554.476,1,0,1,5,0,2,48,7,False,"[1,2,3]",web,False,2,True
2026-09-17T12:56:27.128+00:00,P01,8aa7885a-ffef-4ebd-9c69-6255b099f23d,dev_h8vfnf5f,7,47,2323.59999999404,74.2666666656733,1,0.4,0.299164721679688,0,15,1,4.135,2,0,2,6,1,1,48,26,False,"[4,5,2]",web,False,2,True
2026-09-17T12:56:32.184+00:00,P01,8aa7885a-ffef-4ebd-9c69-6255b099f23d,dev_h8vfnf5f,8,47,3236.90000000596,251.89999999851,2,0.363636363636364,0.194457069091797,1,15,1,5.057,1,1,0,7,2,2,48,48,True,"[5,6]",web,False,2,True
2026-09-17T12:56:36.368+00:00,P01,8aa7885a-ffef-4ebd-9c69-6255b099f23d,dev_h8vfnf5f,9,22,1588.60000000894,60.6200000017881,0,1,0.4375,0,15,1,9188.869,1,0,1,0,0,1,58,59,False,"[4,1,2,5,6]",web,False,2,True
2026-09-17T12:56:39.976+00:00,P01,8aa7885a-ffef-4ebd-9c69-6255b099f23d,dev_h8vfnf5f,10,22,1791.10000000894,60.9666666636864,1,0.666666666666667,0.284375,0,15,1,3.609,1,0,2,1,1,1,58,22,False,"[2,3,5]",web,False,2,True
2026-09-17T12:56:45.849+00:00,P01,8aa7885a-ffef-4ebd-9c69-6255b099f23d,dev_h8vfnf5f,11,22,4064.10000000894,110.40000000596,2,0.5,0.18484375,1,15,1,5.873,1,1,0,2,2,2,58,58,True,"[2,5,6,4]",web,False,2,True
2026-09-17T12:56:50.592+00:00,P01,8aa7885a-ffef-4ebd-9c69-6255b099f23d,dev_h8vfnf5f,12,40,2050.80000001192,87.1666666616996,0,1,0.4375,0,15,1,9258.157,1,0,1,0,0,1,47,19,False,"[1,2,5]",web,False,2,True
2026-09-17T12:56:53.952+00:00,P01,8aa7885a-ffef-4ebd-9c69-6255b099f23d,dev_h8vfnf5f,13,40,1556.09999999404,83.8499999977648,1,0.666666666666667,0.284375,0,15,1,3.361,1,0,2,1,1,1,47,46,False,"[3,6,2,4]",web,False,2,True
2026-09-17T12:57:00.288+00:00,P01,8aa7885a-ffef-4ebd-9c69-6255b099f23d,dev_h8vfnf5f,14,40,4519.79999999702,139.460000002384,2,0.5,0.18484375,1,15,1,6.336,1,1,0,2,2,2,47,47,True,"[4,1,2,3,6]",web,False,2,True
2026-09-17T12:57:04.392+00:00,P01,8aa7885a-ffef-4ebd-9c69-6255b099f23d,dev_h8vfnf5f,15,26,1851.10000000894,74.9199999988079,0,0.714285714285714,0.46661376953125,0,15,1,63.776,2,0,1,2,0,1,30,31,False,"[4,1,2,5,3]",web,False,2,True
2026-09-17T12:57:06.888+00:00,P01,8aa7885a-ffef-4ebd-9c69-6255b099f23d,dev_h8vfnf5f,16,26,687.600000008941,160.166666666667,1,0.625,0.303298950195312,0,15,1,2.496,1,0,2,3,1,1,30,19,False,"[1,5,2]",web,False,2,True
2026-09-17T12:57:10.872+00:00,P01,8aa7885a-ffef-4ebd-9c69-6255b099f23d,dev_h8vfnf5f,17,26,2172.09999999404,112.100000008941,2,0.555555555555556,0.197144317626953,1,15,1,3.984,1,0,3,4,1,2,30,36,False,"[3,6]",web,False,2,True
2026-09-17T12:57:13.6+00:00,P01,8aa7885a-ffef-4ebd-9c69-6255b099f23d,dev_h8vfnf5f,18,26,920.100000008941,96.1499999985099,3,0.5,0.12814380645752,2,15,1,2.728,2,0,4,5,1,2,30,24,False,"[5,4]",web,False,2,True
2026-09-17T12:57:17.568+00:00,P01,8aa7885a-ffef-4ebd-9c69-6255b099f23d,dev_h8vfnf5f,19,26,1028.19999998808,79.2750000059605,0,0.454545454545455,0.0832934741973877,0,15,1,3.968,2,1,0,6,2,0,30,30,True,"[3,2,5,4]",web,False,2,True
2026-09-17T12:57:55.504+00:00,P01,f365be68-5b2a-4576-80c6-eeb8350293a3,dev_h8vfnf5f,0,12,1632.20000000298,115.54999999702,0,0.375,0.410494140625,0,16,1,13507.205,1,0,1,5,0,1,45,9,False,"[1,4]",web,False,2,True
2026-09-17T12:57:57.968+00:00,P01,f365be68-5b2a-4576-80c6-eeb8350293a3,dev_h8vfnf5f,1,12,652.59999999404,106.94999999553,1,0.333333333333333,0.26682119140625,0,16,1,2.464,1,0,2,6,1,1,45,36,False,"[3,6]",web,False,2,True
2026-09-17T12:58:03+00:00,P01,f365be68-5b2a-4576-80c6-eeb8350293a3,dev_h8vfnf5f,2,12,3212.5,168.300000000745,2,0.3,0.173433774414063,1,16,1,5.032,1,1,0,7,2,2,45,45,True,"[1,4,3,6]",web,False,2,True
2026-09-17T12:58:06.984+00:00,P01,f365be68-5b2a-4576-80c6-eeb8350293a3,dev_h8vfnf5f,3,12,1632.20000000298,98.7166666636864,0,0.363636363636364,0.380075330810547,0,16,1,3.984,2,0,1,7,0,1,45,31,False,"[5,2,3,1,4]",web,False,2,True
2026-09-17T12:58:10.896+00:00,P01,f365be68-5b2a-4576-80c6-eeb8350293a3,dev_h8vfnf5f,4,12,2097.79999999702,77.1499999985099,1,0.333333333333333,0.247048965026855,0,16,1,3.911,1,0,2,8,1,1,45,30,False,"[5,2,3,4]",web,False,2,True
2026-09-17T12:58:14.552+00:00,P01,f365be68-5b2a-4576-80c6-eeb8350293a3,dev_h8vfnf5f,5,12,1837.5,119.655555559529,2,0.307692307692308,0.160581827267456,1,16,1,3.656,1,0,3,9,1,2,45,62,False,"[5,2,3,4,6]",web,False,2,True
2026-09-17T12:58:17.112+00:00,P01,f365be68-5b2a-4576-80c6-eeb8350293a3,dev_h8vfnf5f,6,12,752.79999999702,97.8333333333333,3,0.285714285714286,0.104378187723846,2,16,1,2.561,2,0,4,10,1,2,45,52,False,"[5,3,6]",web,False,2,True
2026-09-17T12:58:18.576+00:00,P01,f365be68-5b2a-4576-80c6-eeb8350293a3,dev_h8vfnf5f,7,12,2216.79999999702,97.8333333333333,4,0.266666666666667,0.0678458220205002,2,16,1,1.464,2,0,5,11,1,2,45,52,False,"[5,3,6]",web,False,2,True
2026-09-17T12:58:21.192+00:00,P01,f365be68-5b2a-4576-80c6-eeb8350293a3,dev_h8vfnf5f,8,12,0,82.3666666646798,0,0.25,0.0440997843133251,0,16,1,2.616,2,0,6,12,0,1,45,52,False,"[5,6,3]",web,False,2,True
2026-09-17T12:58:24.408+00:00,P01,f365be68-5b2a-4576-80c6-eeb8350293a3,dev_h8vfnf5f,9,12,1397.5,114.619999995828,1,0.235294117647059,0.0286648598036613,0,16,1,3.215,1,0,7,13,1,1,45,61,False,"[1,4,5,6,3]",web,False,2,True
2026-09-17T12:58:28.304+00:00,P01,f365be68-5b2a-4576-80c6-eeb8350293a3,dev_h8vfnf5f,10,12,2079.09999999404,93.6499999985099,2,0.222222222222222,0.0186321588723799,1,16,1,3.897,1,0,8,14,1,2,45,29,False,"[1,3,5,4]",web,False,2,True
2026-09-17T12:58:32.016+00:00,P01,f365be68-5b2a-4576-80c6-eeb8350293a3,dev_h8vfnf5f,11,12,1900.20000000298,168.085714284863,3,0.210526315789474,0.0121109032670469,2,16,1,3.712,2,1,0,15,2,2,45,45,True,"[4,3,6,1]",web,False,2,True
2026-09-17T12:58:36.168+00:00,P01,f365be68-5b2a-4576-80c6-eeb8350293a3,dev_h8vfnf5f,12,40,1716,306.2,0,0.6,0.3886328125,0,16,1,95.88,2,0,1,2,0,1,47,31,False,"[4,1,2,5,3]",web,False,2,True
2026-09-17T12:58:40.272+00:00,P01,f365be68-5b2a-4576-80c6-eeb8350293a3,dev_h8vfnf5f,13,40,2294.19999998808,122.974999997765,1,0.5,0.252611328125,0,16,1,4.104,1,0,2,3,1,1,47,19,False,"[1,2,5]",web,False,2,True
2026-09-17T12:58:45.832+00:00,P01,f365be68-5b2a-4576-80c6-eeb8350293a3,dev_h8vfnf5f,14,40,3746.60000000894,94.1833333298564,2,0.428571428571429,0.16419736328125,1,16,1,5.56,1,1,0,4,2,2,47,47,True,"[1,4,2,3,6]",web,False,2,True
2026-09-17T12:58:50.29+00:00,P01,f365be68-5b2a-4576-80c6-eeb8350293a3,dev_h8vfnf5f,15,7,1918,395.080000001192,0,1,0.578125,0,16,1,9364.616,1,0,1,0,0,1,17,61,False,"[1,4,5,6,3]",web,False,2,True
2026-09-17T12:58:54.081+00:00,P01,f365be68-5b2a-4576-80c6-eeb8350293a3,dev_h8vfnf5f,16,7,1971.09999999404,191.05000000447,1,0.75,0.37578125,0,16,1,3.791,1,1,0,1,2,1,17,17,True,"[1,5]",web,False,2,True
2026-09-17T12:58:57.416+00:00,P01,f365be68-5b2a-4576-80c6-eeb8350293a3,dev_h8vfnf5f,17,13,705.199999988079,278.89999999851,0,0.666666666666667,0.68359375,0,16,1,9138.206,1,0,1,2,0,1,27,18,False,"[5,2]",web,False,2,True
2026-09-17T12:59:02.257+00:00,P01,f365be68-5b2a-4576-80c6-eeb8350293a3,dev_h8vfnf5f,18,13,3023.5,206.79999999702,1,0.571428571428571,0.4443359375,0,16,1,4.84,1,0,2,3,1,1,27,36,False,"[3,6]",web,False,2,True
2026-09-17T12:59:07.544+00:00,P01,f365be68-5b2a-4576-80c6-eeb8350293a3,dev_h8vfnf5f,19,13,3471.79999999702,135.900000000993,2,0.5,0.288818359375,1,16,1,5.288,1,0,3,4,1,2,27,7,False,"[1,2,3]",web,False,2,True
2026-09-17T12:59:18.704+00:00,P01,45aee4ec-0aaa-4cfa-94ce-991772a6630b,dev_h8vfnf5f,0,46,1352.90000000596,203.400000002235,0,0.307692307692308,0.297436410380096,0,17,1,266.04,1,0,1,9,0,1,30,27,False,"[1,4,2,5]",web,False,2,True
2026-09-17T12:59:22.944+00:00,P01,45aee4ec-0aaa-4cfa-94ce-991772a6630b,dev_h8vfnf5f,1,46,2434.40000000596,154.266666665673,1,0.285714285714286,0.193333666747063,0,17,1,4.24,1,0,2,10,1,1,30,35,False,"[6,2,1]",web,False,2,True
2026-09-17T12:59:28.817+00:00,P01,45aee4ec-0aaa-4cfa-94ce-991772a6630b,dev_h8vfnf5f,2,46,4052.59999999404,155.675000000745,2,0.266666666666667,0.125666883385591,1,17,1,5.873,1,1,0,11,2,2,30,30,True,"[4,5,2,3]",web,False,2,True
2026-09-17T12:59:46.784+00:00,P01,45aee4ec-0aaa-4cfa-94ce-991772a6630b,dev_h8vfnf5f,3,28,15352.400000006,171.419999998808,0,1,0.68359375,0,17,1,9095.486,1,0,1,0,0,2,25,55,False,"[1,2,3,6,5]",web,False,2,True
2026-09-17T12:59:50.136+00:00,P01,45aee4ec-0aaa-4cfa-94ce-991772a6630b,dev_h8vfnf5f,4,28,1546,108.733333334327,1,0.8,0.4443359375,0,17,1,3.352,2,0,2,1,1,1,25,19,False,"[1,2,5]",web,False,2,True
2026-09-17T12:59:55.609+00:00,P01,45aee4ec-0aaa-4cfa-94ce-991772a6630b,dev_h8vfnf5f,5,28,3652.40000000596,143.599999999007,2,0.666666666666667,0.288818359375,1,17,1,5.473,1,1,0,2,2,2,25,25,True,"[1,4,5]",web,False,2,True
2026-09-17T13:00:01.44+00:00,P01,45aee4ec-0aaa-4cfa-94ce-991772a6630b,dev_h8vfnf5f,6,42,3547.89999999106,216.133333330353,0,0.4,0.3014921875,0,17,1,285.808,2,2,0,3,2,1,19,19,True,"[2,5,1]",web,False,2,True
2026-09-17T13:00:10.624+00:00,P01,45aee4ec-0aaa-4cfa-94ce-991772a6630b,dev_h8vfnf5f,7,4,6671.59999999404,164.366666659713,0,0.5,0.578125,0,17,1,9168.654,1,0,1,3,0,2,37,7,False,"[1,2,3]",web,False,2,True
2026-09-17T13:00:14.648+00:00,P01,45aee4ec-0aaa-4cfa-94ce-991772a6630b,dev_h8vfnf5f,8,4,2204.70000000298,165.20000000298,1,0.428571428571429,0.37578125,0,17,1,4.024,2,1,0,4,2,1,37,37,True,"[1,3,6]",web,False,2,True
2026-09-17T13:00:17.112+00:00,P01,45aee4ec-0aaa-4cfa-94ce-991772a6630b,dev_h8vfnf5f,9,34,0,192.07499999553,0,0.333333333333333,0.25,0,17,1,9333.749,2,0,1,2,0,1,39,45,False,"[1,4,6,3]",web,False,2,True
2026-09-17T13:00:20.448+00:00,P01,45aee4ec-0aaa-4cfa-94ce-991772a6630b,dev_h8vfnf5f,10,34,1529,86.6166666621963,1,0.25,0.1625,0,17,1,3.337,1,0,2,3,1,1,39,54,False,"[2,5,3,6]",web,False,2,True
2026-09-17T13:00:25.336+00:00,P01,45aee4ec-0aaa-4cfa-94ce-991772a6630b,dev_h8vfnf5f,11,34,3075.40000000596,205.750000001863,2,0.2,0.105625,1,17,1,4.888,1,0,3,4,1,2,39,63,False,"[1,2,3,6,5,4]",web,False,2,True
2026-09-17T13:00:30.048+00:00,P01,45aee4ec-0aaa-4cfa-94ce-991772a6630b,dev_h8vfnf5f,12,34,2900.40000000596,67.8000000007451,3,0.166666666666667,0.06865625,2,17,1,4.712,2,1,0,5,2,2,39,39,True,"[1,2,3,6]",web,False,2,True
2026-09-17T13:00:33.872+00:00,P01,45aee4ec-0aaa-4cfa-94ce-991772a6630b,dev_h8vfnf5f,13,40,1381.29999999702,129.93333333234,0,0.5,0.373148022460937,0,17,1,108.04,2,0,1,4,0,1,47,14,False,"[4,2,3]",web,False,2,True
2026-09-17T13:00:37.064+00:00,P01,45aee4ec-0aaa-4cfa-94ce-991772a6630b,dev_h8vfnf5f,14,40,1382.80000001192,57.1999999973923,1,0.444444444444444,0.242546214599609,0,17,1,3.192,1,0,2,5,1,1,47,63,False,"[1,3,6,5,2,4]",web,False,2,True
2026-09-17T13:00:40.266+00:00,P01,45aee4ec-0aaa-4cfa-94ce-991772a6630b,dev_h8vfnf5f,15,40,1385.60000000894,95.8500000014901,2,0.4,0.157655039489746,1,17,1,3.201,1,0,3,6,1,2,47,18,False,"[5,2]",web,False,2,True
2026-09-17T13:00:42.936+00:00,P01,45aee4ec-0aaa-4cfa-94ce-991772a6630b,dev_h8vfnf5f,16,40,864.20000000298,98.0000000037253,3,0.363636363636364,0.102475775668335,2,17,1,2.671,2,0,4,7,1,2,47,39,False,"[1,2,3,6]",web,False,2,True
2026-09-17T13:00:47.048+00:00,P01,45aee4ec-0aaa-4cfa-94ce-991772a6630b,dev_h8vfnf5f,17,40,1017,74.7000000029802,0,0.333333333333333,0.0666092541844177,0,17,1,4.112,2,1,0,8,2,0,47,47,True,"[1,2,3,4,6]",web,False,2,True
2026-09-17T13:00:50.68+00:00,P01,45aee4ec-0aaa-4cfa-94ce-991772a6630b,dev_h8vfnf5f,18,42,1346.79999999702,91.5999999977648,0,0.5,0.476119140625,0,17,1,49.239,1,0,1,3,0,1,19,30,False,"[4,5,3,2]",web,False,2,True
2026-09-17T13:00:53.896+00:00,P01,45aee4ec-0aaa-4cfa-94ce-991772a6630b,dev_h8vfnf5f,19,42,1396.79999999702,163.050000000745,1,0.428571428571429,0.30947744140625,0,17,1,3.217,1,0,2,4,1,1,19,23,False,"[1,2,5,3]",web,False,2,True
2026-09-17T13:01:15.696+00:00,P02,4fc65b86-869e-4d02-aded-644f55f1d24a,dev_h8vfnf5f,0,49,38,108.29999999702,0,0.375,0.280337890625,0,12,1,11616.79,1,0,2,5,0,1,4,16,False,[5],web,False,2,True
2026-09-17T13:01:18.576+00:00,P02,4fc65b86-869e-4d02-aded-644f55f1d24a,dev_h8vfnf5f,1,49,1073.09999999404,85.7999999970198,1,0.333333333333333,0.18221962890625,0,12,1,2.88,1,1,0,6,2,1,4,4,True,[3],web,False,2,True
2026-09-17T13:01:21.863+00:00,P02,4fc65b86-869e-4d02-aded-644f55f1d24a,dev_h8vfnf5f,2,41,605.79999999702,140.533333336314,0,1,0.4375,0,12,1,12385.46,2,0,1,0,0,1,14,21,False,"[1,5,3]",web,False,2,True
2026-09-17T13:01:26.384+00:00,P02,4fc65b86-869e-4d02-aded-644f55f1d24a,dev_h8vfnf5f,3,41,2699.89999999106,72.3500000089407,1,0.666666666666667,0.284375,0,12,1,4.521,1,0,2,1,1,1,14,12,False,"[3,4]",web,False,2,True
2026-09-17T13:01:30.28+00:00,P02,4fc65b86-869e-4d02-aded-644f55f1d24a,dev_h8vfnf5f,4,41,2081.70000000298,96.000000004967,2,0.5,0.18484375,1,12,1,3.895,1,1,0,2,2,2,14,14,True,"[2,3,4]",web,False,2,True
2026-09-17T13:01:33.136+00:00,P02,4fc65b86-869e-4d02-aded-644f55f1d24a,dev_h8vfnf5f,5,28,497,113.39999999851,0,1,0.4375,0,12,1,12224.11,1,0,1,0,0,1,25,57,False,"[1,4,5,6]",web,False,2,True
2026-09-17T13:01:37.192+00:00,P02,4fc65b86-869e-4d02-aded-644f55f1d24a,dev_h8vfnf5f,6,28,2242.59999999404,127.366666669647,1,0.666666666666667,0.284375,0,12,1,4.055,1,1,0,1,2,1,25,25,True,"[1,4,5]",web,False,2,True
2026-09-17T13:01:39.912+00:00,P02,4fc65b86-869e-4d02-aded-644f55f1d24a,dev_h8vfnf5f,7,31,193.899999991059,113.933333337307,0,1,0.578125,0,12,1,11836.997,1,0,1,0,0,1,15,42,False,"[4,2,6]",web,False,2,True
2026-09-17T13:01:43.896+00:00,P02,4fc65b86-869e-4d02-aded-644f55f1d24a,dev_h8vfnf5f,8,31,2180.5,137.14999999851,1,0.75,0.37578125,0,12,1,3.985,1,0,2,1,1,1,15,63,False,"[1,4,2,5,3,6]",web,False,2,True
2026-09-17T13:01:47.592+00:00,P02,4fc65b86-869e-4d02-aded-644f55f1d24a,dev_h8vfnf5f,9,31,1877,103.824999999255,2,0.6,0.2442578125,1,12,1,3.696,1,1,0,2,2,2,15,15,True,"[4,1,2,3]",web,False,2,True
2026-09-17T13:01:54.304+00:00,P02,4fc65b86-869e-4d02-aded-644f55f1d24a,dev_h8vfnf5f,10,18,4025.89999999106,113.833333333333,0,1,0.578125,0,12,1,11976.213,1,0,1,0,0,1,26,11,False,"[4,1,2]",web,False,2,True
2026-09-17T13:01:57.568+00:00,P02,4fc65b86-869e-4d02-aded-644f55f1d24a,dev_h8vfnf5f,11,18,1455.5,79.1999999980132,1,0.75,0.37578125,0,12,1,3.265,1,1,0,1,2,1,26,26,True,"[2,4,5]",web,False,2,True
2026-09-17T13:02:00.88+00:00,P02,4fc65b86-869e-4d02-aded-644f55f1d24a,dev_h8vfnf5f,12,45,822,101.980000004172,0,0.428571428571429,0.410494140625,0,12,1,12164.283,1,0,1,4,0,1,34,61,False,"[5,6,3,4,1]",web,False,2,True
2026-09-17T13:02:04.176+00:00,P02,4fc65b86-869e-4d02-aded-644f55f1d24a,dev_h8vfnf5f,13,45,1477,123.179999998212,1,0.375,0.26682119140625,0,12,1,3.295,1,0,2,5,1,1,34,58,False,"[2,5,6,4]",web,False,2,True
2026-09-17T13:02:06.304+00:00,P02,4fc65b86-869e-4d02-aded-644f55f1d24a,dev_h8vfnf5f,14,45,319.399999991059,103.800000011921,2,0.333333333333333,0.173433774414063,1,12,1,2.129,1,0,3,6,1,2,34,4,False,[3],web,False,2,True
2026-09-17T13:02:10.912+00:00,P02,4fc65b86-869e-4d02-aded-644f55f1d24a,dev_h8vfnf5f,15,45,2801.29999999702,135.95000000298,3,0.3,0.112731953369141,2,12,1,4.608,2,1,0,7,2,2,34,34,True,"[2,6]",web,False,2,True
2026-09-17T13:02:51.824+00:00,P02,4fc65b86-869e-4d02-aded-644f55f1d24a,dev_h8vfnf5f,16,10,38504.400000006,116.77499999851,0,0,0,0,12,1,604800,1,0,1,0,0,2,42,29,False,"[1,4,5,3]",web,False,2,True
2026-09-17T13:02:54.152+00:00,P02,4fc65b86-869e-4d02-aded-644f55f1d24a,dev_h8vfnf5f,17,10,519.09999999404,60.8333333333333,1,0,0,0,12,1,2.328,2,1,0,1,2,1,42,42,True,"[2,4,6]",web,False,2,True
2026-09-17T13:02:57.128+00:00,P02,4fc65b86-869e-4d02-aded-644f55f1d24a,dev_h8vfnf5f,18,38,359.90000000596,71.2200000017881,0,1,0.7626953125,0,12,1,11930.23,2,0,1,0,0,1,7,15,False,"[4,1,2,3]",web,False,2,True
2026-09-17T13:03:00.712+00:00,P02,4fc65b86-869e-4d02-aded-644f55f1d24a,dev_h8vfnf5f,19,38,1778.09999999404,78.2000000029802,1,0.833333333333333,0.495751953125,0,12,1,3.583,1,0,2,1,1,1,7,18,False,"[5,2]",web,False,2,True
2026-09-17T13:03:45.216+00:00,P02,a5a55488-c193-47f4-9105-7a32c222d6a3,dev_h8vfnf5f,0,24,1291.40000000596,66.2833333313465,0,0.6,0.578125,0,12,1,13488.477,2,4,0,2,2,0,63,63,True,"[1,2,3,6,5,4]",web,False,2,True
2026-09-17T13:03:48.696+00:00,P02,a5a55488-c193-47f4-9105-7a32c222d6a3,dev_h8vfnf5f,1,25,853,133.249999996275,0,1,0.4375,0,12,1,11786.933,1,0,1,0,0,1,60,15,False,"[4,1,2,3]",web,False,2,True
2026-09-17T13:03:51.312+00:00,P02,a5a55488-c193-47f4-9105-7a32c222d6a3,dev_h8vfnf5f,2,25,809.199999988079,163.875000003725,1,0.666666666666667,0.284375,0,12,1,2.617,1,0,2,1,1,1,60,15,False,"[2,1,4,3]",web,False,2,True
2026-09-17T13:03:55.024+00:00,P02,a5a55488-c193-47f4-9105-7a32c222d6a3,dev_h8vfnf5f,3,25,1906.09999999404,83.3500000014901,2,0.5,0.18484375,1,12,1,3.712,1,0,3,2,1,2,60,6,False,"[2,3]",web,False,2,True
2026-09-17T13:03:58.28+00:00,P02,a5a55488-c193-47f4-9105-7a32c222d6a3,dev_h8vfnf5f,4,25,1450,87.9999999962747,3,0.4,0.1201484375,2,12,1,3.256,2,1,0,3,2,2,60,60,True,"[3,6,5,4]",web,False,2,True
2026-09-17T13:04:01.128+00:00,P02,a5a55488-c193-47f4-9105-7a32c222d6a3,dev_h8vfnf5f,5,14,425.70000000298,285.55000000447,0,1,0.68359375,0,12,1,12080.701,1,0,1,0,0,1,35,46,False,"[4,2,6,3]",web,False,2,True
2026-09-17T13:04:02.84+00:00,P02,a5a55488-c193-47f4-9105-7a32c222d6a3,dev_h8vfnf5f,6,14,2137.59999999404,285.55000000447,1,0.8,0.4443359375,0,12,1,1.712,1,0,2,1,1,1,35,46,False,"[4,2,6,3]",web,False,2,True
2026-09-17T13:04:11.032+00:00,P02,a5a55488-c193-47f4-9105-7a32c222d6a3,dev_h8vfnf5f,7,14,6381.90000000596,88.0333333313465,2,0.666666666666667,0.288818359375,1,12,1,8.192,1,1,0,2,2,2,35,35,True,"[1,2,6]",web,False,2,True
2026-09-17T13:04:15.272+00:00,P02,a5a55488-c193-47f4-9105-7a32c222d6a3,dev_h8vfnf5f,8,39,1549,52.8730769237647,0,1,0.25,0,12,1,11975.15,2,0,1,0,0,1,41,31,False,"[4,1,3,5,2]",web,False,2,True
2026-09-17T13:04:19.192+00:00,P02,a5a55488-c193-47f4-9105-7a32c222d6a3,dev_h8vfnf5f,9,39,2112.40000000596,50.0999999990066,1,0.5,0.1625,0,12,1,3.92,1,0,2,1,1,1,41,2,False,[2],web,False,2,True
2026-09-17T13:04:21.6+00:00,P02,a5a55488-c193-47f4-9105-7a32c222d6a3,dev_h8vfnf5f,10,39,597.59999999404,40.6000000014901,2,0.333333333333333,0.105625,1,12,1,2.408,1,0,3,2,1,2,41,2,False,[2],web,False,2,True
2026-09-17T13:04:26.256+00:00,P02,a5a55488-c193-47f4-9105-7a32c222d6a3,dev_h8vfnf5f,11,39,2849.70000000298,130.533333331347,3,0.25,0.06865625,2,12,1,4.655,2,1,0,3,2,2,41,41,True,"[1,4,6]",web,False,2,True
2026-09-17T13:04:28.648+00:00,P02,a5a55488-c193-47f4-9105-7a32c222d6a3,dev_h8vfnf5f,12,4,165.199999988079,103.40000000596,0,0.666666666666667,0.622685546875,0,12,1,11969.037,1,0,1,2,0,1,37,3,False,"[1,2]",web,False,2,True
2026-09-17T13:04:31.808+00:00,P02,a5a55488-c193-47f4-9105-7a32c222d6a3,dev_h8vfnf5f,13,4,1346.5,100.40000000596,1,0.571428571428571,0.40474560546875,0,12,1,3.16,1,1,0,3,2,1,37,37,True,"[1,3,6]",web,False,2,True
2026-09-17T13:04:34.08+00:00,P02,a5a55488-c193-47f4-9105-7a32c222d6a3,dev_h8vfnf5f,14,46,0,75.6499999985099,0,0.444444444444444,0.46025341796875,0,12,1,12410.149,1,0,1,5,0,1,30,18,False,"[2,5]",web,False,2,True
2026-09-17T13:04:36.743+00:00,P02,a5a55488-c193-47f4-9105-7a32c222d6a3,dev_h8vfnf5f,15,46,858.5,106.75,1,0.4,0.299164721679688,0,12,1,2.664,1,0,2,6,1,1,30,18,False,"[2,5]",web,False,2,True
2026-09-17T13:04:40.207+00:00,P02,a5a55488-c193-47f4-9105-7a32c222d6a3,dev_h8vfnf5f,16,46,1649.20000000298,80.2999999970198,2,0.363636363636364,0.194457069091797,1,12,1,3.464,1,0,3,7,1,2,30,32,False,[6],web,False,2,True
2026-09-17T13:04:43.528+00:00,P02,a5a55488-c193-47f4-9105-7a32c222d6a3,dev_h8vfnf5f,17,46,1511.20000000298,79.6999999992549,3,0.333333333333333,0.126397094909668,2,12,1,3.32,2,1,0,8,2,2,30,30,True,"[3,2,5,4]",web,False,2,True
2026-09-17T13:04:46.072+00:00,P02,a5a55488-c193-47f4-9105-7a32c222d6a3,dev_h8vfnf5f,18,19,69.2000000029802,73.499999995033,0,0.444444444444444,0.46025341796875,0,12,1,12212.933,1,0,1,5,0,1,53,7,False,"[1,2,3]",web,False,2,True
2026-09-17T13:04:50.583+00:00,P02,a5a55488-c193-47f4-9105-7a32c222d6a3,dev_h8vfnf5f,19,19,2695.70000000298,79.7,1,0.4,0.299164721679688,0,12,1,4.511,1,0,2,6,1,1,53,55,False,"[1,3,2,6,5]",web,False,2,True
2026-09-17T13:05:30.864+00:00,P02,eaf8dfbd-2786-439f-b5b3-048f44bcea8f,dev_h8vfnf5f,0,34,1028,159.099999999007,0,0.357142857142857,0.426609319669342,0,13,1,11918.412,2,0,1,9,0,1,39,21,False,"[1,5,3]",web,False,2,True
2026-09-17T13:05:34.712+00:00,P02,eaf8dfbd-2786-439f-b5b3-048f44bcea8f,dev_h8vfnf5f,1,34,2031,103.04999999702,1,0.333333333333333,0.277296057785072,0,13,1,3.849,1,0,2,10,1,1,39,5,False,"[1,3]",web,False,2,True
2026-09-17T13:05:39.472+00:00,P02,eaf8dfbd-2786-439f-b5b3-048f44bcea8f,dev_h8vfnf5f,2,34,2940.89999999106,109.64999999851,2,0.3125,0.180242437560297,1,13,1,4.759,1,1,0,11,2,2,39,39,True,"[1,2,3,6]",web,False,2,True
2026-09-17T13:05:42.712+00:00,P02,eaf8dfbd-2786-439f-b5b3-048f44bcea8f,dev_h8vfnf5f,3,47,414.40000000596,78.2999999970198,0,0.428571428571429,0.4312890625,0,13,1,12187.197,1,0,1,4,0,1,48,2,False,[2],web,False,2,True
2026-09-17T13:05:45.84+00:00,P02,eaf8dfbd-2786-439f-b5b3-048f44bcea8f,dev_h8vfnf5f,4,47,1308.79999999702,98.3999999985099,1,0.375,0.280337890625,0,13,1,3.128,1,1,0,5,2,1,48,48,True,"[5,6]",web,False,2,True
2026-09-17T13:05:49.224+00:00,P02,eaf8dfbd-2786-439f-b5b3-048f44bcea8f,dev_h8vfnf5f,5,10,968.70000000298,89.8999999960264,0,0.5,0.25,0,13,1,175.072,1,0,1,1,0,1,42,21,False,"[5,3,1]",web,False,2,True
2026-09-17T13:05:53.343+00:00,P02,eaf8dfbd-2786-439f-b5b3-048f44bcea8f,dev_h8vfnf5f,6,10,2299,141.633333330353,1,0.333333333333333,0.1625,0,13,1,4.119,1,0,2,2,1,1,42,21,False,"[1,5,3]",web,False,2,True
2026-09-17T13:05:59.066+00:00,P02,eaf8dfbd-2786-439f-b5b3-048f44bcea8f,dev_h8vfnf5f,7,10,3915.29999999702,97.7500000014901,2,0.25,0.105625,1,13,1,5.722,1,1,0,3,2,2,42,42,True,"[2,4,6]",web,False,2,True
2026-09-17T13:06:02.336+00:00,P02,eaf8dfbd-2786-439f-b5b3-048f44bcea8f,dev_h8vfnf5f,8,22,939.5,95.7250000014901,0,0.75,0.52890625,0,13,1,11908.75,1,0,1,1,0,1,58,29,False,"[4,1,5,3]",web,False,2,True
2026-09-17T13:06:06.616+00:00,P02,eaf8dfbd-2786-439f-b5b3-048f44bcea8f,dev_h8vfnf5f,9,22,2459.10000000894,58.8500000052154,1,0.6,0.3437890625,0,13,1,4.279,1,1,0,2,2,1,58,58,True,"[2,4,5,6]",web,False,2,True
2026-09-17T13:06:11.352+00:00,P02,eaf8dfbd-2786-439f-b5b3-048f44bcea8f,dev_h8vfnf5f,10,3,2214.90000000596,162.06666666766,0,1,0.578125,0,13,1,13509.7,1,0,1,0,0,1,20,44,False,"[6,3,4]",web,False,2,True
2026-09-17T13:06:14.664+00:00,P02,eaf8dfbd-2786-439f-b5b3-048f44bcea8f,dev_h8vfnf5f,11,3,1504.09999999404,140.599999999007,1,0.75,0.37578125,0,13,1,3.313,1,0,2,1,1,1,20,10,False,"[2,4]",web,False,2,True
2026-09-17T13:06:17.736+00:00,P02,eaf8dfbd-2786-439f-b5b3-048f44bcea8f,dev_h8vfnf5f,12,3,1262.09999999404,189.633333330353,2,0.6,0.2442578125,1,13,1,3.072,1,0,3,2,1,2,20,11,False,"[4,2,1]",web,False,2,True
2026-09-17T13:06:22.136+00:00,P02,eaf8dfbd-2786-439f-b5b3-048f44bcea8f,dev_h8vfnf5f,13,3,2593.79999999702,93.2200000017881,3,0.5,0.158767578125,2,13,1,4.4,2,1,0,3,2,2,20,20,True,"[3,5]",web,False,2,True
2026-09-17T13:06:25.48+00:00,P02,eaf8dfbd-2786-439f-b5b3-048f44bcea8f,dev_h8vfnf5f,14,28,1004.09999999404,47.0600000023842,0,0.75,0.46328125,0,13,1,288.288,1,0,1,1,0,1,25,55,False,"[1,5,6,3,2]",web,False,2,True
2026-09-17T13:06:27.984+00:00,P02,eaf8dfbd-2786-439f-b5b3-048f44bcea8f,dev_h8vfnf5f,15,28,692.40000000596,71.5,1,0.6,0.3011328125,0,13,1,2.504,1,0,2,2,1,1,25,32,False,[6],web,False,2,True
2026-09-17T13:06:31.704+00:00,P02,eaf8dfbd-2786-439f-b5b3-048f44bcea8f,dev_h8vfnf5f,16,28,1907.89999999106,144.233333334327,2,0.5,0.195736328125,1,13,1,3.719,1,1,0,3,2,2,25,25,True,"[1,4,5]",web,False,2,True
2026-09-17T13:06:35.224+00:00,P02,eaf8dfbd-2786-439f-b5b3-048f44bcea8f,dev_h8vfnf5f,17,39,1088,401.420000001788,0,0.4,0.3014921875,0,13,1,128.968,2,0,1,3,0,1,41,47,False,"[1,4,6,2,3]",web,False,2,True
2026-09-17T13:06:38.599+00:00,P02,eaf8dfbd-2786-439f-b5b3-048f44bcea8f,dev_h8vfnf5f,18,39,1557.5,108.06666666766,1,0.333333333333333,0.195969921875,0,13,1,3.375,1,0,2,4,1,1,41,11,False,"[1,4,2]",web,False,2,True
2026-09-17T13:06:44.057+00:00,P02,eaf8dfbd-2786-439f-b5b3-048f44bcea8f,dev_h8vfnf5f,19,39,3647.89999999106,147.159999999404,2,0.285714285714286,0.12738044921875,1,13,1,5.458,1,0,3,5,1,2,41,57,False,"[5,1,4,6]",web,False,2,True
2026-09-17T13:08:29.144+00:00,P02,27abba42-2aea-4e37-87e1-ae2dd5fc1249,dev_h8vfnf5f,0,15,1477.30000001192,180.633333330353,0,1,0.578125,0,14,1,12497.772,1,0,1,0,0,1,44,13,False,"[1,4,3]",web,False,2,True
2026-09-17T13:08:33.664+00:00,P02,27abba42-2aea-4e37-87e1-ae2dd5fc1249,dev_h8vfnf5f,1,15,2705.89999999106,160.30000000447,1,0.75,0.37578125,0,14,1,4.521,1,0,2,1,1,1,44,10,False,"[4,2]",web,False,2,True
2026-09-17T13:08:46.928+00:00,P02,27abba42-2aea-4e37-87e1-ae2dd5fc1249,dev_h8vfnf5f,2,15,11458.6999999881,108.899999991059,2,0.6,0.2442578125,1,14,1,13.264,1,1,0,2,2,2,44,44,True,"[4,6,3]",web,False,2,True
2026-09-17T13:08:50.807+00:00,P02,27abba42-2aea-4e37-87e1-ae2dd5fc1249,dev_h8vfnf5f,3,43,1262.20000000298,85.7749999947846,0,1,0.4375,0,14,1,12308.372,1,0,1,0,0,1,59,29,False,"[1,4,5,3]",web,False,2,True
2026-09-17T13:08:54.402+00:00,P02,27abba42-2aea-4e37-87e1-ae2dd5fc1249,dev_h8vfnf5f,4,43,1786.70000000298,51.5749999992549,1,0.666666666666667,0.284375,0,14,1,3.595,1,0,2,1,1,1,59,51,False,"[1,2,5,6]",web,False,2,True
2026-09-17T13:08:58.616+00:00,P02,27abba42-2aea-4e37-87e1-ae2dd5fc1249,dev_h8vfnf5f,5,43,2400.79999999702,65.1799999982119,2,0.5,0.18484375,1,14,1,4.214,1,1,0,2,2,2,59,59,True,"[1,2,4,5,6]",web,False,2,True
2026-09-17T13:09:02.304+00:00,P02,27abba42-2aea-4e37-87e1-ae2dd5fc1249,dev_h8vfnf5f,6,16,1356.79999999702,84.2333333343267,0,1,0.25,0,14,1,12371.109,1,0,1,0,0,1,9,13,False,"[4,1,3]",web,False,2,True
2026-09-17T13:09:04.792+00:00,P02,27abba42-2aea-4e37-87e1-ae2dd5fc1249,dev_h8vfnf5f,7,16,679.40000000596,175.20000000298,1,0.5,0.1625,0,14,1,2.489,1,1,0,1,2,1,9,9,True,"[1,4]",web,False,2,True
2026-09-17T13:09:07.456+00:00,P02,27abba42-2aea-4e37-87e1-ae2dd5fc1249,dev_h8vfnf5f,8,34,230.399999991059,143.366666659713,0,0.352941176470588,0.385181828170223,0,14,1,207.984,2,0,1,11,0,1,39,7,False,"[2,3,1]",web,False,2,True
2026-09-17T13:09:11.872+00:00,P02,27abba42-2aea-4e37-87e1-ae2dd5fc1249,dev_h8vfnf5f,9,34,2601.80000001192,79.3000000007451,1,0.333333333333333,0.250368188310645,0,14,1,4.416,1,0,2,12,1,1,39,43,False,"[1,2,4,6]",web,False,2,True
2026-09-17T13:09:15.784+00:00,P02,27abba42-2aea-4e37-87e1-ae2dd5fc1249,dev_h8vfnf5f,10,34,2105.79999999702,115.64999999851,2,0.315789473684211,0.162739322401919,1,14,1,3.911,1,1,0,13,2,2,39,39,True,"[1,2,3,6]",web,False,2,True
2026-09-17T13:09:19.088+00:00,P02,27abba42-2aea-4e37-87e1-ae2dd5fc1249,dev_h8vfnf5f,11,41,882.40000000596,292.70000000298,0,0.6,0.3886328125,0,14,1,468.808,2,0,1,2,0,1,14,50,False,"[6,5,2]",web,False,2,True
2026-09-17T13:09:24.064+00:00,P02,27abba42-2aea-4e37-87e1-ae2dd5fc1249,dev_h8vfnf5f,12,41,3169.90000000596,95.8333333333333,1,0.5,0.252611328125,0,14,1,4.976,1,1,0,3,2,1,14,14,True,"[2,3,4]",web,False,2,True
2026-09-17T13:09:26.992+00:00,P02,27abba42-2aea-4e37-87e1-ae2dd5fc1249,dev_h8vfnf5f,13,36,0,110.3,0,1,0.25,0,14,1,14083.797,2,0,1,0,0,1,61,47,False,"[4,1,2,3,6]",web,False,2,True
2026-09-17T13:09:30.225+00:00,P02,27abba42-2aea-4e37-87e1-ae2dd5fc1249,dev_h8vfnf5f,14,36,1422.70000000298,145.466666663686,1,0.5,0.1625,0,14,1,3.233,1,0,2,1,1,1,61,44,False,"[4,3,6]",web,False,2,True
2026-09-17T13:09:36.02+00:00,P02,27abba42-2aea-4e37-87e1-ae2dd5fc1249,dev_h8vfnf5f,15,36,3979.20000000298,236.89999999851,2,0.333333333333333,0.105625,1,14,1,5.795,1,0,3,2,1,2,61,63,False,"[2,1,4,5,6,3]",web,False,2,True
2026-09-17T13:09:39.61+00:00,P02,27abba42-2aea-4e37-87e1-ae2dd5fc1249,dev_h8vfnf5f,16,36,1365.89999999106,149.625,3,0.25,0.06865625,2,14,1,3.59,2,0,4,3,1,2,61,60,False,"[4,5,6,3]",web,False,2,True
2026-09-17T13:09:44.161+00:00,P02,27abba42-2aea-4e37-87e1-ae2dd5fc1249,dev_h8vfnf5f,17,36,2740.40000000596,171.919999998808,0,0.2,0.0446265625,0,14,1,4.55,2,0,5,4,0,1,61,55,False,"[5,6,3,2,1]",web,False,2,True
2026-09-17T13:09:49.736+00:00,P02,27abba42-2aea-4e37-87e1-ae2dd5fc1249,dev_h8vfnf5f,18,36,3761.69999998808,243.02499999851,1,0.166666666666667,0.029007265625,0,14,1,5.576,1,0,6,5,1,1,61,27,False,"[1,4,2,5]",web,False,2,True
2026-09-17T13:09:54.4+00:00,P02,27abba42-2aea-4e37-87e1-ae2dd5fc1249,dev_h8vfnf5f,19,36,2852.19999998808,143.519999995828,2,0.142857142857143,0.01885472265625,1,14,1,4.664,1,1,0,6,2,2,61,61,True,"[1,4,5,6,3]",web,False,2,True
2026-09-17T13:11:13.585+00:00,P02,4224d57a-4941-4b52-8949-0c535dfdb990,dev_h8vfnf5f,0,30,0,220.97500000149,0,0.666666666666667,0.371875,0,15,1,12226.75,1,2,0,1,2,0,29,29,True,"[1,4,5,3]",web,False,2,True
2026-09-17T13:11:24.712+00:00,P02,4224d57a-4941-4b52-8949-0c535dfdb990,dev_h8vfnf5f,1,15,7918.5,167.800000006954,0,0.666666666666667,0.433193359375,0,15,1,157.784,2,0,1,2,0,2,44,25,False,"[1,4,5]",web,False,2,True
2026-09-17T13:11:28.135+00:00,P02,4224d57a-4941-4b52-8949-0c535dfdb990,dev_h8vfnf5f,2,15,1608.20000000298,104.699999998013,1,0.571428571428571,0.28157568359375,0,15,1,3.423,2,0,2,3,1,1,44,35,False,"[1,2,6]",web,False,2,True
2026-09-17T13:11:32.455+00:00,P02,4224d57a-4941-4b52-8949-0c535dfdb990,dev_h8vfnf5f,3,15,2512,130.86666666468,2,0.5,0.183024194335938,1,15,1,4.32,1,1,0,4,2,2,44,44,True,"[3,6,4]",web,False,2,True
2026-09-17T13:11:36.568+00:00,P02,4224d57a-4941-4b52-8949-0c535dfdb990,dev_h8vfnf5f,4,36,3003.10000000894,154.839999997616,0,0.25,0.264141041992188,0,15,1,102.167,2,0,1,6,0,1,61,31,False,"[5,2,4,1,3]",web,False,2,True
2026-09-17T13:11:39.793+00:00,P02,4224d57a-4941-4b52-8949-0c535dfdb990,dev_h8vfnf5f,5,36,1417.70000000298,121.639999997616,1,0.222222222222222,0.171691677294922,0,15,1,3.225,1,0,2,7,1,1,61,45,False,"[1,4,6,3]",web,False,2,True
2026-09-17T13:11:44.952+00:00,P02,4224d57a-4941-4b52-8949-0c535dfdb990,dev_h8vfnf5f,6,36,3346.79999999702,107.250000007451,2,0.2,0.111599590241699,1,15,1,5.16,1,0,3,8,1,2,61,3,False,"[1,2]",web,False,2,True
2026-09-17T13:11:48.536+00:00,P02,4224d57a-4941-4b52-8949-0c535dfdb990,dev_h8vfnf5f,7,36,1774.40000000596,72.1999999880791,3,0.181818181818182,0.0725397336571045,2,15,1,3.584,2,0,4,9,1,2,61,2,False,[2],web,False,2,True
2026-09-17T13:11:52.496+00:00,P02,4224d57a-4941-4b52-8949-0c535dfdb990,dev_h8vfnf5f,8,36,2150.70000000298,93.0799999952316,0,0.166666666666667,0.0471508268771179,0,15,1,3.959,2,1,0,10,2,0,61,61,True,"[1,4,5,6,3]",web,False,2,True
2026-09-17T13:11:56.127+00:00,P02,4224d57a-4941-4b52-8949-0c535dfdb990,dev_h8vfnf5f,9,16,1304.70000000298,110.17500000447,0,0.666666666666667,0.371875,0,15,1,171.335,1,0,1,1,0,1,9,27,False,"[5,2,1,4]",web,False,2,True
2026-09-17T13:11:59.376+00:00,P02,4224d57a-4941-4b52-8949-0c535dfdb990,dev_h8vfnf5f,10,16,1440.39999999106,95.4249999932945,1,0.5,0.24171875,0,15,1,3.248,1,0,2,2,1,1,9,46,False,"[6,3,2,4]",web,False,2,True
2026-09-17T13:12:02.68+00:00,P02,4224d57a-4941-4b52-8949-0c535dfdb990,dev_h8vfnf5f,11,16,1491.90000000596,76.3499999940395,2,0.4,0.1571171875,1,15,1,3.305,1,0,3,3,1,2,9,34,False,"[2,6]",web,False,2,True
2026-09-17T13:12:05.432+00:00,P02,4224d57a-4941-4b52-8949-0c535dfdb990,dev_h8vfnf5f,12,16,944.79999999702,87.5500000044703,3,0.333333333333333,0.102126171875,2,15,1,2.751,2,0,4,4,1,2,9,34,False,"[2,6]",web,False,2,True
2026-09-17T13:12:09.056+00:00,P02,4224d57a-4941-4b52-8949-0c535dfdb990,dev_h8vfnf5f,13,16,593.5,139.09999999404,0,0.285714285714286,0.06638201171875,0,15,1,3.624,2,0,5,5,0,1,9,34,False,"[2,6]",web,False,2,True
2026-09-17T13:12:12.945+00:00,P02,4224d57a-4941-4b52-8949-0c535dfdb990,dev_h8vfnf5f,14,16,2081.5,199.39999999851,1,0.25,0.0431483076171875,0,15,1,3.89,1,1,0,6,2,1,9,9,True,"[1,4]",web,False,2,True
2026-09-17T13:12:15.696+00:00,P02,4224d57a-4941-4b52-8949-0c535dfdb990,dev_h8vfnf5f,15,46,353.899999991059,103.533333336314,0,0.384615384615385,0.344797821182251,0,15,1,452.167,2,0,1,8,0,1,30,7,False,"[1,2,3]",web,False,2,True
2026-09-17T13:12:19.208+00:00,P02,4224d57a-4941-4b52-8949-0c535dfdb990,dev_h8vfnf5f,16,46,1705.70000000298,202.699999993046,1,0.357142857142857,0.224118583768463,0,15,1,3.513,1,0,2,9,1,1,30,25,False,"[1,4,5]",web,False,2,True
2026-09-17T13:12:25.856+00:00,P02,4224d57a-4941-4b52-8949-0c535dfdb990,dev_h8vfnf5f,17,46,4836.19999998808,123.742857145412,2,0.333333333333333,0.145677079449501,1,15,1,6.648,1,0,3,10,1,2,30,62,False,"[2,3,4,5,6]",web,False,2,True
2026-09-17T13:13:13.208+00:00,P02,4224d57a-4941-4b52-8949-0c535dfdb990,dev_h8vfnf5f,18,46,45543.3999999911,181.275000002235,3,0.3125,0.0946901016421757,2,15,1,47.351,2,0,4,11,1,2,30,57,False,"[1,4,5,6]",web,False,2,True
2026-09-17T13:13:16.327+00:00,P02,4224d57a-4941-4b52-8949-0c535dfdb990,dev_h8vfnf5f,19,46,37.2000000029802,90.5,0,0.294117647058824,0.0615485660674142,0,15,1,3.12,2,0,5,12,0,1,30,24,False,"[5,4]",web,False,2,True
