created_at,user_id,session_id,device_id,attempt_index,char_id,response_time,press_duration,retry_count,prev_accuracy,prev_mastery,hint_count,session_number,difficulty_level,time_since_last_practice,prev_confidence,current_streak,wrong_streak,prev_mistakes,teaching_action,confidence_state,expected_pattern,entered_pattern,is_correct,press_order,source,is_synthetic,spec_version,braille_map_verified
2026-09-17T13:56:41.483705+00:00,synthetic,synth_gen_CONFIDENT_NORMAL,synthetic,0,37,955.1,139.6,0,0.7186,0.5773,0,9,4,70557.69211312878,0,6,0,2,2,0,37,37,True,,synthetic,True,2,True
2026-09-17T13:56:41.483705+00:00,synthetic,synth_gen_CONFIDENT_NORMAL,synthetic,1,44,1575.8,76.0,0,0.8304,0.763,0,2,4,32981.74692658556,0,4,0,7,2,0,5,5,True,,synthetic,True,2,True
2026-09-17T13:56:41.483705+00:00,synthetic,synth_gen_CONFIDENT_NORMAL,synthetic,2,22,828.3,49.3,0,0.6,0.623,0,2,1,81638.85398912705,0,1,0,8,2,0,49,49,True,,synthetic,True,2,True
2026-09-17T13:56:41.483705+00:00,synthetic,synth_gen_CONFIDENT_NORMAL,synthetic,3,23,884.5,98.9,0,0.9992,0.6124,0,13,4,7230.349101328067,0,2,0,10,2,0,32,32,True,,synthetic,True,2,True
2026-09-17T13:56:41.483705+00:00,synthetic,synth_gen_CONFIDENT_NORMAL,synthetic,4,44,1598.6,115.4,0,0.6,0.7085,0,5,3,33971.211285250516,0,10,0,6,2,0,52,52,True,,synthetic,True,2,True
2026-09-17T13:56:41.483705+00:00,synthetic,synth_gen_CONFIDENT_NORMAL,synthetic,5,8,2026.0,37.6,0,0.7175,0.5562,0,13,1,40206.28500387797,0,2,0,3,2,0,48,48,True,,synthetic,True,2,True
2026-09-17T13:56:41.483705+00:00,synthetic,synth_gen_CONFIDENT_NORMAL,synthetic,6,38,1865.1,98.1,0,0.6,0.5246,0,5,1,33068.436811404594,0,5,0,14,2,0,29,29,True,,synthetic,True,2,True
2026-09-17T13:56:41.483705+00:00,synthetic,synth_gen_CONFIDENT_NORMAL,synthetic,7,38,628.4,143.6,0,0.6,0.6952,0,14,3,63325.621104512065,0,8,0,16,2,0,25,25,True,,synthetic,True,2,True
2026-09-17T13:56:41.483705+00:00,synthetic,synth_gen_CONFIDENT_NORMAL,synthetic,8,21,502.1,96.5,0,0.857,0.6376,0,1,3,9590.97287404453,0,7,0,5,2,0,44,44,True,,synthetic,True,2,True
2026-09-17T13:56:41.483705+00:00,synthetic,synth_gen_CONFIDENT_NORMAL,synthetic,9,5,865.5,115.6,0,0.7748,0.516,0,12,2,25474.65416257936,0,4,0,13,2,0,56,56,True,,synthetic,True,2,True
2026-09-17T13:56:41.483705+00:00,synthetic,synth_gen_CONFIDENT_NORMAL,synthetic,10,15,1939.3,56.5,0,0.9813,0.6518,0,2,4,72362.88332530991,0,6,0,6,2,0,60,60,True,,synthetic,True,2,True
2026-09-17T13:56:41.483705+00:00,synthetic,synth_gen_CONFIDENT_NORMAL,synthetic,11,18,977.9,98.7,0,0.6729,0.578,0,10,4,52790.70282249225,0,8,0,13,2,0,54,54,True,,synthetic,True,2,True
2026-09-17T13:56:41.483705+00:00,synthetic,synth_gen_CONFIDENT_NORMAL,synthetic,12,5,2072.5,55.3,0,0.7009,0.6273,0,2,3,50727.30387549571,0,3,0,12,2,0,37,37,True,,synthetic,True,2,True
2026-09-17T13:56:41.483705+00:00,synthetic,synth_gen_CONFIDENT_NORMAL,synthetic,13,26,553.4,152.1,0,0.8754,0.6672,0,7,3,28443.05810574464,0,10,0,11,2,0,42,42,True,,synthetic,True,2,True
2026-09-17T13:56:41.483705+00:00,synthetic,synth_gen_CONFIDENT_NORMAL,synthetic,14,9,1097.7,56.3,0,0.8452,0.611,0,14,1,12123.590250060171,0,2,0,10,2,0,60,60,True,,synthetic,True,2,True
2026-09-17T13:56:41.483705+00:00,synthetic,synth_gen_CONFIDENT_NORMAL,synthetic,15,19,739.3,136.0,0,0.9361,0.5825,0,14,5,42755.72546659821,0,4,0,6,2,0,38,38,True,,synthetic,True,2,True
2026-09-17T13:56:41.483705+00:00,synthetic,synth_gen_CONFIDENT_NORMAL,synthetic,16,0,745.2,45.6,0,0.6486,0.5769,0,2,2,54055.64438407581,0,10,0,12,2,0,57,57,True,,synthetic,True,2,True
2026-09-17T13:56:41.483705+00:00,synthetic,synth_gen_CONFIDENT_NORMAL,synthetic,17,24,1804.4,120.7,0,0.923,0.528,0,1,4,79346.0846243133,0,6,0,3,2,0,6,6,True,,synthetic,True,2,True
2026-09-17T13:56:41.483705+00:00,synthetic,synth_gen_CONFIDENT_NORMAL,synthetic,18,19,1155.3,53.5,0,0.7338,0.5,0,10,1,30269.461964506365,0,3,0,7,2,0,33,33,True,,synthetic,True,2,True
2026-09-17T13:56:41.483705+00:00,synthetic,synth_gen_CONFIDENT_NORMAL,synthetic,19,6,1045.2,231.0,0,0.9172,0.5629,0,14,3,34176.91909171626,0,8,0,13,2,0,57,57,True,,synthetic,True,2,True
2026-09-17T13:56:41.483705+00:00,synthetic,synth_gen_CONFIDENT_NORMAL,synthetic,20,39,2190.0,98.3,0,0.8759,0.6959,0,14,4,25424.306594189115,0,7,0,0,2,0,12,12,True,,synthetic,True,2,True
2026-09-17T13:56:41.483705+00:00,synthetic,synth_gen_CONFIDENT_NORMAL,synthetic,21,8,1100.1,127.8,0,0.8456,0.6796,0,2,3,75931.47385414313,0,2,0,13,2,0,57,57,True,,synthetic,True,2,True
2026-09-17T13:56:41.483705+00:00,synthetic,synth_gen_CONFIDENT_NORMAL,synthetic,22,8,751.1,83.4,0,0.8015,0.6217,0,12,1,23960.759312919974,0,2,0,13,2,0,8,8,True,,synthetic,True,2,True
2026-09-17T13:56:41.483705+00:00,synthetic,synth_gen_CONFIDENT_NORMAL,synthetic,23,9,702.7,74.7,0,0.7057,0.5317,0,13,3,2936.6764082910377,0,7,0,11,2,0,33,33,True,,synthetic,True,2,True
2026-09-17T13:56:41.483705+00:00,synthetic,synth_gen_CONFIDENT_NORMAL,synthetic,24,35,1543.3,81.8,0,0.6637,0.5366,0,12,4,70331.6041182652,0,5,0,8,2,0,39,39,True,,synthetic,True,2,True
2026-09-17T13:56:41.483705+00:00,synthetic,synth_gen_CONFIDENT_NORMAL,synthetic,25,45,2124.1,82.2,0,0.8144,0.5,0,15,2,58107.8586712853,0,3,0,5,2,0,44,44,True,,synthetic,True,2,True
2026-09-17T13:56:41.483705+00:00,synthetic,synth_gen_CONFIDENT_NORMAL,synthetic,26,39,863.8,110.5,0,0.9418,0.5287,0,4,2,73911.35684485362,0,6,0,0,2,0,45,45,True,,synthetic,True,2,True
2026-09-17T13:56:41.483705+00:00,synthetic,synth_gen_CONFIDENT_NORMAL,synthetic,27,7,1369.8,97.6,0,0.874,0.531,0,11,2,46013.60615744896,0,5,0,2,2,0,16,16,True,,synthetic,True,2,True
2026-09-17T13:56:41.483705+00:00,synthetic,synth_gen_CONFIDENT_NORMAL,synthetic,28,0,1599.1,57.7,0,0.7487,0.6376,0,6,5,28636.032838620707,0,10,0,0,2,0,17,17,True,,synthetic,True,2,True
2026-09-17T13:56:41.483705+00:00,synthetic,synth_gen_CONFIDENT_NORMAL,synthetic,29,3,1067.5,94.1,0,0.9931,0.5428,0,13,1,60833.473617392396,0,4,0,5,2,0,1,1,True,,synthetic,True,2,True
2026-09-17T13:56:41.483705+00:00,synthetic,synth_gen_CONFIDENT_NORMAL,synthetic,30,4,2500,184.4,0,1.0,0.6808,0,2,3,4570.06693988555,0,6,0,18,2,0,56,56,True,,synthetic,True,2,True
2026-09-17T13:56:41.483705+00:00,synthetic,synth_gen_CONFIDENT_NORMAL,synthetic,31,46,929.5,265.3,0,1.0,0.5,0,12,4,69830.73881441787,0,6,0,3,2,0,22,22,True,,synthetic,True,2,True
2026-09-17T13:56:41.483705+00:00,synthetic,synth_gen_CONFIDENT_NORMAL,synthetic,32,37,889.0,44.4,0,1.0,0.7689,0,8,1,32965.60271772303,0,2,0,20,2,0,1,1,True,,synthetic,True,2,True
2026-09-17T13:56:41.483705+00:00,synthetic,synth_gen_CONFIDENT_NORMAL,synthetic,33,33,1055.6,66.0,0,0.8957,0.6956,0,9,3,20757.477687705396,0,10,0,0,2,0,60,60,True,,synthetic,True,2,True
2026-09-17T13:56:41.483705+00:00,synthetic,synth_gen_CONFIDENT_NORMAL,synthetic,34,4,1223.1,51.1,0,0.7544,0.5,0,2,1,39820.01514287038,0,1,0,9,2,0,35,35,True,,synthetic,True,2,True
2026-09-17T13:56:41.483705+00:00,synthetic,synth_gen_CONFIDENT_NORMAL,synthetic,35,35,1249.6,118.4,0,0.819,0.7047,0,4,3,17612.26617469227,0,1,0,7,2,0,51,51,True,,synthetic,True,2,True
2026-09-17T13:56:41.483705+00:00,synthetic,synth_gen_CONFIDENT_NORMAL,synthetic,36,43,1080.2,91.0,0,0.6,0.5416,0,13,4,85364.62347292445,0,9,0,20,2,0,6,6,True,,synthetic,True,2,True
2026-09-17T13:56:41.483705+00:00,synthetic,synth_gen_CONFIDENT_NORMAL,synthetic,37,19,2467.0,71.5,0,0.8,0.6293,0,6,1,5333.839564890783,0,9,0,18,2,0,50,50,True,,synthetic,True,2,True
2026-09-17T13:56:41.483705+00:00,synthetic,synth_gen_CONFIDENT_NORMAL,synthetic,38,42,864.0,114.4,0,0.7317,0.7572,0,11,5,76116.02114232405,0,2,0,0,2,0,1,1,True,,synthetic,True,2,True
2026-09-17T13:56:41.483705+00:00,synthetic,synth_gen_CONFIDENT_NORMAL,synthetic,39,6,557.2,157.0,0,0.7832,0.6515,0,3,5,53444.22943890325,0,10,0,0,2,0,5,5,True,,synthetic,True,2,True
2026-09-17T13:56:41.483705+00:00,synthetic,synth_gen_CONFIDENT_NORMAL,synthetic,40,19,1491.6,107.9,0,0.8699,0.6054,0,9,2,70174.68925755344,0,7,0,19,2,0,29,29,True,,synthetic,True,2,True
2026-09-17T13:56:41.483705+00:00,synthetic,synth_gen_CONFIDENT_NORMAL,synthetic,41,49,1218.9,52.4,0,1.0,0.5,0,1,2,17537.104340874255,0,10,0,18,2,0,12,12,True,,synthetic,True,2,True
2026-09-17T13:56:41.483705+00:00,synthetic,synth_gen_CONFIDENT_NORMAL,synthetic,42,42,1437.8,84.5,0,0.7797,0.6393,0,1,2,21751.77758785711,0,4,0,7,2,0,63,63,True,,synthetic,True,2,True
2026-09-17T13:56:41.483705+00:00,synthetic,synth_gen_CONFIDENT_NORMAL,synthetic,43,45,735.5,66.3,0,0.6789,0.5,0,3,5,14633.623747516567,0,6,0,1,2,0,27,27,True,,synthetic,True,2,True
2026-09-17T13:56:41.483705+00:00,synthetic,synth_gen_CONFIDENT_NORMAL,synthetic,44,31,1583.4,44.9,0,0.7312,0.604,0,13,4,60860.93836308422,0,8,0,17,2,0,60,60,True,,synthetic,True,2,True
2026-09-17T13:56:41.483705+00:00,synthetic,synth_gen_CONFIDENT_NORMAL,synthetic,45,40,1024.1,143.7,0,0.6,0.6648,0,6,2,78828.93229545865,0,4,0,10,2,0,18,18,True,,synthetic,True,2,True
2026-09-17T13:56:41.483705+00:00,synthetic,synth_gen_CONFIDENT_NORMAL,synthetic,46,18,979.8,182.2,0,0.9505,0.7147,0,11,4,33485.78247493593,0,7,0,5,2,0,11,11,True,,synthetic,True,2,True
2026-09-17T13:56:41.483705+00:00,synthetic,synth_gen_CONFIDENT_NORMAL,synthetic,47,3,766.7,56.2,0,0.676,0.7806,0,9,2,404.80396379168013,0,3,0,15,2,0,46,46,True,,synthetic,True,2,True
2026-09-17T13:56:41.483705+00:00,synthetic,synth_gen_CONFIDENT_NORMAL,synthetic,48,44,1975.3,118.6,0,0.7167,0.7635,0,8,3,77066.23672873442,0,6,0,11,2,0,5,5,True,,synthetic,True,2,True
2026-09-17T13:56:41.483705+00:00,synthetic,synth_gen_CONFIDENT_NORMAL,synthetic,49,17,756.8,54.6,0,0.8673,0.5891,0,9,3,21826.696198875507,0,1,0,17,2,0,33,33,True,,synthetic,True,2,True
2026-09-17T13:56:41.483705+00:00,synthetic,synth_gen_CONFIDENT_NORMAL,synthetic,50,11,853.3,106.7,0,0.6825,0.5562,0,10,1,72368.19423144734,0,4,0,10,2,0,24,24,True,,synthetic,True,2,True
2026-09-17T13:56:41.483705+00:00,synthetic,synth_gen_CONFIDENT_NORMAL,synthetic,51,44,1092.1,251.1,0,0.8836,0.6494,0,2,2,62858.98303060988,0,9,0,11,2,0,2,2,True,,synthetic,True,2,True
2026-09-17T13:56:41.483705+00:00,synthetic,synth_gen_CONFIDENT_NORMAL,synthetic,52,8,1584.7,53.9,0,0.691,0.5843,0,14,3,46398.22448642489,0,8,0,17,2,0,11,11,True,,synthetic,True,2,True
2026-09-17T13:56:41.483705+00:00,synthetic,synth_gen_CONFIDENT_NORMAL,synthetic,53,45,1268.8,262.8,0,1.0,0.6706,0,1,5,39009.45084010297,0,2,0,12,2,0,12,12,True,,synthetic,True,2,True
2026-09-17T13:56:41.483705+00:00,synthetic,synth_gen_CONFIDENT_NORMAL,synthetic,54,9,1437.8,50.6,0,1.0,0.6663,0,11,2,56799.30655721228,0,8,0,11,2,0,41,41,True,,synthetic,True,2,True
2026-09-17T13:56:41.483705+00:00,synthetic,synth_gen_CONFIDENT_NORMAL,synthetic,55,36,980.4,32.3,0,0.6591,0.6153,0,4,1,42113.23951355385,0,1,0,14,2,0,47,47,True,,synthetic,True,2,True
2026-09-17T13:56:41.483705+00:00,synthetic,synth_gen_CONFIDENT_NORMAL,synthetic,56,2,2423.0,109.1,0,0.7376,0.5984,0,6,2,77208.74281534815,0,4,0,4,2,0,58,58,True,,synthetic,True,2,True
2026-09-17T13:56:41.483705+00:00,synthetic,synth_gen_CONFIDENT_NORMAL,synthetic,57,14,737.7,52.4,0,0.7555,0.5,0,15,1,4456.018346161953,0,6,0,2,2,0,8,8,True,,synthetic,True,2,True
2026-09-17T13:56:41.483705+00:00,synthetic,synth_gen_CONFIDENT_NORMAL,synthetic,58,23,902.4,126.3,0,1.0,0.5066,0,10,2,1896.9703688427912,0,3,0,10,2,0,46,46,True,,synthetic,True,2,True
2026-09-17T13:56:41.483705+00:00,synthetic,synth_gen_CONFIDENT_NORMAL,synthetic,59,19,768.1,88.2,0,0.8225,0.5158,0,11,5,47988.56138271776,0,5,0,8,2,0,12,12,True,,synthetic,True,2,True
2026-09-17T13:56:41.483705+00:00,synthetic,synth_gen_CONFIDENT_NORMAL,synthetic,60,36,720.3,145.5,0,0.6,0.734,0,15,2,78680.51824285723,0,7,0,0,2,0,30,30,True,,synthetic,True,2,True
2026-09-17T13:56:41.483705+00:00,synthetic,synth_gen_CONFIDENT_NORMAL,synthetic,61,43,1122.8,132.2,0,0.9703,0.5066,0,12,3,18001.93108356531,0,10,0,16,2,0,59,59,True,,synthetic,True,2,True
2026-09-17T13:56:41.483705+00:00,synthetic,synth_gen_CONFIDENT_NORMAL,synthetic,62,42,815.1,86.9,0,0.773,0.5,0,1,4,59551.67720757097,0,10,0,11,2,0,20,20,True,,synthetic,True,2,True
2026-09-17T13:56:41.483705+00:00,synthetic,synth_gen_CONFIDENT_NORMAL,synthetic,63,1,600.5,88.0,0,0.8023,0.5305,0,6,1,79341.04159844067,0,10,0,13,2,0,18,18,True,,synthetic,True,2,True
2026-09-17T13:56:41.483705+00:00,synthetic,synth_gen_CONFIDENT_NORMAL,synthetic,64,46,1829.3,87.1,0,0.7712,0.5778,0,13,5,1996.3806889192124,0,1,0,8,2,0,27,27,True,,synthetic,True,2,True
2026-09-17T13:56:41.483705+00:00,synthetic,synth_gen_CONFIDENT_NORMAL,synthetic,65,28,1994.8,57.7,0,0.7271,0.639,0,7,1,62227.427461138264,0,3,0,1,2,0,5,5,True,,synthetic,True,2,True
2026-09-17T13:56:41.483705+00:00,synthetic,synth_gen_CONFIDENT_NORMAL,synthetic,66,46,628.6,229.5,0,0.7307,0.546,0,9,5,714.529686888245,0,3,0,15,2,0,40,40,True,,synthetic,True,2,True
2026-09-17T13:56:41.483705+00:00,synthetic,synth_gen_CONFIDENT_NORMAL,synthetic,67,43,949.4,189.5,0,0.657,0.5,0,13,2,85596.19486454563,0,2,0,0,2,0,31,31,True,,synthetic,True,2,True
2026-09-17T13:56:41.483705+00:00,synthetic,synth_gen_CONFIDENT_NORMAL,synthetic,68,31,923.5,178.7,0,0.6,0.6465,0,4,4,29787.16131443972,0,2,0,11,2,0,54,54,True,,synthetic,True,2,True
2026-09-17T13:56:41.483705+00:00,synthetic,synth_gen_CONFIDENT_NORMAL,synthetic,69,32,1001.2,139.5,0,0.8852,0.6325,0,3,4,65623.04230572481,0,6,0,18,2,0,8,8,True,,synthetic,True,2,True
2026-09-17T13:56:41.483705+00:00,synthetic,synth_gen_CONFIDENT_NORMAL,synthetic,70,10,1005.9,87.4,0,0.7258,0.6553,0,11,4,44108.3638314198,0,6,0,10,2,0,31,31,True,,synthetic,True,2,True
2026-09-17T13:56:41.483705+00:00,synthetic,synth_gen_CONFIDENT_NORMAL,synthetic,71,8,1408.2,153.3,0,0.6698,0.5,0,2,3,46800.24055465594,0,6,0,11,2,0,46,46,True,,synthetic,True,2,True
2026-09-17T13:56:41.483705+00:00,synthetic,synth_gen_CONFIDENT_NORMAL,synthetic,72,37,794.7,114.7,0,1.0,0.5,0,10,2,37053.22447312108,0,9,0,9,2,0,61,61,True,,synthetic,True,2,True
2026-09-17T13:56:41.483705+00:00,synthetic,synth_gen_CONFIDENT_NORMAL,synthetic,73,42,2032.6,239.0,0,0.7576,0.5,0,4,3,112.54407703911298,0,6,0,0,2,0,51,51,True,,synthetic,True,2,True
2026-09-17T13:56:41.483705+00:00,synthetic,synth_gen_CONFIDENT_NORMAL,synthetic,74,45,1176.5,59.2,0,0.9469,0.5852,0,10,2,27908.091741968063,0,8,0,2,2,0,24,24,True,,synthetic,True,2,True
2026-09-17T13:56:41.483705+00:00,synthetic,synth_gen_CONFIDENT_NORMAL,synthetic,75,10,1463.7,74.1,0,0.6225,0.5766,0,13,5,47269.08343912665,0,1,0,3,2,0,25,25,True,,synthetic,True,2,True
2026-09-17T13:56:41.483705+00:00,synthetic,synth_gen_CONFIDENT_NORMAL,synthetic,76,46,793.2,90.8,0,0.8269,0.5174,0,8,4,46949.69859235191,0,8,0,1,2,0,14,14,True,,synthetic,True,2,True
2026-09-17T13:56:41.483705+00:00,synthetic,synth_gen_CONFIDENT_NORMAL,synthetic,77,20,1270.1,69.3,0,0.6,0.6271,0,2,4,27982.1869273309,0,4,0,17,2,0,61,61,True,,synthetic,True,2,True
2026-09-17T13:56:41.483705+00:00,synthetic,synth_gen_CONFIDENT_NORMAL,synthetic,78,10,1601.0,155.7,0,0.844,0.8929,0,11,3,15378.686644172541,0,3,0,18,2,0,58,58,True,,synthetic,True,2,True
2026-09-17T13:56:41.483705+00:00,synthetic,synth_gen_CONFIDENT_NORMAL,synthetic,79,7,1915.6,113.3,0,0.8696,0.6286,0,7,4,28630.63985924416,0,7,0,1,2,0,1,1,True,,synthetic,True,2,True
2026-09-17T13:56:41.483705+00:00,synthetic,synth_gen_CONFIDENT_NORMAL,synthetic,80,19,719.2,143.6,0,0.6785,0.6551,0,5,4,21556.937885189265,0,1,0,18,2,0,20,20,True,,synthetic,True,2,True
2026-09-17T13:56:41.483705+00:00,synthetic,synth_gen_CONFIDENT_NORMAL,synthetic,81,43,981.2,60.8,0,0.6727,0.5,0,3,3,53944.714115761264,0,5,0,10,2,0,58,58,True,,synthetic,True,2,True
2026-09-17T13:56:41.483705+00:00,synthetic,synth_gen_CONFIDENT_NORMAL,synthetic,82,37,1204.9,44.0,0,0.8069,0.6884,0,12,2,292.1306919455226,0,9,0,2,2,0,62,62,True,,synthetic,True,2,True
2026-09-17T13:56:41.483705+00:00,synthetic,synth_gen_CONFIDENT_NORMAL,synthetic,83,21,1263.8,101.1,0,0.7135,0.5,0,13,4,39589.03027681755,0,7,0,12,2,0,62,62,True,,synthetic,True,2,True
2026-09-17T13:56:41.483705+00:00,synthetic,synth_gen_CONFIDENT_NORMAL,synthetic,84,5,1711.5,42.6,0,0.7019,0.5,0,3,4,38083.05612257751,0,10,0,2,2,0,58,58,True,,synthetic,True,2,True
2026-09-17T13:56:41.483705+00:00,synthetic,synth_gen_CONFIDENT_NORMAL,synthetic,85,47,913.4,69.3,0,0.716,0.5765,0,6,2,62067.61961215063,0,1,0,8,2,0,33,33,True,,synthetic,True,2,True
2026-09-17T13:56:41.483705+00:00,synthetic,synth_gen_CONFIDENT_NORMAL,synthetic,86,24,1736.7,87.8,0,0.9673,0.7333,0,12,3,86086.84772669002,0,9,0,16,2,0,40,40,True,,synthetic,True,2,True
2026-09-17T13:56:41.483705+00:00,synthetic,synth_gen_CONFIDENT_NORMAL,synthetic,87,42,1616.5,52.3,0,0.6,0.5959,0,10,1,22174.222593871877,0,5,0,9,2,0,50,50,True,,synthetic,True,2,True
2026-09-17T13:56:41.483705+00:00,synthetic,synth_gen_CONFIDENT_NORMAL,synthetic,88,6,2500,148.6,0,0.8941,0.6567,0,4,3,24397.389679106105,0,7,0,8,2,0,20,20,True,,synthetic,True,2,True
2026-09-17T13:56:41.483705+00:00,synthetic,synth_gen_CONFIDENT_NORMAL,synthetic,89,5,1635.5,141.3,0,0.9687,0.5696,0,14,1,76567.33319307737,0,6,0,1,2,0,47,47,True,,synthetic,True,2,True
2026-09-17T13:56:41.483705+00:00,synthetic,synth_gen_CONFIDENT_NORMAL,synthetic,90,1,949.4,102.3,0,0.9259,0.7794,0,8,4,3695.7203059050617,0,6,0,18,2,0,12,12,True,,synthetic,True,2,True
2026-09-17T13:56:41.483705+00:00,synthetic,synth_gen_CONFIDENT_NORMAL,synthetic,91,19,2500,59.3,0,1.0,0.6605,0,15,1,13182.310999708445,0,9,0,6,2,0,5,5,True,,synthetic,True,2,True
2026-09-17T13:56:41.483705+00:00,synthetic,synth_gen_CONFIDENT_NORMAL,synthetic,92,21,2500,115.5,0,0.9172,0.6133,0,1,1,14863.893358665628,0,8,0,7,2,0,54,54,True,,synthetic,True,2,True
2026-09-17T13:56:41.483705+00:00,synthetic,synth_gen_CONFIDENT_NORMAL,synthetic,93,34,976.4,123.2,0,0.8698,0.5144,0,4,2,15909.93128781793,0,10,0,13,2,0,28,28,True,,synthetic,True,2,True
2026-09-17T13:56:41.483705+00:00,synthetic,synth_gen_CONFIDENT_NORMAL,synthetic,94,37,1059.7,65.8,0,0.8182,0.6262,0,10,2,2073.3387967121453,0,1,0,17,2,0,53,53,True,,synthetic,True,2,True
2026-09-17T13:56:41.483705+00:00,synthetic,synth_gen_CONFIDENT_NORMAL,synthetic,95,47,1091.9,36.7,0,0.6717,0.5961,0,4,1,37723.67809534955,0,1,0,13,2,0,32,32,True,,synthetic,True,2,True
2026-09-17T13:56:41.483705+00:00,synthetic,synth_gen_CONFIDENT_NORMAL,synthetic,96,29,1422.9,82.4,0,0.942,0.6517,0,1,1,29158.611235132932,0,4,0,16,2,0,60,60,True,,synthetic,True,2,True
2026-09-17T13:56:41.483705+00:00,synthetic,synth_gen_CONFIDENT_NORMAL,synthetic,97,42,2136.5,110.9,0,0.8949,0.5,0,5,4,4662.683983729734,0,10,0,17,2,0,58,58,True,,synthetic,True,2,True
2026-09-17T13:56:41.483705+00:00,synthetic,synth_gen_CONFIDENT_NORMAL,synthetic,98,33,2272.2,66.2,0,1.0,0.6259,0,5,2,21048.849915447405,0,9,0,10,2,0,35,35,True,,synthetic,True,2,True
2026-09-17T13:56:41.483705+00:00,synthetic,synth_gen_CONFIDENT_NORMAL,synthetic,99,16,1843.4,281.6,0,0.6621,0.6509,0,3,3,22135.857678604407,0,7,0,15,2,0,1,1,True,,synthetic,True,2,True
2026-09-17T13:56:41.483705+00:00,synthetic,synth_gen_CONFIDENT_NORMAL,synthetic,100,48,985.8,128.5,0,0.8476,0.5728,0,11,1,34807.69540247379,0,10,0,0,2,0,62,62,True,,synthetic,True,2,True
2026-09-17T13:56:41.483705+00:00,synthetic,synth_gen_CONFIDENT_NORMAL,synthetic,101,34,780.4,77.6,0,0.7988,0.5,0,7,5,27725.73012285121,0,9,0,13,2,0,44,44,True,,synthetic,True,2,True
2026-09-17T13:56:41.483705+00:00,synthetic,synth_gen_CONFIDENT_NORMAL,synthetic,102,24,784.0,118.9,0,1.0,0.5,0,12,4,57890.02257993643,0,1,0,6,2,0,7,7,True,,synthetic,True,2,True
2026-09-17T13:56:41.483705+00:00,synthetic,synth_gen_CONFIDENT_NORMAL,synthetic,103,14,543.0,114.3,0,0.8003,0.6264,0,5,3,67199.3653110813,0,6,0,14,2,0,9,9,True,,synthetic,True,2,True
2026-09-17T13:56:41.483705+00:00,synthetic,synth_gen_CONFIDENT_NORMAL,synthetic,104,36,1438.4,111.8,0,0.7045,0.5349,0,5,4,71178.11510781097,0,9,0,10,2,0,1,1,True,,synthetic,True,2,True
2026-09-17T13:56:41.483705+00:00,synthetic,synth_gen_CONFIDENT_NORMAL,synthetic,105,4,1698.1,85.1,0,0.8118,0.5414,0,8,4,27618.98813909115,0,1,0,9,2,0,55,55,True,,synthetic,True,2,True
2026-09-17T13:56:41.483705+00:00,synthetic,synth_gen_CONFIDENT_NORMAL,synthetic,106,4,2378.1,52.4,0,1.0,0.6326,0,3,5,16433.0804967213,0,9,0,9,2,0,34,34,True,,synthetic,True,2,True
2026-09-17T13:56:41.483705+00:00,synthetic,synth_gen_CONFIDENT_NORMAL,synthetic,107,36,1370.1,240.7,0,0.9645,0.7601,0,2,2,18508.887001383802,0,9,0,5,2,0,58,58,True,,synthetic,True,2,True
2026-09-17T13:56:41.483705+00:00,synthetic,synth_gen_CONFIDENT_NORMAL,synthetic,108,10,956.3,243.5,0,0.7519,0.7723,0,9,5,25990.859330937135,0,9,0,1,2,0,19,19,True,,synthetic,True,2,True
2026-09-17T13:56:41.483705+00:00,synthetic,synth_gen_CONFIDENT_NORMAL,synthetic,109,3,891.0,135.8,0,0.842,0.5052,0,13,5,82533.62862758579,0,7,0,13,2,0,18,18,True,,synthetic,True,2,True
2026-09-17T13:56:41.483705+00:00,synthetic,synth_gen_CONFIDENT_NORMAL,synthetic,110,2,1578.6,163.3,0,0.6165,0.7028,0,10,2,61552.88261030089,0,9,0,14,2,0,58,58,True,,synthetic,True,2,True
2026-09-17T13:56:41.483705+00:00,synthetic,synth_gen_CONFIDENT_NORMAL,synthetic,111,25,1776.6,107.2,0,0.6,0.702,0,4,3,4888.347491735076,0,3,0,19,2,0,32,32,True,,synthetic,True,2,True
2026-09-17T13:56:41.483705+00:00,synthetic,synth_gen_CONFIDENT_NORMAL,synthetic,112,34,785.5,103.3,0,0.7882,0.6384,0,6,5,4014.688183754105,0,10,0,10,2,0,40,40,True,,synthetic,True,2,True
2026-09-17T13:56:41.483705+00:00,synthetic,synth_gen_CONFIDENT_NORMAL,synthetic,113,19,1328.6,181.3,0,0.6,0.6205,0,13,4,43012.14223540403,0,8,0,2,2,0,37,37,True,,synthetic,True,2,True
2026-09-17T13:56:41.483705+00:00,synthetic,synth_gen_CONFIDENT_NORMAL,synthetic,114,29,1400.6,114.5,0,0.8667,0.6607,0,8,3,83112.98061387324,0,5,0,13,2,0,31,31,True,,synthetic,True,2,True
2026-09-17T13:56:41.483705+00:00,synthetic,synth_gen_CONFIDENT_NORMAL,synthetic,115,31,2086.5,287.7,0,0.6164,0.6647,0,12,5,40533.03675128082,0,6,0,6,2,0,2,2,True,,synthetic,True,2,True
2026-09-17T13:56:41.483705+00:00,synthetic,synth_gen_CONFIDENT_NORMAL,synthetic,116,9,1278.6,65.0,0,0.8585,0.5974,0,6,2,44544.91344647786,0,10,0,0,2,0,27,27,True,,synthetic,True,2,True
2026-09-17T13:56:41.483705+00:00,synthetic,synth_gen_CONFIDENT_NORMAL,synthetic,117,16,940.3,121.0,0,0.7318,0.6887,0,5,2,1599.4069473344678,0,9,0,2,2,0,6,6,True,,synthetic,True,2,True
2026-09-17T13:56:41.483705+00:00,synthetic,synth_gen_CONFIDENT_NORMAL,synthetic,118,49,924.6,144.1,0,0.7454,0.5323,0,8,1,17004.41061982777,0,3,0,2,2,0,56,56,True,,synthetic,True,2,True
2026-09-17T13:56:41.483705+00:00,synthetic,synth_gen_CONFIDENT_NORMAL,synthetic,119,16,672.9,86.4,0,1.0,0.6373,0,3,5,72536.5452887074,0,4,0,19,2,0,10,10,True,,synthetic,True,2,True
2026-09-17T13:56:41.483705+00:00,synthetic,synth_gen_CONFIDENT_NORMAL,synthetic,120,16,1317.0,134.1,0,0.6002,0.7059,0,1,2,30867.555647405803,0,8,0,13,2,0,46,46,True,,synthetic,True,2,True
2026-09-17T13:56:41.483705+00:00,synthetic,synth_gen_CONFIDENT_NORMAL,synthetic,121,12,820.3,59.4,0,0.7361,0.5403,0,5,3,84683.60084379876,0,3,0,5,2,0,57,57,True,,synthetic,True,2,True
2026-09-17T13:56:41.483705+00:00,synthetic,synth_gen_CONFIDENT_NORMAL,synthetic,122,41,1657.6,244.4,0,0.6566,0.5356,0,8,5,9175.351740269278,0,2,0,17,2,0,44,44,True,,synthetic,True,2,True
2026-09-17T13:56:41.483705+00:00,synthetic,synth_gen_CONFIDENT_NORMAL,synthetic,123,35,2261.5,87.6,0,1.0,0.5724,0,1,2,46056.172738382,0,4,0,7,2,0,63,63,True,,synthetic,True,2,True
2026-09-17T13:56:41.483705+00:00,synthetic,synth_gen_CONFIDENT_NORMAL,synthetic,124,6,1348.5,154.1,0,0.68,0.5519,0,3,1,79141.43672189629,0,8,0,20,2,0,18,18,True,,synthetic,True,2,True
2026-09-17T13:56:41.483705+00:00,synthetic,synth_gen_CONFIDENT_NORMAL,synthetic,125,0,614.8,112.7,0,0.6,0.7479,0,1,5,55311.27650221582,0,9,0,15,2,0,43,43,True,,synthetic,True,2,True
2026-09-17T13:56:41.483705+00:00,synthetic,synth_gen_CONFIDENT_NORMAL,synthetic,126,6,1027.0,59.8,0,0.8022,0.5,0,9,1,70611.87449687032,0,8,0,19,2,0,45,45,True,,synthetic,True,2,True
2026-09-17T13:56:41.483705+00:00,synthetic,synth_gen_CONFIDENT_NORMAL,synthetic,127,42,1223.1,173.8,0,0.6645,0.5,0,7,5,73416.55202217946,0,9,0,20,2,0,2,2,True,,synthetic,True,2,True
2026-09-17T13:56:41.483705+00:00,synthetic,synth_gen_CONFIDENT_NORMAL,synthetic,128,40,578.1,206.2,0,0.7275,0.7289,0,5,3,33060.47382389518,0,10,0,0,2,0,39,39,True,,synthetic,True,2,True
2026-09-17T13:56:41.483705+00:00,synthetic,synth_gen_CONFIDENT_NORMAL,synthetic,129,18,1809.2,87.6,0,0.7675,0.537,0,3,3,7490.540915992538,0,5,0,12,2,0,62,62,True,,synthetic,True,2,True
2026-09-17T13:56:41.483705+00:00,synthetic,synth_gen_CONFIDENT_NORMAL,synthetic,130,26,922.5,108.3,0,0.8088,0.6088,0,15,1,59959.814167421246,0,7,0,16,2,0,10,10,True,,synthetic,True,2,True
2026-09-17T13:56:41.483705+00:00,synthetic,synth_gen_CONFIDENT_NORMAL,synthetic,131,10,2197.7,103.9,0,0.9324,0.6244,0,10,2,55604.971341949495,0,8,0,15,2,0,1,1,True,,synthetic,True,2,True
2026-09-17T13:56:41.483705+00:00,synthetic,synth_gen_CONFIDENT_NORMAL,synthetic,132,48,2050.9,153.6,0,0.6,0.649,0,7,1,42429.02005426888,0,3,0,12,2,0,45,45,True,,synthetic,True,2,True
2026-09-17T13:56:41.483705+00:00,synthetic,synth_gen_CONFIDENT_NORMAL,synthetic,133,27,651.5,140.4,0,0.6142,0.6203,0,9,3,33212.183351462285,0,6,0,13,2,0,60,60,True,,synthetic,True,2,True
2026-09-17T13:56:41.483705+00:00,synthetic,synth_gen_CONFIDENT_NORMAL,synthetic,134,4,1261.9,104.5,0,0.9262,0.7898,0,5,3,12094.996834658265,0,1,0,10,2,0,37,37,True,,synthetic,True,2,True
2026-09-17T13:56:41.483705+00:00,synthetic,synth_gen_CONFIDENT_NORMAL,synthetic,135,0,846.2,223.8,0,0.8372,0.5517,0,8,5,72485.24721107491,0,9,0,0,2,0,18,18,True,,synthetic,True,2,True
2026-09-17T13:56:41.483705+00:00,synthetic,synth_gen_CONFIDENT_NORMAL,synthetic,136,11,873.5,30,0,0.7798,0.6321,0,3,1,8616.316122165623,0,4,0,20,2,0,26,26,True,,synthetic,True,2,True
2026-09-17T13:56:41.483705+00:00,synthetic,synth_gen_CONFIDENT_NORMAL,synthetic,137,37,1169.0,374.5,0,1.0,0.5574,0,11,2,41881.34724274984,0,2,0,2,2,0,25,25,True,,synthetic,True,2,True
2026-09-17T13:56:41.483705+00:00,synthetic,synth_gen_CONFIDENT_NORMAL,synthetic,138,1,1891.2,46.2,0,0.8761,0.6169,0,13,2,69762.90049741766,0,9,0,11,2,0,23,23,True,,synthetic,True,2,True
2026-09-17T13:56:41.483705+00:00,synthetic,synth_gen_CONFIDENT_NORMAL,synthetic,139,8,816.5,36.8,0,0.7142,0.863,0,14,2,13105.702061743405,0,5,0,16,2,0,6,6,True,,synthetic,True,2,True
2026-09-17T13:56:41.483705+00:00,synthetic,synth_gen_CONFIDENT_NORMAL,synthetic,140,5,1421.9,129.9,0,0.8038,0.6606,0,10,2,17141.940420555427,0,5,0,19,2,0,40,40,True,,synthetic,True,2,True
2026-09-17T13:56:41.483705+00:00,synthetic,synth_gen_CONFIDENT_NORMAL,synthetic,141,16,928.2,73.5,0,0.7884,0.6075,0,9,2,44873.480025855664,0,4,0,12,2,0,37,37,True,,synthetic,True,2,True
2026-09-17T13:56:41.483705+00:00,synthetic,synth_gen_CONFIDENT_NORMAL,synthetic,142,6,653.3,105.6,0,0.6,0.5,0,5,3,21779.073438396976,0,5,0,15,2,0,52,52,True,,synthetic,True,2,True
2026-09-17T13:56:41.483705+00:00,synthetic,synth_gen_CONFIDENT_NORMAL,synthetic,143,24,1389.1,96.3,0,0.9457,0.6022,0,7,1,69519.23557883443,0,2,0,9,2,0,8,8,True,,synthetic,True,2,True
2026-09-17T13:56:41.483705+00:00,synthetic,synth_gen_CONFIDENT_NORMAL,synthetic,144,31,903.1,225.2,0,0.8851,0.7206,0,12,1,67563.27825299372,0,3,0,4,2,0,53,53,True,,synthetic,True,2,True
2026-09-17T13:56:41.483705+00:00,synthetic,synth_gen_CONFIDENT_NORMAL,synthetic,145,47,996.7,163.6,0,0.7793,0.7023,0,15,3,65680.14380866347,0,3,0,17,2,0,7,7,True,,synthetic,True,2,True
2026-09-17T13:56:41.483705+00:00,synthetic,synth_gen_CONFIDENT_NORMAL,synthetic,146,4,2500,195.1,0,0.6,0.5,0,4,2,57649.81254325998,0,1,0,10,2,0,4,4,True,,synthetic,True,2,True
2026-09-17T13:56:41.483705+00:00,synthetic,synth_gen_CONFIDENT_NORMAL,synthetic,147,10,546.7,58.6,0,0.8378,0.5,0,15,1,49448.10974736562,0,2,0,9,2,0,2,2,True,,synthetic,True,2,True
2026-09-17T13:56:41.483705+00:00,synthetic,synth_gen_CONFIDENT_NORMAL,synthetic,148,25,1048.6,60.9,0,0.7323,0.7281,0,6,3,63406.308648436134,0,8,0,3,2,0,21,21,True,,synthetic,True,2,True
2026-09-17T13:56:41.483705+00:00,synthetic,synth_gen_CONFIDENT_NORMAL,synthetic,149,49,1375.0,93.5,0,0.9011,0.7892,0,5,2,24237.64759843763,0,9,0,19,2,0,4,4,True,,synthetic,True,2,True
2026-09-17T13:56:41.483705+00:00,synthetic,synth_gen_CONFIDENT_NORMAL,synthetic,150,21,2019.5,199.1,0,0.7603,0.6781,0,2,5,27580.875899069615,0,2,0,2,2,0,14,14,True,,synthetic,True,2,True
2026-09-17T13:56:41.483705+00:00,synthetic,synth_gen_CONFIDENT_NORMAL,synthetic,151,16,1137.0,50.8,0,1.0,0.5827,0,1,1,46988.125522072005,0,7,0,13,2,0,37,37,True,,synthetic,True,2,True
2026-09-17T13:56:41.483705+00:00,synthetic,synth_gen_CONFIDENT_NORMAL,synthetic,152,25,1071.4,53.7,0,0.8999,0.578,0,2,4,43222.60919509045,0,9,0,1,2,0,48,48,True,,synthetic,True,2,True
2026-09-17T13:56:41.483705+00:00,synthetic,synth_gen_CONFIDENT_NORMAL,synthetic,153,20,1301.4,80.7,0,0.7865,0.6051,0,7,3,73157.66219164117,0,4,0,15,2,0,28,28,True,,synthetic,True,2,True
2026-09-17T13:56:41.483705+00:00,synthetic,synth_gen_CONFIDENT_NORMAL,synthetic,154,14,653.4,71.4,0,0.992,0.6917,0,13,1,44903.93634491106,0,1,0,2,2,0,44,44,True,,synthetic,True,2,True
2026-09-17T13:56:41.483705+00:00,synthetic,synth_gen_CONFIDENT_NORMAL,synthetic,155,17,1366.9,94.0,0,0.7592,0.5512,0,11,2,48719.34069496748,0,6,0,18,2,0,43,43,True,,synthetic,True,2,True
2026-09-17T13:56:41.483705+00:00,synthetic,synth_gen_CONFIDENT_NORMAL,synthetic,156,3,2079.8,334.8,0,0.7205,0.6516,0,2,2,44358.026487203344,0,7,0,15,2,0,13,13,True,,synthetic,True,2,True
2026-09-17T13:56:41.483705+00:00,synthetic,synth_gen_CONFIDENT_NORMAL,synthetic,157,19,852.3,93.0,0,0.6,0.5696,0,1,4,15960.702181904815,0,8,0,10,2,0,11,11,True,,synthetic,True,2,True
2026-09-17T13:56:41.483705+00:00,synthetic,synth_gen_CONFIDENT_NORMAL,synthetic,158,8,762.3,117.2,0,0.9008,0.6894,0,14,1,5779.220587030682,0,9,0,13,2,0,49,49,True,,synthetic,True,2,True
2026-09-17T13:56:41.483705+00:00,synthetic,synth_gen_CONFIDENT_NORMAL,synthetic,159,2,774.0,81.6,0,0.7189,0.5,0,5,1,75941.84013028636,0,8,0,5,2,0,35,35,True,,synthetic,True,2,True
2026-09-17T13:56:41.483705+00:00,synthetic,synth_gen_CONFIDENT_NORMAL,synthetic,160,48,1059.5,158.8,0,1.0,0.5503,0,12,2,32476.325764641897,0,3,0,20,2,0,51,51,True,,synthetic,True,2,True
2026-09-17T13:56:41.483705+00:00,synthetic,synth_gen_CONFIDENT_NORMAL,synthetic,161,31,765.3,187.5,0,0.686,0.5,0,1,5,68486.97248889854,0,2,0,6,2,0,9,9,True,,synthetic,True,2,True
2026-09-17T13:56:41.483705+00:00,synthetic,synth_gen_CONFIDENT_NORMAL,synthetic,162,26,1333.1,121.9,0,0.7817,0.764,0,15,4,3030.6266498754117,0,2,0,9,2,0,57,57,True,,synthetic,True,2,True
2026-09-17T13:56:41.483705+00:00,synthetic,synth_gen_CONFIDENT_NORMAL,synthetic,163,33,2171.8,123.7,0,0.7868,0.5256,0,14,3,27541.78664094965,0,3,0,11,2,0,8,8,True,,synthetic,True,2,True
2026-09-17T13:56:41.483705+00:00,synthetic,synth_gen_CONFIDENT_NORMAL,synthetic,164,3,764.2,203.8,0,0.8132,0.6033,0,3,3,32626.35150193882,0,3,0,0,2,0,52,52,True,,synthetic,True,2,True
2026-09-17T13:56:41.483705+00:00,synthetic,synth_gen_CONFIDENT_NORMAL,synthetic,165,45,961.7,30,0,0.7567,0.6938,0,1,3,75560.16887712585,0,1,0,5,2,0,26,26,True,,synthetic,True,2,True
2026-09-17T13:56:41.483705+00:00,synthetic,synth_gen_CONFIDENT_NORMAL,synthetic,166,10,1971.8,224.4,0,0.7157,0.5505,0,7,5,19780.84892154042,0,9,0,10,2,0,23,23,True,,synthetic,True,2,True
2026-09-17T13:56:41.483705+00:00,synthetic,synth_gen_CONFIDENT_NORMAL,synthetic,167,14,1652.8,104.2,0,0.918,0.6283,0,9,2,692.8564163667893,0,6,0,15,2,0,32,32,True,,synthetic,True,2,True
2026-09-17T13:56:41.483705+00:00,synthetic,synth_gen_CONFIDENT_NORMAL,synthetic,168,44,2407.8,103.8,0,0.8555,0.5082,0,15,4,66619.73428471555,0,3,0,20,2,0,39,39,True,,synthetic,True,2,True
2026-09-17T13:56:41.483705+00:00,synthetic,synth_gen_CONFIDENT_NORMAL,synthetic,169,2,920.6,87.4,0,0.6844,0.5689,0,5,4,33679.04356114409,0,6,0,20,2,0,7,7,True,,synthetic,True,2,True
2026-09-17T13:56:41.483705+00:00,synthetic,synth_gen_CONFIDENT_NORMAL,synthetic,170,47,1168.7,148.1,0,0.8297,0.6651,0,5,1,52864.95092994767,0,1,0,20,2,0,56,56,True,,synthetic,True,2,True
2026-09-17T13:56:41.483705+00:00,synthetic,synth_gen_CONFIDENT_NORMAL,synthetic,171,31,1010.2,58.7,0,0.9459,0.5191,0,6,5,52981.26588547836,0,7,0,9,2,0,19,19,True,,synthetic,True,2,True
2026-09-17T13:56:41.483705+00:00,synthetic,synth_gen_CONFIDENT_NORMAL,synthetic,172,38,1808.1,57.2,0,0.6438,0.6074,0,7,2,67309.66623646511,0,4,0,9,2,0,44,44,True,,synthetic,True,2,True
2026-09-17T13:56:41.483705+00:00,synthetic,synth_gen_CONFIDENT_NORMAL,synthetic,173,44,1298.3,85.0,0,0.9405,0.6124,0,13,1,56573.04406029943,0,6,0,0,2,0,47,47,True,,synthetic,True,2,True
2026-09-17T13:56:41.483705+00:00,synthetic,synth_gen_CONFIDENT_NORMAL,synthetic,174,10,1039.2,110.3,0,0.7245,0.5,0,12,5,54696.57990587257,0,4,0,7,2,0,54,54,True,,synthetic,True,2,True
2026-09-17T13:56:41.483705+00:00,synthetic,synth_gen_CONFIDENT_NORMAL,synthetic,175,3,2500,116.6,0,0.9143,0.6378,0,10,2,59275.129659448095,0,2,0,11,2,0,42,42,True,,synthetic,True,2,True
2026-09-17T13:56:41.483705+00:00,synthetic,synth_gen_CONFIDENT_NORMAL,synthetic,176,17,656.4,157.0,0,0.772,0.7055,0,11,5,41491.47738467556,0,6,0,15,2,0,19,19,True,,synthetic,True,2,True
2026-09-17T13:56:41.483705+00:00,synthetic,synth_gen_CONFIDENT_NORMAL,synthetic,177,46,1017.0,81.8,0,0.7518,0.6567,0,2,5,49883.59707590074,0,9,0,4,2,0,4,4,True,,synthetic,True,2,True
2026-09-17T13:56:41.483705+00:00,synthetic,synth_gen_CONFIDENT_NORMAL,synthetic,178,12,948.9,118.9,0,0.8451,0.5423,0,11,4,1591.5004919779922,0,3,0,1,2,0,11,11,True,,synthetic,True,2,True
2026-09-17T13:56:41.483705+00:00,synthetic,synth_gen_CONFIDENT_NORMAL,synthetic,179,14,1564.8,154.5,0,0.9689,0.5461,0,10,1,75042.62413728428,0,10,0,5,2,0,41,41,True,,synthetic,True,2,True
2026-09-17T13:56:41.483705+00:00,synthetic,synth_gen_CONFIDENT_NORMAL,synthetic,180,44,1037.7,166.1,0,0.7194,0.5234,0,5,4,66871.68040211647,0,9,0,18,2,0,37,37,True,,synthetic,True,2,True
2026-09-17T13:56:41.483705+00:00,synthetic,synth_gen_CONFIDENT_NORMAL,synthetic,181,40,516.1,97.9,0,0.6846,0.61,0,3,3,27838.99116050822,0,9,0,3,2,0,13,13,True,,synthetic,True,2,True
2026-09-17T13:56:41.483705+00:00,synthetic,synth_gen_CONFIDENT_NORMAL,synthetic,182,20,1372.5,166.7,0,0.6,0.5903,0,2,3,86065.31853533974,0,8,0,7,2,0,30,30,True,,synthetic,True,2,True
2026-09-17T13:56:41.483705+00:00,synthetic,synth_gen_CONFIDENT_NORMAL,synthetic,183,46,1085.0,56.9,0,0.7641,0.5207,0,5,2,55085.640937027776,0,3,0,6,2,0,34,34,True,,synthetic,True,2,True
2026-09-17T13:56:41.483705+00:00,synthetic,synth_gen_CONFIDENT_NORMAL,synthetic,184,41,1144.6,139.3,0,0.6331,0.5,0,6,3,78019.76479541934,0,7,0,19,2,0,20,20,True,,synthetic,True,2,True
2026-09-17T13:56:41.483705+00:00,synthetic,synth_gen_CONFIDENT_NORMAL,synthetic,185,1,1315.0,191.8,0,0.8896,0.5639,0,6,4,57160.99962115933,0,7,0,12,2,0,62,62,True,,synthetic,True,2,True
2026-09-17T13:56:41.483705+00:00,synthetic,synth_gen_CONFIDENT_NORMAL,synthetic,186,6,2500,122.8,0,0.768,0.5,0,12,1,45602.65750447456,0,2,0,4,2,0,21,21,True,,synthetic,True,2,True
2026-09-17T13:56:41.483705+00:00,synthetic,synth_gen_CONFIDENT_NORMAL,synthetic,187,13,949.5,37.9,0,0.6,0.6593,0,9,4,72598.24783033645,0,5,0,16,2,0,40,40,True,,synthetic,True,2,True
2026-09-17T13:56:41.483705+00:00,synthetic,synth_gen_CONFIDENT_NORMAL,synthetic,188,45,1302.8,46.2,0,0.7174,0.6356,0,9,4,36861.417349491065,0,1,0,19,2,0,9,9,True,,synthetic,True,2,True
2026-09-17T13:56:41.483705+00:00,synthetic,synth_gen_CONFIDENT_NORMAL,synthetic,189,10,491.2,89.2,0,0.9947,0.6317,0,2,3,69647.32635235267,0,5,0,6,2,0,10,10,True,,synthetic,True,2,True
2026-09-17T13:56:41.483705+00:00,synthetic,synth_gen_CONFIDENT_NORMAL,synthetic,190,43,798.1,130.4,0,0.8532,0.8216,0,14,1,72808.42453762967,0,1,0,8,2,0,22,22,True,,synthetic,True,2,True
2026-09-17T13:56:41.483705+00:00,synthetic,synth_gen_CONFIDENT_NORMAL,synthetic,191,37,998.5,116.8,0,0.8712,0.5,0,9,5,79523.61359893341,0,10,0,9,2,0,2,2,True,,synthetic,True,2,True
2026-09-17T13:56:41.483705+00:00,synthetic,synth_gen_CONFIDENT_NORMAL,synthetic,192,44,986.2,83.8,0,0.6,0.5026,0,13,5,76845.58682646792,0,8,0,20,2,0,36,36,True,,synthetic,True,2,True
2026-09-17T13:56:41.483705+00:00,synthetic,synth_gen_CONFIDENT_NORMAL,synthetic,193,35,849.4,255.8,0,0.9196,0.5,0,4,5,57017.14796585709,0,5,0,2,2,0,19,19,True,,synthetic,True,2,True
2026-09-17T13:56:41.483705+00:00,synthetic,synth_gen_CONFIDENT_NORMAL,synthetic,194,48,801.6,69.2,0,0.7716,0.746,0,3,4,58097.878325022524,0,8,0,15,2,0,13,13,True,,synthetic,True,2,True
2026-09-17T13:56:41.483705+00:00,synthetic,synth_gen_CONFIDENT_NORMAL,synthetic,195,14,1459.7,99.4,0,0.7839,0.6309,0,10,4,39548.80127627474,0,10,0,1,2,0,44,44,True,,synthetic,True,2,True
2026-09-17T13:56:41.483705+00:00,synthetic,synth_gen_CONFIDENT_NORMAL,synthetic,196,21,2031.5,56.1,0,0.995,0.5,0,3,1,32683.894725211787,0,7,0,0,2,0,23,23,True,,synthetic,True,2,True
2026-09-17T13:56:41.483705+00:00,synthetic,synth_gen_CONFIDENT_NORMAL,synthetic,197,46,1178.0,101.1,0,0.767,0.7678,0,1,4,7170.409962755396,0,10,0,11,2,0,23,23,True,,synthetic,True,2,True
2026-09-17T13:56:41.483705+00:00,synthetic,synth_gen_CONFIDENT_NORMAL,synthetic,198,30,1323.1,44.5,0,0.683,0.5339,0,12,3,25826.5406676334,0,3,0,1,2,0,41,41,True,,synthetic,True,2,True
2026-09-17T13:56:41.483705+00:00,synthetic,synth_gen_CONFIDENT_NORMAL,synthetic,199,22,2003.3,97.6,0,0.8364,0.5229,0,1,1,85509.44083472618,0,2,0,14,2,0,59,59,True,,synthetic,True,2,True
2026-09-17T13:56:41.483705+00:00,synthetic,synth_gen_CONFIDENT_NORMAL,synthetic,200,16,643.2,214.2,0,0.7026,0.7874,0,1,3,3349.824105253791,0,9,0,14,2,0,32,32,True,,synthetic,True,2,True
2026-09-17T13:56:41.483705+00:00,synthetic,synth_gen_CONFIDENT_NORMAL,synthetic,201,28,1013.5,67.6,0,0.6,0.7297,0,5,4,47165.97629464683,0,7,0,9,2,0,18,18,True,,synthetic,True,2,True
2026-09-17T13:56:41.483705+00:00,synthetic,synth_gen_CONFIDENT_NORMAL,synthetic,202,2,1438.4,101.5,0,0.9092,0.6742,0,3,5,60298.09725294748,0,1,0,12,2,0,48,48,True,,synthetic,True,2,True
2026-09-17T13:56:41.483705+00:00,synthetic,synth_gen_CONFIDENT_NORMAL,synthetic,203,28,1228.4,173.5,0,0.7501,0.5377,0,6,5,36046.15329356459,0,3,0,4,2,0,59,59,True,,synthetic,True,2,True
2026-09-17T13:56:41.483705+00:00,synthetic,synth_gen_CONFIDENT_NORMAL,synthetic,204,4,884.9,71.0,0,0.639,0.7251,0,14,2,24124.941891963972,0,5,0,20,2,0,2,2,True,,synthetic,True,2,True
2026-09-17T13:56:41.483705+00:00,synthetic,synth_gen_CONFIDENT_NORMAL,synthetic,205,32,2352.1,88.1,0,0.91,0.7216,0,8,3,66719.15127152542,0,7,0,14,2,0,13,13,True,,synthetic,True,2,True
2026-09-17T13:56:41.483705+00:00,synthetic,synth_gen_CONFIDENT_NORMAL,synthetic,206,40,670.6,102.2,0,0.6846,0.5,0,5,1,55199.92664355997,0,3,0,13,2,0,27,27,True,,synthetic,True,2,True
2026-09-17T13:56:41.483705+00:00,synthetic,synth_gen_CONFIDENT_NORMAL,synthetic,207,17,1600.1,133.9,0,1.0,0.6881,0,15,4,70124.80908482347,0,6,0,20,2,0,8,8,True,,synthetic,True,2,True
2026-09-17T13:56:41.483705+00:00,synthetic,synth_gen_CONFIDENT_NORMAL,synthetic,208,10,1392.5,172.2,0,0.9151,0.7565,0,4,1,48201.207913133934,0,4,0,14,2,0,16,16,True,,synthetic,True,2,True
2026-09-17T13:56:41.483705+00:00,synthetic,synth_gen_CONFIDENT_NORMAL,synthetic,209,44,1565.2,37.8,0,0.8968,0.697,0,14,3,63098.00544811583,0,1,0,4,2,0,14,14,True,,synthetic,True,2,True
2026-09-17T13:56:41.483705+00:00,synthetic,synth_gen_CONFIDENT_NORMAL,synthetic,210,23,1719.3,177.3,0,0.7426,0.6406,0,11,1,34704.87816976719,0,1,0,6,2,0,7,7,True,,synthetic,True,2,True
2026-09-17T13:56:41.483705+00:00,synthetic,synth_gen_CONFIDENT_NORMAL,synthetic,211,36,533.3,146.7,0,0.7477,0.6117,0,4,2,37909.00284585225,0,2,0,5,2,0,37,37,True,,synthetic,True,2,True
2026-09-17T13:56:41.483705+00:00,synthetic,synth_gen_CONFIDENT_NORMAL,synthetic,212,35,907.5,142.6,0,0.652,0.553,0,2,3,65091.661622234744,0,3,0,5,2,0,61,61,True,,synthetic,True,2,True
2026-09-17T13:56:41.483705+00:00,synthetic,synth_gen_CONFIDENT_NORMAL,synthetic,213,18,1515.2,108.8,0,0.8619,0.853,0,12,2,85512.01260467542,0,10,0,0,2,0,24,24,True,,synthetic,True,2,True
2026-09-17T13:56:41.483705+00:00,synthetic,synth_gen_CONFIDENT_NORMAL,synthetic,214,33,1139.4,98.2,0,0.7041,0.6322,0,7,2,76341.5526456739,0,6,0,13,2,0,60,60,True,,synthetic,True,2,True
2026-09-17T13:56:41.483705+00:00,synthetic,synth_gen_CONFIDENT_NORMAL,synthetic,215,49,524.5,165.9,0,0.6,0.7002,0,14,1,48454.20908908197,0,5,0,11,2,0,24,24,True,,synthetic,True,2,True
2026-09-17T13:56:41.483705+00:00,synthetic,synth_gen_CONFIDENT_NORMAL,synthetic,216,12,590.1,236.2,0,0.6,0.5,0,1,2,24045.33727106374,0,9,0,7,2,0,33,33,True,,synthetic,True,2,True
2026-09-17T13:56:41.483705+00:00,synthetic,synth_gen_CONFIDENT_NORMAL,synthetic,217,4,1824.0,58.5,0,0.7203,0.6401,0,10,4,4995.900122989032,0,2,0,2,2,0,27,27,True,,synthetic,True,2,True
2026-09-17T13:56:41.483705+00:00,synthetic,synth_gen_CONFIDENT_NORMAL,synthetic,218,30,2114.9,72.7,0,0.7799,0.7017,0,4,3,70483.14792962132,0,5,0,5,2,0,13,13,True,,synthetic,True,2,True
2026-09-17T13:56:41.483705+00:00,synthetic,synth_gen_CONFIDENT_NORMAL,synthetic,219,30,2287.3,93.1,0,0.6868,0.553,0,9,1,52265.12216854374,0,8,0,18,2,0,23,23,True,,synthetic,True,2,True
2026-09-17T13:56:41.483705+00:00,synthetic,synth_gen_CONFIDENT_NORMAL,synthetic,220,46,852.0,133.9,0,0.966,0.5889,0,11,2,40475.91727603071,0,7,0,5,2,0,19,19,True,,synthetic,True,2,True
2026-09-17T13:56:41.483705+00:00,synthetic,synth_gen_CONFIDENT_NORMAL,synthetic,221,25,1021.1,54.1,0,0.75,0.5461,0,6,3,10353.593061901029,0,5,0,4,2,0,60,60,True,,synthetic,True,2,True
2026-09-17T13:56:41.483705+00:00,synthetic,synth_gen_CONFIDENT_NORMAL,synthetic,222,13,918.3,92.7,0,0.719,0.6131,0,4,3,8581.890410527116,0,10,0,17,2,0,8,8,True,,synthetic,True,2,True
2026-09-17T13:56:41.483705+00:00,synthetic,synth_gen_CONFIDENT_NORMAL,synthetic,223,46,1077.1,77.2,0,1.0,0.5,0,14,1,74584.32639353884,0,9,0,5,2,0,47,47,True,,synthetic,True,2,True
2026-09-17T13:56:41.483705+00:00,synthetic,synth_gen_CONFIDENT_NORMAL,synthetic,224,12,1077.6,120.0,0,0.7552,0.6484,0,12,1,2107.829667389453,0,5,0,20,2,0,32,32,True,,synthetic,True,2,True
2026-09-17T13:56:41.483705+00:00,synthetic,synth_gen_CONFIDENT_NORMAL,synthetic,225,34,1206.7,130.4,0,0.8959,0.5961,0,5,3,20972.83331377715,0,1,0,3,2,0,44,44,True,,synthetic,True,2,True
2026-09-17T13:56:41.483705+00:00,synthetic,synth_gen_CONFIDENT_NORMAL,synthetic,226,34,979.1,130.9,0,0.8485,0.6507,0,2,4,29563.959771270074,0,6,0,17,2,0,20,20,True,,synthetic,True,2,True
2026-09-17T13:56:41.483705+00:00,synthetic,synth_gen_CONFIDENT_NORMAL,synthetic,227,10,1120.0,207.1,0,0.6435,0.7225,0,2,3,9504.284060631771,0,9,0,8,2,0,59,59,True,,synthetic,True,2,True
2026-09-17T13:56:41.483705+00:00,synthetic,synth_gen_CONFIDENT_NORMAL,synthetic,228,4,1248.2,77.2,0,0.7325,0.6232,0,8,2,68154.93133506241,0,10,0,11,2,0,26,26,True,,synthetic,True,2,True
2026-09-17T13:56:41.483705+00:00,synthetic,synth_gen_CONFIDENT_NORMAL,synthetic,229,25,885.4,30,0,0.7883,0.6215,0,14,5,3830.835161602231,0,8,0,3,2,0,45,45,True,,synthetic,True,2,True
2026-09-17T13:56:41.483705+00:00,synthetic,synth_gen_CONFIDENT_NORMAL,synthetic,230,13,1017.9,91.2,0,0.9682,0.5253,0,5,4,2757.4236887166862,0,8,0,1,2,0,54,54,True,,synthetic,True,2,True
2026-09-17T13:56:41.483705+00:00,synthetic,synth_gen_CONFIDENT_NORMAL,synthetic,231,28,1023.7,105.2,0,0.7186,0.8077,0,10,1,76783.2397939956,0,6,0,12,2,0,13,13,True,,synthetic,True,2,True
2026-09-17T13:56:41.483705+00:00,synthetic,synth_gen_CONFIDENT_NORMAL,synthetic,232,6,1565.3,62.6,0,0.7817,0.8182,0,1,5,40678.887090400196,0,6,0,18,2,0,49,49,True,,synthetic,True,2,True
2026-09-17T13:56:41.483705+00:00,synthetic,synth_gen_CONFIDENT_NORMAL,synthetic,233,7,1392.0,95.9,0,0.8935,0.7738,0,11,3,64934.53027369132,0,1,0,9,2,0,42,42,True,,synthetic,True,2,True
2026-09-17T13:56:41.483705+00:00,synthetic,synth_gen_CONFIDENT_NORMAL,synthetic,234,9,2500,94.6,0,0.9773,0.5,0,14,2,13023.746877029109,0,1,0,0,2,0,52,52,True,,synthetic,True,2,True
2026-09-17T13:56:41.483705+00:00,synthetic,synth_gen_CONFIDENT_NORMAL,synthetic,235,13,1408.9,114.0,0,0.6,0.7537,0,12,2,39512.98167334276,0,10,0,13,2,0,29,29,True,,synthetic,True,2,True
2026-09-17T13:56:41.483705+00:00,synthetic,synth_gen_CONFIDENT_NORMAL,synthetic,236,45,965.3,86.9,0,0.6797,0.6114,0,12,2,49140.54050571662,0,9,0,2,2,0,31,31,True,,synthetic,True,2,True
2026-09-17T13:56:41.483705+00:00,synthetic,synth_gen_CONFIDENT_NORMAL,synthetic,237,17,908.1,42.0,0,0.7638,0.5,0,12,5,19700.448583436322,0,5,0,16,2,0,10,10,True,,synthetic,True,2,True
2026-09-17T13:56:41.483705+00:00,synthetic,synth_gen_CONFIDENT_NORMAL,synthetic,238,43,712.3,80.5,0,0.7445,0.6822,0,12,1,68817.98334116035,0,7,0,6,2,0,34,34,True,,synthetic,True,2,True
2026-09-17T13:56:41.483705+00:00,synthetic,synth_gen_CONFIDENT_NORMAL,synthetic,239,22,1846.2,155.8,0,0.6497,0.6719,0,6,2,73071.76431333348,0,1,0,9,2,0,28,28,True,,synthetic,True,2,True
2026-09-17T13:56:41.483705+00:00,synthetic,synth_gen_CONFIDENT_NORMAL,synthetic,240,1,849.0,71.4,0,0.724,0.5501,0,15,2,39040.52042347282,0,7,0,20,2,0,4,4,True,,synthetic,True,2,True
2026-09-17T13:56:41.483705+00:00,synthetic,synth_gen_CONFIDENT_NORMAL,synthetic,241,41,982.9,100.3,0,0.8994,0.5,0,8,4,24782.487490226187,0,4,0,15,2,0,35,35,True,,synthetic,True,2,True
2026-09-17T13:56:41.483705+00:00,synthetic,synth_gen_CONFIDENT_NORMAL,synthetic,242,7,514.9,50.5,0,0.9082,0.6146,0,8,5,47348.40108163428,0,9,0,3,2,0,57,57,True,,synthetic,True,2,True
2026-09-17T13:56:41.483705+00:00,synthetic,synth_gen_CONFIDENT_NORMAL,synthetic,243,23,2500,54.4,0,0.6031,0.6101,0,15,4,33346.305199773495,0,10,0,19,2,0,16,16,True,,synthetic,True,2,True
2026-09-17T13:56:41.483705+00:00,synthetic,synth_gen_CONFIDENT_NORMAL,synthetic,244,1,837.1,67.2,0,0.8583,0.7365,0,7,4,32700.659046317684,0,1,0,12,2,0,56,56,True,,synthetic,True,2,True
2026-09-17T13:56:41.483705+00:00,synthetic,synth_gen_CONFIDENT_NORMAL,synthetic,245,26,1191.3,143.1,0,0.791,0.5367,0,5,1,51647.55324113345,0,3,0,2,2,0,9,9,True,,synthetic,True,2,True
2026-09-17T13:56:41.483705+00:00,synthetic,synth_gen_CONFIDENT_NORMAL,synthetic,246,17,629.6,55.8,0,0.7048,0.5739,0,15,5,61056.33113342576,0,5,0,2,2,0,40,40,True,,synthetic,True,2,True
2026-09-17T13:56:41.483705+00:00,synthetic,synth_gen_CONFIDENT_NORMAL,synthetic,247,36,1362.8,101.9,0,0.6,0.7664,0,1,2,1858.2456518493607,0,7,0,6,2,0,58,58,True,,synthetic,True,2,True
2026-09-17T13:56:41.483705+00:00,synthetic,synth_gen_CONFIDENT_NORMAL,synthetic,248,26,960.5,138.6,0,0.6722,0.5,0,1,4,43078.58280579572,0,6,0,13,2,0,33,33,True,,synthetic,True,2,True
2026-09-17T13:56:41.483705+00:00,synthetic,synth_gen_CONFIDENT_NORMAL,synthetic,249,10,1111.6,48.3,0,0.7631,0.5278,0,13,4,57914.65157187152,0,10,0,8,2,0,29,29,True,,synthetic,True,2,True
2026-09-17T13:56:41.483705+00:00,synthetic,synth_gen_CONFIDENT_NORMAL,synthetic,250,36,1192.2,137.2,0,0.9083,0.63,0,5,1,28421.06825881095,0,3,0,6,2,0,35,35,True,,synthetic,True,2,True
2026-09-17T13:56:41.483705+00:00,synthetic,synth_gen_CONFIDENT_NORMAL,synthetic,251,39,1236.2,176.2,0,0.7151,0.7435,0,11,5,3175.559786559309,0,7,0,5,2,0,53,53,True,,synthetic,True,2,True
2026-09-17T13:56:41.483705+00:00,synthetic,synth_gen_CONFIDENT_NORMAL,synthetic,252,37,1295.1,112.2,0,0.7668,0.6919,0,8,3,64979.05866999627,0,1,0,1,2,0,48,48,True,,synthetic,True,2,True
2026-09-17T13:56:41.483705+00:00,synthetic,synth_gen_CONFIDENT_NORMAL,synthetic,253,36,641.8,157.2,0,0.6,0.6249,0,1,4,83452.33137985315,0,4,0,18,2,0,16,16,True,,synthetic,True,2,True
2026-09-17T13:56:41.483705+00:00,synthetic,synth_gen_CONFIDENT_NORMAL,synthetic,254,37,986.5,67.0,0,0.6207,0.5439,0,5,2,40717.2016607737,0,2,0,2,2,0,15,15,True,,synthetic,True,2,True
2026-09-17T13:56:41.483705+00:00,synthetic,synth_gen_CONFIDENT_NORMAL,synthetic,255,49,1290.6,208.2,0,0.709,0.7313,0,14,2,531.3993933297717,0,9,0,16,2,0,58,58,True,,synthetic,True,2,True
2026-09-17T13:56:41.483705+00:00,synthetic,synth_gen_CONFIDENT_NORMAL,synthetic,256,19,1476.0,94.9,0,0.6237,0.6023,0,4,5,828.2996986577516,0,2,0,6,2,0,20,20,True,,synthetic,True,2,True
2026-09-17T13:56:41.483705+00:00,synthetic,synth_gen_CONFIDENT_NORMAL,synthetic,257,38,772.2,271.7,0,0.6549,0.6837,0,4,1,13457.291947347549,0,4,0,5,2,0,17,17,True,,synthetic,True,2,True
2026-09-17T13:56:41.483705+00:00,synthetic,synth_gen_CONFIDENT_NORMAL,synthetic,258,34,1134.4,63.6,0,0.7788,0.5,0,1,2,52284.47283200465,0,8,0,20,2,0,36,36,True,,synthetic,True,2,True
2026-09-17T13:56:41.483705+00:00,synthetic,synth_gen_CONFIDENT_NORMAL,synthetic,259,4,911.4,82.2,0,0.8463,0.6728,0,14,5,12174.238623390116,0,8,0,5,2,0,55,55,True,,synthetic,True,2,True
2026-09-17T13:56:41.483705+00:00,synthetic,synth_gen_CONFIDENT_NORMAL,synthetic,260,45,1133.9,286.9,0,0.6726,0.533,0,3,3,38290.593536575856,0,3,0,13,2,0,29,29,True,,synthetic,True,2,True
2026-09-17T13:56:41.483705+00:00,synthetic,synth_gen_CONFIDENT_NORMAL,synthetic,261,1,1566.7,50.6,0,0.8331,0.5041,0,14,1,23274.395983671933,0,10,0,0,2,0,36,36,True,,synthetic,True,2,True
2026-09-17T13:56:41.483705+00:00,synthetic,synth_gen_CONFIDENT_NORMAL,synthetic,262,23,1106.6,49.6,0,0.9637,0.732,0,8,2,76632.64457979088,0,6,0,18,2,0,32,32,True,,synthetic,True,2,True
2026-09-17T13:56:41.483705+00:00,synthetic,synth_gen_CONFIDENT_NORMAL,synthetic,263,1,888.9,79.2,0,0.7106,0.7387,0,6,1,62333.74951933024,0,6,0,1,2,0,7,7,True,,synthetic,True,2,True
2026-09-17T13:56:41.483705+00:00,synthetic,synth_gen_CONFIDENT_NORMAL,synthetic,264,18,932.5,36.2,0,0.7209,0.6035,0,2,1,58515.929993232254,0,5,0,11,2,0,60,60,True,,synthetic,True,2,True
2026-09-17T13:56:41.483705+00:00,synthetic,synth_gen_CONFIDENT_NORMAL,synthetic,265,8,2415.0,164.6,0,0.7278,0.5443,0,2,3,30384.217137787713,0,1,0,16,2,0,51,51,True,,synthetic,True,2,True
2026-09-17T13:56:41.483705+00:00,synthetic,synth_gen_CONFIDENT_NORMAL,synthetic,266,47,1387.6,50.9,0,0.6,0.6103,0,3,5,19066.169763839276,0,9,0,4,2,0,51,51,True,,synthetic,True,2,True
2026-09-17T13:56:41.483705+00:00,synthetic,synth_gen_CONFIDENT_NORMAL,synthetic,267,37,663.0,220.3,0,0.6,0.5451,0,5,1,51690.383125116925,0,3,0,17,2,0,40,40,True,,synthetic,True,2,True
2026-09-17T13:56:41.483705+00:00,synthetic,synth_gen_CONFIDENT_NORMAL,synthetic,268,29,768.4,180.9,0,0.8168,0.7012,0,14,4,47112.75059556641,0,7,0,10,2,0,14,14,True,,synthetic,True,2,True
2026-09-17T13:56:41.483705+00:00,synthetic,synth_gen_CONFIDENT_NORMAL,synthetic,269,32,1028.8,136.8,0,0.6518,0.5498,0,13,3,37562.49634294576,0,7,0,9,2,0,54,54,True,,synthetic,True,2,True
2026-09-17T13:56:41.483705+00:00,synthetic,synth_gen_CONFIDENT_NORMAL,synthetic,270,7,834.1,143.5,0,0.7523,0.732,0,1,2,80025.85504049523,0,7,0,13,2,0,28,28,True,,synthetic,True,2,True
2026-09-17T13:56:41.483705+00:00,synthetic,synth_gen_CONFIDENT_NORMAL,synthetic,271,37,1488.1,114.4,0,0.6093,0.5,0,9,5,5200.827551673156,0,5,0,4,2,0,32,32,True,,synthetic,True,2,True
2026-09-17T13:56:41.483705+00:00,synthetic,synth_gen_CONFIDENT_NORMAL,synthetic,272,43,1790.6,92.3,0,0.7419,0.607,0,10,1,20153.784127812818,0,5,0,11,2,0,54,54,True,,synthetic,True,2,True
2026-09-17T13:56:41.483705+00:00,synthetic,synth_gen_CONFIDENT_NORMAL,synthetic,273,14,1771.6,124.2,0,0.9948,0.5708,0,9,1,3319.100022845185,0,10,0,1,2,0,8,8,True,,synthetic,True,2,True
2026-09-17T13:56:41.483705+00:00,synthetic,synth_gen_CONFIDENT_NORMAL,synthetic,274,1,1933.6,72.4,0,0.8383,0.6029,0,7,1,75383.67956317807,0,9,0,9,2,0,12,12,True,,synthetic,True,2,True
2026-09-17T13:56:41.483705+00:00,synthetic,synth_gen_CONFIDENT_NORMAL,synthetic,275,8,975.8,169.4,0,0.6171,0.5127,0,1,5,8874.997312594553,0,2,0,7,2,0,57,57,True,,synthetic,True,2,True
2026-09-17T13:56:41.483705+00:00,synthetic,synth_gen_CONFIDENT_NORMAL,synthetic,276,8,686.2,117.8,0,0.9877,0.6284,0,13,5,10369.712846703678,0,9,0,8,2,0,41,41,True,,synthetic,True,2,True
2026-09-17T13:56:41.483705+00:00,synthetic,synth_gen_CONFIDENT_NORMAL,synthetic,277,17,987.1,117.8,0,0.7972,0.6403,0,6,2,78268.34860859912,0,10,0,1,2,0,53,53,True,,synthetic,True,2,True
2026-09-17T13:56:41.483705+00:00,synthetic,synth_gen_CONFIDENT_NORMAL,synthetic,278,22,2012.3,229.7,0,0.6863,0.5483,0,3,5,85578.22131330123,0,6,0,15,2,0,40,40,True,,synthetic,True,2,True
2026-09-17T13:56:41.483705+00:00,synthetic,synth_gen_CONFIDENT_NORMAL,synthetic,279,32,1617.9,73.9,0,0.6751,0.5,0,13,2,75455.65148685002,0,7,0,13,2,0,39,39,True,,synthetic,True,2,True
2026-09-17T13:56:41.483705+00:00,synthetic,synth_gen_CONFIDENT_NORMAL,synthetic,280,20,817.8,131.3,0,0.6951,0.6654,0,8,3,4686.288683004321,0,9,0,7,2,0,22,22,True,,synthetic,True,2,True
2026-09-17T13:56:41.483705+00:00,synthetic,synth_gen_CONFIDENT_NORMAL,synthetic,281,33,876.8,130.9,0,0.7891,0.6603,0,8,2,8082.942766276803,0,10,0,1,2,0,57,57,True,,synthetic,True,2,True
2026-09-17T13:56:41.483705+00:00,synthetic,synth_gen_CONFIDENT_NORMAL,synthetic,282,15,1584.8,86.6,0,0.8741,0.602,0,15,1,32772.71267244409,0,7,0,19,2,0,38,38,True,,synthetic,True,2,True
2026-09-17T13:56:41.483705+00:00,synthetic,synth_gen_CONFIDENT_NORMAL,synthetic,283,18,1277.7,151.1,0,0.744,0.5482,0,4,4,42689.59240016209,0,3,0,3,2,0,2,2,True,,synthetic,True,2,True
2026-09-17T13:56:41.483705+00:00,synthetic,synth_gen_CONFIDENT_NORMAL,synthetic,284,3,649.2,69.8,0,0.8949,0.5621,0,12,3,12355.025394578379,0,2,0,12,2,0,12,12,True,,synthetic,True,2,True
2026-09-17T13:56:41.483705+00:00,synthetic,synth_gen_CONFIDENT_NORMAL,synthetic,285,20,846.9,38.6,0,0.7729,0.6373,0,3,4,22299.224395791636,0,1,0,15,2,0,37,37,True,,synthetic,True,2,True
2026-09-17T13:56:41.483705+00:00,synthetic,synth_gen_CONFIDENT_NORMAL,synthetic,286,46,721.9,92.7,0,0.9074,0.5,0,15,1,74260.17931428383,0,2,0,7,2,0,11,11,True,,synthetic,True,2,True
2026-09-17T13:56:41.483705+00:00,synthetic,synth_gen_CONFIDENT_NORMAL,synthetic,287,35,1067.4,107.2,0,0.7944,0.7165,0,10,3,71427.95748965214,0,4,0,19,2,0,31,31,True,,synthetic,True,2,True
2026-09-17T13:56:41.483705+00:00,synthetic,synth_gen_CONFIDENT_NORMAL,synthetic,288,18,2099.5,149.2,0,0.7248,0.5736,0,14,4,52358.58713428078,0,6,0,2,2,0,5,5,True,,synthetic,True,2,True
2026-09-17T13:56:41.483705+00:00,synthetic,synth_gen_CONFIDENT_NORMAL,synthetic,289,24,1491.2,177.8,0,0.7308,0.6517,0,2,5,84375.98077262289,0,10,0,9,2,0,1,1,True,,synthetic,True,2,True
2026-09-17T13:56:41.483705+00:00,synthetic,synth_gen_CONFIDENT_NORMAL,synthetic,290,36,1130.6,75.6,0,0.859,0.6,0,11,2,15961.357371828992,0,7,0,14,2,0,54,54,True,,synthetic,True,2,True
2026-09-17T13:56:41.483705+00:00,synthetic,synth_gen_CONFIDENT_NORMAL,synthetic,291,43,1287.9,98.5,0,0.6683,0.5833,0,9,4,11551.373926368684,0,9,0,0,2,0,52,52,True,,synthetic,True,2,True
2026-09-17T13:56:41.483705+00:00,synthetic,synth_gen_CONFIDENT_NORMAL,synthetic,292,16,1826.6,97.4,0,0.8001,0.5,0,15,4,45110.50481930285,0,8,0,15,2,0,38,38,True,,synthetic,True,2,True
2026-09-17T13:56:41.483705+00:00,synthetic,synth_gen_CONFIDENT_NORMAL,synthetic,293,0,1390.5,138.0,0,0.6128,0.5699,0,7,2,54437.7203760577,0,7,0,10,2,0,4,4,True,,synthetic,True,2,True
2026-09-17T13:56:41.483705+00:00,synthetic,synth_gen_CONFIDENT_NORMAL,synthetic,294,1,732.5,132.6,0,0.9201,0.7269,0,13,5,21250.925652709942,0,3,0,6,2,0,43,43,True,,synthetic,True,2,True
2026-09-17T13:56:41.483705+00:00,synthetic,synth_gen_CONFIDENT_NORMAL,synthetic,295,39,782.1,69.4,0,0.9148,0.5,0,2,5,3087.175137859607,0,1,0,12,2,0,40,40,True,,synthetic,True,2,True
2026-09-17T13:56:41.483705+00:00,synthetic,synth_gen_CONFIDENT_NORMAL,synthetic,296,4,1970.0,109.5,0,0.9847,0.5799,0,5,2,85739.74804320288,0,7,0,11,2,0,15,15,True,,synthetic,True,2,True
2026-09-17T13:56:41.483705+00:00,synthetic,synth_gen_CONFIDENT_NORMAL,synthetic,297,44,1807.1,116.0,0,1.0,0.6467,0,2,5,34234.786028382565,0,9,0,6,2,0,11,11,True,,synthetic,True,2,True
2026-09-17T13:56:41.483705+00:00,synthetic,synth_gen_CONFIDENT_NORMAL,synthetic,298,4,1957.4,80.3,0,0.8742,0.761,0,1,2,19740.20424432709,0,3,0,13,2,0,20,20,True,,synthetic,True,2,True
2026-09-17T13:56:41.483705+00:00,synthetic,synth_gen_CONFIDENT_NORMAL,synthetic,299,26,1080.8,133.4,0,0.8036,0.5838,0,7,1,27101.693442765674,0,4,0,20,2,0,7,7,True,,synthetic,True,2,True
2026-09-17T13:56:41.483705+00:00,synthetic,synth_gen_CONFIDENT_NORMAL,synthetic,300,14,1003.0,52.7,0,0.6436,0.8283,0,6,1,22645.208519212752,0,10,0,19,2,0,20,20,True,,synthetic,True,2,True
2026-09-17T13:56:41.483705+00:00,synthetic,synth_gen_CONFIDENT_NORMAL,synthetic,301,38,1890.4,104.1,0,0.6432,0.5693,0,8,3,35287.27049376671,0,9,0,16,2,0,11,11,True,,synthetic,True,2,True
2026-09-17T13:56:41.483705+00:00,synthetic,synth_gen_CONFIDENT_NORMAL,synthetic,302,20,819.8,61.6,0,0.7306,0.5741,0,10,4,16795.75720575079,0,4,0,9,2,0,39,39,True,,synthetic,True,2,True
2026-09-17T13:56:41.483705+00:00,synthetic,synth_gen_CONFIDENT_NORMAL,synthetic,303,26,933.5,114.7,0,0.8051,0.5,0,5,3,67156.9768425396,0,1,0,14,2,0,14,14,True,,synthetic,True,2,True
2026-09-17T13:56:41.483705+00:00,synthetic,synth_gen_CONFIDENT_NORMAL,synthetic,304,15,874.1,98.5,0,0.9841,0.5296,0,3,5,41271.12149057962,0,4,0,12,2,0,50,50,True,,synthetic,True,2,True
2026-09-17T13:56:41.483705+00:00,synthetic,synth_gen_CONFIDENT_NORMAL,synthetic,305,49,1372.4,70.8,0,0.7981,0.5957,0,9,2,54901.98600109025,0,3,0,4,2,0,26,26,True,,synthetic,True,2,True
2026-09-17T13:56:41.483705+00:00,synthetic,synth_gen_CONFIDENT_NORMAL,synthetic,306,27,1682.4,145.3,0,0.6782,0.5,0,2,1,64537.47456524811,0,3,0,9,2,0,48,48,True,,synthetic,True,2,True
2026-09-17T13:56:41.483705+00:00,synthetic,synth_gen_CONFIDENT_NORMAL,synthetic,307,19,910.4,94.6,0,0.6352,0.7846,0,13,3,59681.771366271925,0,1,0,11,2,0,32,32,True,,synthetic,True,2,True
2026-09-17T13:56:41.483705+00:00,synthetic,synth_gen_CONFIDENT_NORMAL,synthetic,308,47,953.3,111.5,0,0.7475,0.6465,0,12,4,65007.4729060842,0,1,0,11,2,0,11,11,True,,synthetic,True,2,True
2026-09-17T13:56:41.483705+00:00,synthetic,synth_gen_CONFIDENT_NORMAL,synthetic,309,43,2483.4,126.0,0,0.664,0.6448,0,10,4,16199.094713108809,0,5,0,14,2,0,63,63,True,,synthetic,True,2,True
2026-09-17T13:56:41.483705+00:00,synthetic,synth_gen_CONFIDENT_NORMAL,synthetic,310,21,1084.4,79.0,0,0.9443,0.7186,0,14,1,56532.06156174233,0,7,0,17,2,0,61,61,True,,synthetic,True,2,True
2026-09-17T13:56:41.483705+00:00,synthetic,synth_gen_CONFIDENT_NORMAL,synthetic,311,29,1819.1,83.7,0,0.8906,0.7768,0,7,3,38206.321569603504,0,7,0,20,2,0,54,54,True,,synthetic,True,2,True
2026-09-17T13:56:41.483705+00:00,synthetic,synth_gen_CONFIDENT_NORMAL,synthetic,312,45,1322.9,230.6,0,0.6,0.5082,0,10,2,67558.11910741466,0,5,0,17,2,0,16,16,True,,synthetic,True,2,True
2026-09-17T13:56:41.483705+00:00,synthetic,synth_gen_CONFIDENT_NORMAL,synthetic,313,35,1242.1,154.8,0,0.9317,0.6453,0,3,4,19935.920281439183,0,2,0,0,2,0,15,15,True,,synthetic,True,2,True
2026-09-17T13:56:41.483705+00:00,synthetic,synth_gen_CONFIDENT_NORMAL,synthetic,314,44,1322.1,150.6,0,0.8111,0.7601,0,5,1,49446.03020951609,0,9,0,4,2,0,60,60,True,,synthetic,True,2,True
2026-09-17T13:56:41.483705+00:00,synthetic,synth_gen_CONFIDENT_NORMAL,synthetic,315,2,1875.5,71.6,0,0.7828,0.5829,0,3,2,47927.305387819564,0,7,0,17,2,0,19,19,True,,synthetic,True,2,True
2026-09-17T13:56:41.483705+00:00,synthetic,synth_gen_CONFIDENT_NORMAL,synthetic,316,11,2500,73.4,0,0.9458,0.7061,0,1,2,2803.953867151857,0,2,0,13,2,0,17,17,True,,synthetic,True,2,True
2026-09-17T13:56:41.483705+00:00,synthetic,synth_gen_CONFIDENT_NORMAL,synthetic,317,45,1850.6,320.7,0,0.98,0.77,0,13,4,58708.86075834435,0,3,0,5,2,0,20,20,True,,synthetic,True,2,True
2026-09-17T13:56:41.483705+00:00,synthetic,synth_gen_CONFIDENT_NORMAL,synthetic,318,44,666.2,60.9,0,0.6758,0.6645,0,14,4,31134.12778870843,0,2,0,3,2,0,20,20,True,,synthetic,True,2,True
2026-09-17T13:56:41.483705+00:00,synthetic,synth_gen_CONFIDENT_NORMAL,synthetic,319,48,971.2,55.8,0,1.0,0.6087,0,15,2,35478.29988692953,0,4,0,7,2,0,21,21,True,,synthetic,True,2,True
2026-09-17T13:56:41.483705+00:00,synthetic,synth_gen_CONFIDENT_NORMAL,synthetic,320,48,815.2,70.7,0,0.8011,0.6639,0,10,4,66002.56252664355,0,8,0,13,2,0,58,58,True,,synthetic,True,2,True
2026-09-17T13:56:41.483705+00:00,synthetic,synth_gen_CONFIDENT_NORMAL,synthetic,321,3,847.5,35.1,0,0.7397,0.7439,0,7,2,30433.05705318558,0,6,0,10,2,0,10,10,True,,synthetic,True,2,True
2026-09-17T13:56:41.483705+00:00,synthetic,synth_gen_CONFIDENT_NORMAL,synthetic,322,43,1274.3,253.0,0,0.7958,0.5878,0,7,5,37709.33545861525,0,2,0,12,2,0,53,53,True,,synthetic,True,2,True
2026-09-17T13:56:41.483705+00:00,synthetic,synth_gen_CONFIDENT_NORMAL,synthetic,323,40,1454.9,30,0,0.707,0.7183,0,12,5,42405.489912729885,0,8,0,17,2,0,53,53,True,,synthetic,True,2,True
2026-09-17T13:56:41.483705+00:00,synthetic,synth_gen_CONFIDENT_NORMAL,synthetic,324,18,327.0,186.4,0,0.8828,0.6175,0,10,5,21751.372397342726,0,2,0,15,2,0,57,57,True,,synthetic,True,2,True
2026-09-17T13:56:41.483705+00:00,synthetic,synth_gen_CONFIDENT_NORMAL,synthetic,325,41,1134.9,118.1,0,0.8595,0.5114,0,5,2,25009.677338998616,0,4,0,1,2,0,32,32,True,,synthetic,True,2,True
2026-09-17T13:56:41.483705+00:00,synthetic,synth_gen_CONFIDENT_NORMAL,synthetic,326,31,1567.7,171.2,0,0.9685,0.7651,0,13,5,49385.93005305119,0,1,0,17,2,0,53,53,True,,synthetic,True,2,True
2026-09-17T13:56:41.483705+00:00,synthetic,synth_gen_CONFIDENT_NORMAL,synthetic,327,39,552.5,50.0,0,0.9576,0.6055,0,8,1,69809.43987554379,0,4,0,11,2,0,62,62,True,,synthetic,True,2,True
2026-09-17T13:56:41.483705+00:00,synthetic,synth_gen_CONFIDENT_NORMAL,synthetic,328,26,885.3,159.4,0,0.622,0.6328,0,12,2,10160.22451202243,0,8,0,14,2,0,13,13,True,,synthetic,True,2,True
2026-09-17T13:56:41.483705+00:00,synthetic,synth_gen_CONFIDENT_NORMAL,synthetic,329,2,646.1,120.8,0,0.6,0.586,0,15,3,32413.60450450497,0,9,0,8,2,0,39,39,True,,synthetic,True,2,True
2026-09-17T13:56:41.483705+00:00,synthetic,synth_gen_CONFIDENT_NORMAL,synthetic,330,26,1015.7,237.3,0,0.7633,0.623,0,13,2,73464.31798944237,0,5,0,20,2,0,6,6,True,,synthetic,True,2,True
2026-09-17T13:56:41.483705+00:00,synthetic,synth_gen_CONFIDENT_NORMAL,synthetic,331,1,1387.1,159.5,0,0.8363,0.5169,0,5,4,52806.33506625892,0,6,0,10,2,0,8,8,True,,synthetic,True,2,True
2026-09-17T13:56:41.483705+00:00,synthetic,synth_gen_CONFIDENT_NORMAL,synthetic,332,17,774.6,225.8,0,1.0,0.623,0,6,4,1597.273901821691,0,6,0,3,2,0,46,46,True,,synthetic,True,2,True
2026-09-17T13:56:41.483705+00:00,synthetic,synth_gen_CONFIDENT_NORMAL,synthetic,333,8,1626.4,168.7,0,0.603,0.6653,0,5,1,15632.251947434535,0,8,0,13,2,0,7,7,True,,synthetic,True,2,True
2026-09-17T13:56:41.483705+00:00,synthetic,synth_gen_CONFIDENT_NORMAL,synthetic,334,40,391.6,103.5,0,0.7332,0.6702,0,1,4,48917.86270514195,0,1,0,6,2,0,7,7,True,,synthetic,True,2,True
2026-09-17T13:56:41.483705+00:00,synthetic,synth_gen_CONFIDENT_NORMAL,synthetic,335,30,1080.7,129.8,0,0.6363,0.5,0,3,3,58544.02820569735,0,10,0,13,2,0,56,56,True,,synthetic,True,2,True
2026-09-17T13:56:41.483705+00:00,synthetic,synth_gen_CONFIDENT_NORMAL,synthetic,336,5,735.2,308.7,0,1.0,0.7764,0,4,1,73485.30738541465,0,2,0,1,2,0,38,38,True,,synthetic,True,2,True
2026-09-17T13:56:41.483705+00:00,synthetic,synth_gen_CONFIDENT_NORMAL,synthetic,337,11,483.7,33.6,0,0.9181,0.5694,0,1,2,38204.49024005195,0,4,0,16,2,0,60,60,True,,synthetic,True,2,True
2026-09-17T13:56:41.483705+00:00,synthetic,synth_gen_CONFIDENT_NORMAL,synthetic,338,6,712.0,177.6,0,0.7359,0.5593,0,10,4,26627.734950797396,0,7,0,18,2,0,7,7,True,,synthetic,True,2,True
2026-09-17T13:56:41.483705+00:00,synthetic,synth_gen_CONFIDENT_NORMAL,synthetic,339,1,1428.2,265.2,0,0.6771,0.6472,0,3,3,40251.536149196916,0,6,0,12,2,0,37,37,True,,synthetic,True,2,True
2026-09-17T13:56:41.483705+00:00,synthetic,synth_gen_CONFIDENT_NORMAL,synthetic,340,30,882.9,50.3,0,0.8293,0.6202,0,6,2,56196.20584974604,0,2,0,5,2,0,20,20,True,,synthetic,True,2,True
2026-09-17T13:56:41.483705+00:00,synthetic,synth_gen_CONFIDENT_NORMAL,synthetic,341,43,555.8,118.1,0,0.7133,0.5956,0,11,5,19068.402498704676,0,8,0,2,2,0,58,58,True,,synthetic,True,2,True
2026-09-17T13:56:41.483705+00:00,synthetic,synth_gen_CONFIDENT_NORMAL,synthetic,342,39,990.0,190.2,0,1.0,0.671,0,5,1,6325.829614355221,0,2,0,14,2,0,3,3,True,,synthetic,True,2,True
2026-09-17T13:56:41.483705+00:00,synthetic,synth_gen_CONFIDENT_NORMAL,synthetic,343,32,1187.6,78.9,0,0.7667,0.6269,0,8,5,26113.17379889706,0,4,0,1,2,0,38,38,True,,synthetic,True,2,True
2026-09-17T13:56:41.483705+00:00,synthetic,synth_gen_CONFIDENT_NORMAL,synthetic,344,15,656.9,97.3,0,0.8196,0.5205,0,7,2,80196.15655677355,0,1,0,5,2,0,61,61,True,,synthetic,True,2,True
2026-09-17T13:56:41.483705+00:00,synthetic,synth_gen_CONFIDENT_NORMAL,synthetic,345,28,858.6,65.2,0,0.6154,0.5854,0,3,3,31024.082260259565,0,2,0,17,2,0,7,7,True,,synthetic,True,2,True
2026-09-17T13:56:41.483705+00:00,synthetic,synth_gen_CONFIDENT_NORMAL,synthetic,346,46,712.1,122.4,0,0.6848,0.6871,0,12,4,42729.424647881875,0,2,0,10,2,0,33,33,True,,synthetic,True,2,True
2026-09-17T13:56:41.483705+00:00,synthetic,synth_gen_CONFIDENT_NORMAL,synthetic,347,25,978.2,153.2,0,0.7629,0.5203,0,2,2,69344.11313638583,0,1,0,20,2,0,32,32,True,,synthetic,True,2,True
2026-09-17T13:56:41.483705+00:00,synthetic,synth_gen_CONFIDENT_NORMAL,synthetic,348,8,559.5,74.4,0,0.6,0.5709,0,4,3,80094.07993831336,0,9,0,5,2,0,29,29,True,,synthetic,True,2,True
2026-09-17T13:56:41.483705+00:00,synthetic,synth_gen_CONFIDENT_NORMAL,synthetic,349,1,1151.5,93.9,0,0.9645,0.6197,0,6,4,40595.258432373535,0,2,0,20,2,0,49,49,True,,synthetic,True,2,True
2026-09-17T13:56:41.483705+00:00,synthetic,synth_gen_CONFIDENT_NORMAL,synthetic,350,40,994.5,99.2,0,0.6569,0.6305,0,8,5,17562.924770414524,0,1,0,18,2,0,26,26,True,,synthetic,True,2,True
2026-09-17T13:56:41.483705+00:00,synthetic,synth_gen_CONFIDENT_NORMAL,synthetic,351,43,1185.5,88.5,0,0.8541,0.6142,0,9,5,60036.72455145574,0,4,0,20,2,0,44,44,True,,synthetic,True,2,True
2026-09-17T13:56:41.483705+00:00,synthetic,synth_gen_CONFIDENT_NORMAL,synthetic,352,48,1533.6,82.3,0,0.7294,0.5,0,11,5,11715.53260951508,0,1,0,4,2,0,29,29,True,,synthetic,True,2,True
2026-09-17T13:56:41.483705+00:00,synthetic,synth_gen_CONFIDENT_NORMAL,synthetic,353,27,2500,341.7,0,0.8173,0.5616,0,5,1,13551.78227035326,0,4,0,9,2,0,35,35,True,,synthetic,True,2,True
2026-09-17T13:56:41.483705+00:00,synthetic,synth_gen_CONFIDENT_NORMAL,synthetic,354,15,1068.8,79.6,0,1.0,0.8503,0,13,2,16169.430765186422,0,7,0,5,2,0,40,40,True,,synthetic,True,2,True
2026-09-17T13:56:41.483705+00:00,synthetic,synth_gen_CONFIDENT_NORMAL,synthetic,355,29,934.7,196.0,0,0.8374,0.7084,0,11,3,3012.099988131564,0,3,0,1,2,0,48,48,True,,synthetic,True,2,True
2026-09-17T13:56:41.483705+00:00,synthetic,synth_gen_CONFIDENT_NORMAL,synthetic,356,28,672.3,77.2,0,0.7281,0.5564,0,14,4,27372.435598177202,0,10,0,13,2,0,58,58,True,,synthetic,True,2,True
2026-09-17T13:56:41.483705+00:00,synthetic,synth_gen_CONFIDENT_NORMAL,synthetic,357,20,1426.5,60.1,0,0.9609,0.5,0,13,3,81064.68735853228,0,7,0,15,2,0,22,22,True,,synthetic,True,2,True
2026-09-17T13:56:41.483705+00:00,synthetic,synth_gen_CONFIDENT_NORMAL,synthetic,358,22,1012.1,92.6,0,0.7563,0.7206,0,10,2,70193.14665509044,0,6,0,7,2,0,58,58,True,,synthetic,True,2,True
2026-09-17T13:56:41.483705+00:00,synthetic,synth_gen_CONFIDENT_NORMAL,synthetic,359,39,576.8,43.8,0,0.7449,0.6309,0,11,2,44885.08087995869,0,1,0,12,2,0,30,30,True,,synthetic,True,2,True
2026-09-17T13:56:41.483705+00:00,synthetic,synth_gen_CONFIDENT_NORMAL,synthetic,360,29,1402.0,118.3,0,0.6766,0.7385,0,10,4,40523.553247899115,0,10,0,14,2,0,38,38,True,,synthetic,True,2,True
2026-09-17T13:56:41.483705+00:00,synthetic,synth_gen_CONFIDENT_NORMAL,synthetic,361,7,1254.8,123.9,0,0.8961,0.5875,0,10,4,34176.793394508655,0,4,0,5,2,0,1,1,True,,synthetic,True,2,True
2026-09-17T13:56:41.483705+00:00,synthetic,synth_gen_CONFIDENT_NORMAL,synthetic,362,34,985.8,96.8,0,0.7197,0.6821,0,14,1,64187.2236652797,0,5,0,19,2,0,44,44,True,,synthetic,True,2,True
2026-09-17T13:56:41.483705+00:00,synthetic,synth_gen_CONFIDENT_NORMAL,synthetic,363,36,854.4,150.2,0,0.937,0.5496,0,6,2,13392.194962015663,0,7,0,17,2,0,33,33,True,,synthetic,True,2,True
2026-09-17T13:56:41.483705+00:00,synthetic,synth_gen_CONFIDENT_NORMAL,synthetic,364,30,2500,205.6,0,0.6,0.7621,0,8,1,48198.88749631422,0,4,0,15,2,0,6,6,True,,synthetic,True,2,True
2026-09-17T13:56:41.483705+00:00,synthetic,synth_gen_CONFIDENT_NORMAL,synthetic,365,30,1413.7,88.9,0,0.8891,0.5,0,7,5,43474.491629208154,0,8,0,1,2,0,17,17,True,,synthetic,True,2,True
2026-09-17T13:56:41.483705+00:00,synthetic,synth_gen_CONFIDENT_NORMAL,synthetic,366,37,627.8,47.4,0,0.7778,0.5038,0,9,5,17468.462862646546,0,7,0,16,2,0,58,58,True,,synthetic,True,2,True
2026-09-17T13:56:41.483705+00:00,synthetic,synth_gen_CONFIDENT_NORMAL,synthetic,367,41,1187.2,54.6,0,1.0,0.647,0,10,4,50018.79687489515,0,6,0,13,2,0,10,10,True,,synthetic,True,2,True
2026-09-17T13:56:41.483705+00:00,synthetic,synth_gen_CONFIDENT_NORMAL,synthetic,368,49,2008.8,71.5,0,0.7623,0.5,0,9,2,56040.86435678393,0,5,0,12,2,0,17,17,True,,synthetic,True,2,True
2026-09-17T13:56:41.483705+00:00,synthetic,synth_gen_CONFIDENT_NORMAL,synthetic,369,36,710.6,30,0,0.9282,0.6188,0,2,5,69935.84495840922,0,8,0,15,2,0,50,50,True,,synthetic,True,2,True
2026-09-17T13:56:41.483705+00:00,synthetic,synth_gen_CONFIDENT_NORMAL,synthetic,370,13,2183.1,64.8,0,0.8917,0.5503,0,14,1,70899.0794069505,0,6,0,9,2,0,22,22,True,,synthetic,True,2,True
2026-09-17T13:56:41.483705+00:00,synthetic,synth_gen_CONFIDENT_NORMAL,synthetic,371,33,1330.0,74.4,0,0.6,0.6759,0,13,3,51923.219795375284,0,5,0,2,2,0,51,51,True,,synthetic,True,2,True
2026-09-17T13:56:41.483705+00:00,synthetic,synth_gen_CONFIDENT_NORMAL,synthetic,372,11,2341.0,171.1,0,0.7939,0.7956,0,5,5,57121.565663620815,0,1,0,17,2,0,12,12,True,,synthetic,True,2,True
2026-09-17T13:56:41.483705+00:00,synthetic,synth_gen_CONFIDENT_NORMAL,synthetic,373,49,1030.3,30.7,0,0.6038,0.6128,0,6,3,72051.95422601685,0,6,0,14,2,0,10,10,True,,synthetic,True,2,True
2026-09-17T13:56:41.483705+00:00,synthetic,synth_gen_CONFIDENT_NORMAL,synthetic,374,25,1210.4,320.0,0,0.8914,0.6077,0,5,1,56914.008120483275,0,7,0,11,2,0,38,38,True,,synthetic,True,2,True
2026-09-17T13:56:41.483705+00:00,synthetic,synth_gen_CONFIDENT_NORMAL,synthetic,375,8,838.4,148.2,0,0.8262,0.5704,0,4,4,60279.93555112092,0,3,0,2,2,0,28,28,True,,synthetic,True,2,True
2026-09-17T13:56:41.483705+00:00,synthetic,synth_gen_CONFIDENT_NORMAL,synthetic,376,5,1669.0,82.7,0,0.8085,0.7139,0,15,4,24911.6985954139,0,10,0,18,2,0,49,49,True,,synthetic,True,2,True
2026-09-17T13:56:41.483705+00:00,synthetic,synth_gen_CONFIDENT_NORMAL,synthetic,377,27,1318.1,51.5,0,0.623,0.7019,0,5,5,6578.869153667957,0,3,0,11,2,0,17,17,True,,synthetic,True,2,True
2026-09-17T13:56:41.483705+00:00,synthetic,synth_gen_CONFIDENT_NORMAL,synthetic,378,7,1586.5,102.9,0,0.8827,0.6861,0,10,1,35134.44589185805,0,5,0,8,2,0,5,5,True,,synthetic,True,2,True
2026-09-17T13:56:41.483705+00:00,synthetic,synth_gen_CONFIDENT_NORMAL,synthetic,379,25,850.4,103.0,0,0.7696,0.5961,0,5,3,20763.747344150117,0,2,0,5,2,0,61,61,True,,synthetic,True,2,True
2026-09-17T13:56:41.483705+00:00,synthetic,synth_gen_CONFIDENT_NORMAL,synthetic,380,18,1989.7,101.9,0,0.8155,0.6532,0,8,5,36421.599626765325,0,6,0,6,2,0,46,46,True,,synthetic,True,2,True
2026-09-17T13:56:41.483705+00:00,synthetic,synth_gen_CONFIDENT_NORMAL,synthetic,381,44,576.6,61.5,0,0.6363,0.5496,0,1,5,38363.50805582451,0,2,0,14,2,0,52,52,True,,synthetic,True,2,True
2026-09-17T13:56:41.483705+00:00,synthetic,synth_gen_CONFIDENT_NORMAL,synthetic,382,39,975.5,73.5,0,0.8823,0.6235,0,2,2,73092.38222736726,0,5,0,9,2,0,1,1,True,,synthetic,True,2,True
2026-09-17T13:56:41.483705+00:00,synthetic,synth_gen_CONFIDENT_NORMAL,synthetic,383,46,1311.2,77.0,0,0.821,0.5741,0,5,1,85201.28033811992,0,5,0,8,2,0,20,20,True,,synthetic,True,2,True
2026-09-17T13:56:41.483705+00:00,synthetic,synth_gen_CONFIDENT_NORMAL,synthetic,384,9,1215.0,199.9,0,0.6,0.6413,0,1,5,21430.757843209034,0,7,0,16,2,0,3,3,True,,synthetic,True,2,True
2026-09-17T13:56:41.483705+00:00,synthetic,synth_gen_CONFIDENT_NORMAL,synthetic,385,6,739.7,44.9,0,0.9221,0.7755,0,9,4,20977.54058276831,0,4,0,5,2,0,13,13,True,,synthetic,True,2,True
2026-09-17T13:56:41.483705+00:00,synthetic,synth_gen_CONFIDENT_NORMAL,synthetic,386,43,1346.7,84.5,0,1.0,0.5377,0,9,4,20887.585631352456,0,5,0,16,2,0,58,58,True,,synthetic,True,2,True
2026-09-17T13:56:41.483705+00:00,synthetic,synth_gen_CONFIDENT_NORMAL,synthetic,387,44,627.7,86.7,0,1.0,0.6421,0,1,1,58264.082337111344,0,3,0,17,2,0,22,22,True,,synthetic,True,2,True
2026-09-17T13:56:41.483705+00:00,synthetic,synth_gen_CONFIDENT_NORMAL,synthetic,388,17,938.9,54.2,0,0.7459,0.5396,0,3,4,7216.3215759819,0,3,0,18,2,0,21,21,True,,synthetic,True,2,True
2026-09-17T13:56:41.483705+00:00,synthetic,synth_gen_CONFIDENT_NORMAL,synthetic,389,23,851.3,48.7,0,0.9607,0.5,0,11,2,54813.93822066099,0,3,0,11,2,0,36,36,True,,synthetic,True,2,True
2026-09-17T13:56:41.483705+00:00,synthetic,synth_gen_CONFIDENT_NORMAL,synthetic,390,18,449.2,98.0,0,0.9577,0.5839,0,10,3,23113.220979468217,0,7,0,3,2,0,53,53,True,,synthetic,True,2,True
2026-09-17T13:56:41.483705+00:00,synthetic,synth_gen_CONFIDENT_NORMAL,synthetic,391,42,1119.4,110.5,0,0.6421,0.651,0,15,2,36243.533910872895,0,6,0,17,2,0,4,4,True,,synthetic,True,2,True
2026-09-17T13:56:41.483705+00:00,synthetic,synth_gen_CONFIDENT_NORMAL,synthetic,392,32,2348.2,97.1,0,0.942,0.6356,0,13,4,23230.251821416732,0,9,0,11,2,0,23,23,True,,synthetic,True,2,True
2026-09-17T13:56:41.483705+00:00,synthetic,synth_gen_CONFIDENT_NORMAL,synthetic,393,28,2500,284.4,0,0.8413,0.675,0,8,4,33392.41864985078,0,5,0,3,2,0,11,11,True,,synthetic,True,2,True
2026-09-17T13:56:41.483705+00:00,synthetic,synth_gen_CONFIDENT_NORMAL,synthetic,394,0,694.4,69.0,0,0.6742,0.6994,0,15,3,86030.73901538287,0,8,0,19,2,0,41,41,True,,synthetic,True,2,True
2026-09-17T13:56:41.483705+00:00,synthetic,synth_gen_CONFIDENT_NORMAL,synthetic,395,14,769.7,93.0,0,1.0,0.5746,0,11,3,81186.17192480758,0,3,0,11,2,0,35,35,True,,synthetic,True,2,True
2026-09-17T13:56:41.483705+00:00,synthetic,synth_gen_CONFIDENT_NORMAL,synthetic,396,7,1288.5,56.4,0,0.733,0.6533,0,13,2,63014.27734476209,0,6,0,13,2,0,24,24,True,,synthetic,True,2,True
2026-09-17T13:56:41.483705+00:00,synthetic,synth_gen_CONFIDENT_NORMAL,synthetic,397,47,1791.4,76.4,0,0.9116,0.5499,0,8,3,56915.36579664118,0,8,0,2,2,0,50,50,True,,synthetic,True,2,True
2026-09-17T13:56:41.483705+00:00,synthetic,synth_gen_CONFIDENT_NORMAL,synthetic,398,22,1516.3,229.5,0,0.6652,0.5,0,9,4,9486.374542971667,0,2,0,11,2,0,15,15,True,,synthetic,True,2,True
2026-09-17T13:56:41.483705+00:00,synthetic,synth_gen_CONFIDENT_NORMAL,synthetic,399,32,1972.5,89.3,0,0.9205,0.5618,0,6,5,46687.64357113569,0,8,0,4,2,0,20,20,True,,synthetic,True,2,True
2026-09-17T13:56:41.483705+00:00,synthetic,synth_gen_CONFIDENT_NORMAL,synthetic,400,32,801.6,118.9,0,0.7579,0.6262,0,12,3,75834.7397971108,0,4,0,5,2,0,8,8,True,,synthetic,True,2,True
2026-09-17T13:56:41.483705+00:00,synthetic,synth_gen_CONFIDENT_NORMAL,synthetic,401,41,362.4,297.4,0,0.602,0.7141,0,10,2,3317.679393492409,0,8,0,5,2,0,38,38,True,,synthetic,True,2,True
2026-09-17T13:56:41.483705+00:00,synthetic,synth_gen_CONFIDENT_NORMAL,synthetic,402,40,498.9,32.5,0,0.8282,0.7977,0,13,3,25217.991760760324,0,3,0,0,2,0,51,51,True,,synthetic,True,2,True
2026-09-17T13:56:41.483705+00:00,synthetic,synth_gen_CONFIDENT_NORMAL,synthetic,403,8,1363.0,172.4,0,0.8033,0.7639,0,12,3,68449.42227643462,0,1,0,8,2,0,7,7,True,,synthetic,True,2,True
2026-09-17T13:56:41.483705+00:00,synthetic,synth_gen_CONFIDENT_NORMAL,synthetic,404,20,1446.2,88.3,0,0.8918,0.6819,0,13,5,71769.38257283179,0,10,0,19,2,0,38,38,True,,synthetic,True,2,True
2026-09-17T13:56:41.483705+00:00,synthetic,synth_gen_CONFIDENT_NORMAL,synthetic,405,13,1030.3,99.7,0,0.9187,0.6156,0,12,4,4737.851446712945,0,5,0,9,2,0,47,47,True,,synthetic,True,2,True
2026-09-17T13:56:41.483705+00:00,synthetic,synth_gen_CONFIDENT_NORMAL,synthetic,406,48,913.3,60.8,0,0.775,0.531,0,9,2,5692.215018111099,0,8,0,20,2,0,47,47,True,,synthetic,True,2,True
2026-09-17T13:56:41.483705+00:00,synthetic,synth_gen_CONFIDENT_NORMAL,synthetic,407,8,968.0,212.1,0,0.7036,0.6696,0,2,2,66279.10140960958,0,7,0,4,2,0,28,28,True,,synthetic,True,2,True
2026-09-17T13:56:41.483705+00:00,synthetic,synth_gen_CONFIDENT_NORMAL,synthetic,408,46,1210.2,74.2,0,0.9035,0.6313,0,14,4,75455.97421880672,0,5,0,11,2,0,51,51,True,,synthetic,True,2,True
2026-09-17T13:56:41.483705+00:00,synthetic,synth_gen_CONFIDENT_NORMAL,synthetic,409,26,1416.6,97.3,0,0.9584,0.5767,0,13,1,29901.26498225715,0,7,0,8,2,0,12,12,True,,synthetic,True,2,True
2026-09-17T13:56:41.483705+00:00,synthetic,synth_gen_CONFIDENT_NORMAL,synthetic,410,12,1599.4,106.8,0,0.7509,0.5,0,12,4,12114.766846484172,0,3,0,20,2,0,14,14,True,,synthetic,True,2,True
2026-09-17T13:56:41.483705+00:00,synthetic,synth_gen_CONFIDENT_NORMAL,synthetic,411,41,2046.5,64.0,0,1.0,0.5158,0,1,5,26830.058602927504,0,8,0,15,2,0,42,42,True,,synthetic,True,2,True
2026-09-17T13:56:41.483705+00:00,synthetic,synth_gen_CONFIDENT_NORMAL,synthetic,412,35,1135.0,63.3,0,1.0,0.5756,0,1,2,4749.851211584946,0,2,0,7,2,0,52,52,True,,synthetic,True,2,True
2026-09-17T13:56:41.483705+00:00,synthetic,synth_gen_CONFIDENT_NORMAL,synthetic,413,28,1605.2,116.9,0,0.8244,0.5625,0,5,3,43268.249422076115,0,5,0,5,2,0,50,50,True,,synthetic,True,2,True
2026-09-17T13:56:41.483705+00:00,synthetic,synth_gen_CONFIDENT_NORMAL,synthetic,414,15,1332.6,68.9,0,0.8234,0.5646,0,5,1,15678.067983163433,0,3,0,20,2,0,31,31,True,,synthetic,True,2,True
2026-09-17T13:56:41.483705+00:00,synthetic,synth_gen_CONFIDENT_NORMAL,synthetic,415,39,1140.4,61.0,0,0.6053,0.5974,0,7,2,25843.078860492635,0,10,0,16,2,0,1,1,True,,synthetic,True,2,True
2026-09-17T13:56:41.483705+00:00,synthetic,synth_gen_HESITANT_REPEAT,synthetic,416,3,1165.8,68.5,0,1,0.6539,0,12,2,79216.42978433848,1,0,4,14,0,1,29,16,False,,synthetic,True,2,True
2026-09-17T13:56:41.483705+00:00,synthetic,synth_gen_HESITANT_REPEAT,synthetic,417,44,5999,182.4,0,1,0,0,13,4,48027.7659134312,1,0,3,7,0,1,22,30,False,,synthetic,True,2,True
2026-09-17T13:56:41.483705+00:00,synthetic,synth_gen_HESITANT_REPEAT,synthetic,418,19,1675.8,149.5,0,0.4198,0.337,0,7,5,44521.63822406837,1,0,4,5,0,1,57,54,False,,synthetic,True,2,True
2026-09-17T13:56:41.483705+00:00,synthetic,synth_gen_HESITANT_REPEAT,synthetic,419,34,2129.7,138.9,0,1,0.2286,0,1,1,49738.028277881465,1,0,3,10,0,1,13,9,False,,synthetic,True,2,True
2026-09-17T13:56:41.483705+00:00,synthetic,synth_gen_HESITANT_REPEAT,synthetic,420,38,2617.0,92.9,0,1,0.1171,0,11,5,59560.319857823226,1,0,3,10,0,1,41,42,False,,synthetic,True,2,True
2026-09-17T13:56:41.483705+00:00,synthetic,synth_gen_HESITANT_REPEAT,synthetic,421,48,1669.2,215.1,0,0.9398,0.2861,0,6,5,66847.40035036209,1,0,2,14,0,1,31,26,False,,synthetic,True,2,True
2026-09-17T13:56:41.483705+00:00,synthetic,synth_gen_HESITANT_REPEAT,synthetic,422,25,2373.1,199.1,0,0.1362,0.3194,0,15,2,48461.964508080084,1,0,4,15,0,1,42,47,False,,synthetic,True,2,True
2026-09-17T13:56:41.483705+00:00,synthetic,synth_gen_HESITANT_REPEAT,synthetic,423,10,1809.5,154.5,0,0.8395,0.2419,0,6,5,63134.916149353194,1,0,5,0,0,1,21,20,False,,synthetic,True,2,True
2026-09-17T13:56:41.483705+00:00,synthetic,synth_gen_HESITANT_REPEAT,synthetic,424,41,3137.4,145.8,0,0.5279,0.4959,0,4,1,69127.1884401783,1,0,5,6,0,1,7,4,False,,synthetic,True,2,True
2026-09-17T13:56:41.483705+00:00,synthetic,synth_gen_HESITANT_REPEAT,synthetic,425,41,1240.5,146.0,0,0.3979,0.7458,0,6,1,49636.60670186809,1,0,2,17,0,1,21,26,False,,synthetic,True,2,True
2026-09-17T13:56:41.483705+00:00,synthetic,synth_gen_HESITANT_REPEAT,synthetic,426,39,1610.3,77.3,0,0.0625,0.6493,0,1,1,20124.58237826903,1,0,6,16,0,1,30,31,False,,synthetic,True,2,True
2026-09-17T13:56:41.483705+00:00,synthetic,synth_gen_HESITANT_REPEAT,synthetic,427,37,2181.1,192.5,0,0.2929,0.3553,0,9,2,70658.93535346075,1,0,4,14,0,1,25,21,False,,synthetic,True,2,True
2026-09-17T13:56:41.483705+00:00,synthetic,synth_gen_HESITANT_REPEAT,synthetic,428,18,1047.1,263.0,0,0.3527,0.2974,0,14,5,18566.504246507753,1,0,3,4,0,1,46,39,False,,synthetic,True,2,True
2026-09-17T13:56:41.483705+00:00,synthetic,synth_gen_HESITANT_REPEAT,synthetic,429,47,763.7,52.7,0,1,0.4808,0,14,4,32709.589195575656,1,0,1,15,0,1,40,34,False,,synthetic,True,2,True
2026-09-17T13:56:41.483705+00:00,synthetic,synth_gen_HESITANT_REPEAT,synthetic,430,38,533.1,50.5,0,0.3422,0.1719,0,3,3,10031.82486913928,1,0,2,19,0,1,60,62,False,,synthetic,True,2,True
2026-09-17T13:56:41.483705+00:00,synthetic,synth_gen_HESITANT_REPEAT,synthetic,431,8,1223.5,59.1,0,0.6986,0.3035,0,12,5,39884.620362684655,1,0,5,7,0,1,33,37,False,,synthetic,True,2,True
2026-09-17T13:56:41.483705+00:00,synthetic,synth_gen_HESITANT_REPEAT,synthetic,432,48,1264.5,113.2,0,0.654,0.0819,0,13,3,26930.56676724303,1,0,6,1,0,1,54,62,False,,synthetic,True,2,True
2026-09-17T13:56:41.483705+00:00,synthetic,synth_gen_HESITANT_REPEAT,synthetic,433,13,1776.0,32.9,0,0.5487,0.394,0,15,5,66528.726431587,1,0,1,9,0,1,5,1,False,,synthetic,True,2,True
2026-09-17T13:56:41.483705+00:00,synthetic,synth_gen_HESITANT_REPEAT,synthetic,434,8,1404.3,271.0,0,0.5367,0.5884,0,14,2,79556.25587310448,1,0,4,20,0,1,50,48,False,,synthetic,True,2,True
2026-09-17T13:56:41.483705+00:00,synthetic,synth_gen_HESITANT_REPEAT,synthetic,435,41,940.8,100.8,0,0,0.4907,0,8,4,32293.950864429342,1,0,5,15,0,1,59,60,False,,synthetic,True,2,True
2026-09-17T13:56:41.483705+00:00,synthetic,synth_gen_HESITANT_REPEAT,synthetic,436,1,2294.9,66.5,0,0.5489,0.5729,0,10,5,49781.760289071535,1,0,2,0,0,1,29,20,False,,synthetic,True,2,True
2026-09-17T13:56:41.483705+00:00,synthetic,synth_gen_HESITANT_REPEAT,synthetic,437,24,2028.6,236.5,0,0.8293,0,0,14,4,65639.03134529694,1,0,2,12,0,1,15,5,False,,synthetic,True,2,True
2026-09-17T13:56:41.483705+00:00,synthetic,synth_gen_HESITANT_REPEAT,synthetic,438,41,5465.2,107.0,0,0.2026,0.4798,0,15,2,68778.33345076261,1,0,5,3,0,1,52,48,False,,synthetic,True,2,True
2026-09-17T13:56:41.483705+00:00,synthetic,synth_gen_HESITANT_REPEAT,synthetic,439,45,968.5,154.3,0,0.2997,0.4672,0,15,3,70386.91529239605,1,0,5,6,0,1,23,26,False,,synthetic,True,2,True
2026-09-17T13:56:41.483705+00:00,synthetic,synth_gen_HESITANT_REPEAT,synthetic,440,30,1674.5,120.3,0,0.5838,0.1849,0,3,4,67556.35135382501,1,0,5,7,0,1,31,17,False,,synthetic,True,2,True
2026-09-17T13:56:41.483705+00:00,synthetic,synth_gen_HESITANT_REPEAT,synthetic,441,28,971.0,147.2,0,0.3208,0.5364,0,13,2,34156.360541810514,1,0,2,17,0,1,32,40,False,,synthetic,True,2,True
2026-09-17T13:56:41.483705+00:00,synthetic,synth_gen_HESITANT_REPEAT,synthetic,442,45,1978.2,47.7,0,0,0.2859,0,8,3,34248.55055093261,1,0,4,17,0,1,50,56,False,,synthetic,True,2,True
2026-09-17T13:56:41.483705+00:00,synthetic,synth_gen_HESITANT_REPEAT,synthetic,443,9,592.9,78.7,0,0.5081,0.1661,0,6,2,51315.38480241566,1,0,2,16,0,1,33,32,False,,synthetic,True,2,True
2026-09-17T13:56:41.483705+00:00,synthetic,synth_gen_HESITANT_REPEAT,synthetic,444,38,1344.6,199.5,0,0,0.3917,0,2,3,80695.30477914121,1,0,4,9,0,1,43,39,False,,synthetic,True,2,True
2026-09-17T13:56:41.483705+00:00,synthetic,synth_gen_HESITANT_REPEAT,synthetic,445,41,3500.3,193.2,0,0.7302,0.0215,0,9,2,65700.18293835151,1,0,6,14,0,1,57,60,False,,synthetic,True,2,True
2026-09-17T13:56:41.483705+00:00,synthetic,synth_gen_HESITANT_REPEAT,synthetic,446,44,2413.4,74.0,0,1,0.3961,0,6,4,5509.5876437930765,1,0,1,15,0,1,28,29,False,,synthetic,True,2,True
2026-09-17T13:56:41.483705+00:00,synthetic,synth_gen_HESITANT_REPEAT,synthetic,447,48,500,84.1,0,0.807,0.2725,0,7,2,36570.18310834253,1,0,6,2,0,1,21,31,False,,synthetic,True,2,True
2026-09-17T13:56:41.483705+00:00,synthetic,synth_gen_HESITANT_REPEAT,synthetic,448,24,2137.8,62.7,0,0.8963,0.1759,0,8,2,62278.316082621735,1,0,6,12,0,1,24,28,False,,synthetic,True,2,True
2026-09-17T13:56:41.483705+00:00,synthetic,synth_gen_HESITANT_REPEAT,synthetic,449,24,2264.2,72.5,0,0.7658,0,0,1,3,15761.292443567374,1,0,1,20,0,1,29,16,False,,synthetic,True,2,True
2026-09-17T13:56:41.483705+00:00,synthetic,synth_gen_HESITANT_REPEAT,synthetic,450,22,2374.7,170.6,0,0.4775,0.6468,0,1,1,2241.0408430948473,1,0,3,7,0,1,11,4,False,,synthetic,True,2,True
2026-09-17T13:56:41.483705+00:00,synthetic,synth_gen_HESITANT_REPEAT,synthetic,451,27,3536.9,113.7,0,0.5253,0,0,9,4,33124.411117738935,1,0,3,5,0,1,29,16,False,,synthetic,True,2,True
2026-09-17T13:56:41.483705+00:00,synthetic,synth_gen_HESITANT_REPEAT,synthetic,452,47,2864.0,83.0,0,0.3516,0.0283,0,13,4,8064.569218638094,1,0,2,6,0,1,15,11,False,,synthetic,True,2,True
2026-09-17T13:56:41.483705+00:00,synthetic,synth_gen_HESITANT_REPEAT,synthetic,453,3,1573.7,94.3,0,0.5208,0.4108,0,15,5,32387.62262961178,1,0,1,13,0,1,39,35,False,,synthetic,True,2,True
2026-09-17T13:56:41.483705+00:00,synthetic,synth_gen_HESITANT_REPEAT,synthetic,454,38,2821.1,114.4,0,0,0.2519,0,7,4,26187.721920476477,1,0,5,13,0,1,14,7,False,,synthetic,True,2,True
2026-09-17T13:56:41.483705+00:00,synthetic,synth_gen_HESITANT_REPEAT,synthetic,455,44,2779.6,75.9,0,0.7656,0.4551,0,4,4,77795.82296511397,1,0,1,17,0,1,11,4,False,,synthetic,True,2,True
2026-09-17T13:56:41.483705+00:00,synthetic,synth_gen_HESITANT_REPEAT,synthetic,456,37,2059.0,105.7,0,0.3624,0.7904,0,8,1,84879.26362301687,1,0,2,15,0,1,17,28,False,,synthetic,True,2,True
2026-09-17T13:56:41.483705+00:00,synthetic,synth_gen_HESITANT_REPEAT,synthetic,457,36,3036.5,180.5,0,0.6614,0,0,10,2,3411.271759202875,1,0,2,11,0,1,10,15,False,,synthetic,True,2,True
2026-09-17T13:56:41.483705+00:00,synthetic,synth_gen_HESITANT_REPEAT,synthetic,458,21,1346.8,109.1,0,0.7677,0.4336,0,2,2,13126.354226989793,1,0,5,7,0,1,25,20,False,,synthetic,True,2,True
2026-09-17T13:56:41.483705+00:00,synthetic,synth_gen_HESITANT_REPEAT,synthetic,459,30,3600.5,132.6,0,0.5795,0,0,4,5,748.1828635100353,1,0,2,12,0,1,12,13,False,,synthetic,True,2,True
2026-09-17T13:56:41.483705+00:00,synthetic,synth_gen_HESITANT_REPEAT,synthetic,460,3,748.2,78.5,0,0.7944,0.2561,0,8,2,41128.04490252038,1,0,5,20,0,1,56,60,False,,synthetic,True,2,True
2026-09-17T13:56:41.483705+00:00,synthetic,synth_gen_HESITANT_REPEAT,synthetic,461,8,2559.1,128.8,0,0.3188,0.3097,0,9,4,28511.2092411221,1,0,2,16,0,1,14,9,False,,synthetic,True,2,True
2026-09-17T13:56:41.483705+00:00,synthetic,synth_gen_HESITANT_REPEAT,synthetic,462,14,2980.7,135.5,0,0.617,0.0277,0,7,1,55159.64902858499,1,0,2,16,0,1,57,55,False,,synthetic,True,2,True
2026-09-17T13:56:41.483705+00:00,synthetic,synth_gen_HESITANT_REPEAT,synthetic,463,20,2768.1,124.2,0,0.7641,0.1385,0,10,5,79755.13444670559,1,0,5,16,0,1,51,50,False,,synthetic,True,2,True
2026-09-17T13:56:41.483705+00:00,synthetic,synth_gen_HESITANT_REPEAT,synthetic,464,13,1780.1,47.3,0,0.3004,0.5687,0,6,1,29395.486099016685,1,0,1,4,0,1,3,4,False,,synthetic,True,2,True
2026-09-17T13:56:41.483705+00:00,synthetic,synth_gen_HESITANT_REPEAT,synthetic,465,16,4055.1,88.0,0,0.2765,0,0,8,2,47096.71566088208,1,0,4,18,0,1,30,23,False,,synthetic,True,2,True
2026-09-17T13:56:41.483705+00:00,synthetic,synth_gen_HESITANT_REPEAT,synthetic,466,39,590.8,124.7,0,0.7573,0.7137,0,9,4,56179.966952699826,1,0,3,11,0,1,15,8,False,,synthetic,True,2,True
2026-09-17T13:56:41.483705+00:00,synthetic,synth_gen_HESITANT_REPEAT,synthetic,467,10,3520.0,100.4,0,0.7458,0.1448,0,10,1,31765.385458548415,1,0,2,3,0,1,38,42,False,,synthetic,True,2,True
2026-09-17T13:56:41.483705+00:00,synthetic,synth_gen_HESITANT_REPEAT,synthetic,468,0,3162.8,209.2,0,0,0.7552,0,6,4,62063.25487550299,1,0,4,5,0,1,59,52,False,,synthetic,True,2,True
2026-09-17T13:56:41.483705+00:00,synthetic,synth_gen_HESITANT_REPEAT,synthetic,469,30,1681.0,163.6,0,1,0.1785,0,14,5,41147.4166769967,1,0,2,2,0,1,43,38,False,,synthetic,True,2,True
2026-09-17T13:56:41.483705+00:00,synthetic,synth_gen_HESITANT_REPEAT,synthetic,470,20,2917.9,76.2,0,0.5015,0.5976,0,7,1,42440.963746730704,1,0,3,6,0,1,61,57,False,,synthetic,True,2,True
2026-09-17T13:56:41.483705+00:00,synthetic,synth_gen_HESITANT_REPEAT,synthetic,471,13,4878.0,79.2,0,0.846,0.1477,0,15,4,50606.53563241375,1,0,6,14,0,1,27,28,False,,synthetic,True,2,True
2026-09-17T13:56:41.483705+00:00,synthetic,synth_gen_HESITANT_REPEAT,synthetic,472,34,1476.4,64.8,0,0.2191,0.5478,0,4,3,37471.5683536454,1,0,2,3,0,1,18,23,False,,synthetic,True,2,True
2026-09-17T13:56:41.483705+00:00,synthetic,synth_gen_HESITANT_REPEAT,synthetic,473,3,2092.7,63.2,0,0.1938,0.4308,0,11,3,57658.08927676807,1,0,2,16,0,1,29,20,False,,synthetic,True,2,True
2026-09-17T13:56:41.483705+00:00,synthetic,synth_gen_HESITANT_REPEAT,synthetic,474,43,825.6,164.8,0,0.4257,0.5488,0,5,4,12783.57902731008,1,0,2,16,0,1,2,12,False,,synthetic,True,2,True
2026-09-17T13:56:41.483705+00:00,synthetic,synth_gen_HESITANT_REPEAT,synthetic,475,42,3414.3,305.1,0,0.7983,0.3985,0,5,3,72849.34620619538,1,0,6,4,0,1,43,44,False,,synthetic,True,2,True
2026-09-17T13:56:41.483705+00:00,synthetic,synth_gen_HESITANT_REPEAT,synthetic,476,19,2606.4,30.1,0,1,0.0212,0,10,1,46946.94505875198,1,0,6,12,0,1,32,44,False,,synthetic,True,2,True
2026-09-17T13:56:41.483705+00:00,synthetic,synth_gen_HESITANT_REPEAT,synthetic,477,47,1150.1,99.8,0,0.5097,0.0338,0,5,3,13022.86834325192,1,0,2,1,0,1,12,13,False,,synthetic,True,2,True
2026-09-17T13:56:41.483705+00:00,synthetic,synth_gen_HESITANT_REPEAT,synthetic,478,15,3995.8,206.3,0,0.3495,0.3932,0,13,5,79200.47500142155,1,0,3,0,0,1,24,20,False,,synthetic,True,2,True
2026-09-17T13:56:41.483705+00:00,synthetic,synth_gen_HESITANT_REPEAT,synthetic,479,7,1096.2,86.6,0,0.3732,0.2884,0,11,2,11650.964755468329,1,0,6,16,0,1,27,31,False,,synthetic,True,2,True
2026-09-17T13:56:41.483705+00:00,synthetic,synth_gen_HESITANT_REPEAT,synthetic,480,46,832.2,176.4,0,0.9515,0.6943,0,11,3,56014.18133074041,1,0,3,12,0,1,63,48,False,,synthetic,True,2,True
2026-09-17T13:56:41.483705+00:00,synthetic,synth_gen_HESITANT_REPEAT,synthetic,481,33,1809.5,229.7,0,0.3461,0.0052,0,11,5,42005.47606078534,1,0,5,18,0,1,14,1,False,,synthetic,True,2,True
2026-09-17T13:56:41.483705+00:00,synthetic,synth_gen_HESITANT_REPEAT,synthetic,482,7,879.8,61.9,0,0.0751,0.2548,0,13,3,75048.8957650956,1,0,5,2,0,1,60,50,False,,synthetic,True,2,True
2026-09-17T13:56:41.483705+00:00,synthetic,synth_gen_HESITANT_REPEAT,synthetic,483,28,1085.7,197.0,0,0.4333,0,0,6,4,70695.19831603213,1,0,1,9,0,1,40,35,False,,synthetic,True,2,True
2026-09-17T13:56:41.483705+00:00,synthetic,synth_gen_HESITANT_REPEAT,synthetic,484,47,1027.4,90.4,0,0.1089,0.6569,0,11,1,3314.6158153180063,1,0,5,9,0,1,29,27,False,,synthetic,True,2,True
2026-09-17T13:56:41.483705+00:00,synthetic,synth_gen_HESITANT_REPEAT,synthetic,485,20,1138.8,56.9,0,0,0.202,0,7,5,45123.44784862287,1,0,6,0,0,1,33,46,False,,synthetic,True,2,True
2026-09-17T13:56:41.483705+00:00,synthetic,synth_gen_HESITANT_REPEAT,synthetic,486,35,878.3,207.6,0,0.2362,0.2754,0,2,1,61051.21867970658,1,0,1,19,0,1,54,62,False,,synthetic,True,2,True
2026-09-17T13:56:41.483705+00:00,synthetic,synth_gen_HESITANT_REPEAT,synthetic,487,15,1520.2,96.7,0,0.61,0.1191,0,12,4,23009.155670687654,1,0,2,17,0,1,22,29,False,,synthetic,True,2,True
2026-09-17T13:56:41.483705+00:00,synthetic,synth_gen_HESITANT_REPEAT,synthetic,488,4,1020.1,87.2,0,0.1106,0.5776,0,13,2,61046.24825208614,1,0,1,19,0,1,55,57,False,,synthetic,True,2,True
2026-09-17T13:56:41.483705+00:00,synthetic,synth_gen_HESITANT_REPEAT,synthetic,489,16,1525.2,164.1,0,0.7342,0.2997,0,7,2,56285.96006987674,1,0,5,17,0,1,59,55,False,,synthetic,True,2,True
2026-09-17T13:56:41.483705+00:00,synthetic,synth_gen_HESITANT_REPEAT,synthetic,490,11,1297.9,79.8,0,0.359,0.362,0,1,2,56832.49924071163,1,0,4,3,0,1,32,35,False,,synthetic,True,2,True
2026-09-17T13:56:41.483705+00:00,synthetic,synth_gen_HESITANT_REPEAT,synthetic,491,46,2426.3,116.7,0,0.3484,0.2147,0,6,1,30020.47133749296,1,0,4,3,0,1,57,59,False,,synthetic,True,2,True
2026-09-17T13:56:41.483705+00:00,synthetic,synth_gen_HESITANT_REPEAT,synthetic,492,37,3408.4,156.8,0,0.5919,0,0,12,3,75689.69857843526,1,0,1,17,0,1,12,11,False,,synthetic,True,2,True
2026-09-17T13:56:41.483705+00:00,synthetic,synth_gen_HESITANT_REPEAT,synthetic,493,8,2649.4,69.7,0,0.9059,0.0175,0,10,1,23846.095404239815,1,0,6,11,0,1,47,45,False,,synthetic,True,2,True
2026-09-17T13:56:41.483705+00:00,synthetic,synth_gen_HESITANT_REPEAT,synthetic,494,7,847.4,80.8,0,0.0446,0.5184,0,12,1,43664.529719268234,1,0,2,11,0,1,47,38,False,,synthetic,True,2,True
2026-09-17T13:56:41.483705+00:00,synthetic,synth_gen_HESITANT_REPEAT,synthetic,495,23,3074.8,92.0,0,0.3284,0.4018,0,12,1,48157.75399239725,1,0,2,14,0,1,58,53,False,,synthetic,True,2,True
2026-09-17T13:56:41.483705+00:00,synthetic,synth_gen_HESITANT_REPEAT,synthetic,496,44,2758.6,251.7,0,0.3487,0.4151,0,15,5,77399.60163335588,1,0,5,6,0,1,20,18,False,,synthetic,True,2,True
2026-09-17T13:56:41.483705+00:00,synthetic,synth_gen_HESITANT_REPEAT,synthetic,497,39,1750.1,44.5,0,0.5069,0.299,0,9,1,28894.534358836554,1,0,2,20,0,1,8,10,False,,synthetic,True,2,True
2026-09-17T13:56:41.483705+00:00,synthetic,synth_gen_HESITANT_REPEAT,synthetic,498,1,1132.1,174.3,0,0.6156,0.1724,0,12,5,83965.16072830117,1,0,1,15,0,1,1,5,False,,synthetic,True,2,True
2026-09-17T13:56:41.483705+00:00,synthetic,synth_gen_HESITANT_REPEAT,synthetic,499,45,1642.3,118.6,0,0.1436,0.5717,0,13,5,84748.75849301284,1,0,6,9,0,1,53,56,False,,synthetic,True,2,True
2026-09-17T13:56:41.483705+00:00,synthetic,synth_gen_HESITANT_REPEAT,synthetic,500,24,5999,136.2,0,0,0.5454,0,5,4,57407.587435510424,1,0,6,11,0,1,50,60,False,,synthetic,True,2,True
2026-09-17T13:56:41.483705+00:00,synthetic,synth_gen_HESITANT_REPEAT,synthetic,501,35,643.2,167.0,0,0.4936,0.2056,0,1,3,20955.091749790485,1,0,1,6,0,1,48,50,False,,synthetic,True,2,True
2026-09-17T13:56:41.483705+00:00,synthetic,synth_gen_HESITANT_REPEAT,synthetic,502,6,1360.3,67.7,0,0.315,0.416,0,11,1,63824.2489740722,1,0,2,13,0,1,37,39,False,,synthetic,True,2,True
2026-09-17T13:56:41.483705+00:00,synthetic,synth_gen_HESITANT_REPEAT,synthetic,503,19,1928.4,109.6,0,1,0.13,0,5,2,23901.648335757916,1,0,4,18,0,1,26,22,False,,synthetic,True,2,True
2026-09-17T13:56:41.483705+00:00,synthetic,synth_gen_HESITANT_REPEAT,synthetic,504,43,2312.0,182.3,0,0.7734,0.5279,0,3,4,82010.2403344976,1,0,4,20,0,1,15,14,False,,synthetic,True,2,True
2026-09-17T13:56:41.483705+00:00,synthetic,synth_gen_HESITANT_REPEAT,synthetic,505,23,1594.1,65.8,0,0.915,0.3072,0,8,4,82079.76700210934,1,0,4,2,0,1,51,63,False,,synthetic,True,2,True
2026-09-17T13:56:41.483705+00:00,synthetic,synth_gen_HESITANT_REPEAT,synthetic,506,10,2411.9,229.3,0,0.4632,0.4276,0,2,5,76164.8617678428,1,0,2,13,0,1,31,17,False,,synthetic,True,2,True
2026-09-17T13:56:41.483705+00:00,synthetic,synth_gen_HESITANT_REPEAT,synthetic,507,12,1866.0,126.7,0,0.3194,0,0,12,2,15332.698818556057,1,0,3,19,0,1,51,63,False,,synthetic,True,2,True
2026-09-17T13:56:41.483705+00:00,synthetic,synth_gen_HESITANT_REPEAT,synthetic,508,24,1891.3,67.3,0,0.1668,0.7745,0,15,1,56409.18296591147,1,0,6,17,0,1,33,38,False,,synthetic,True,2,True
2026-09-17T13:56:41.483705+00:00,synthetic,synth_gen_HESITANT_REPEAT,synthetic,509,48,1974.8,93.4,0,0.8857,0.3909,0,4,5,73260.9287822433,1,0,3,16,0,1,53,57,False,,synthetic,True,2,True
2026-09-17T13:56:41.483705+00:00,synthetic,synth_gen_HESITANT_REPEAT,synthetic,510,18,1081.5,69.5,0,0.567,0.2859,0,2,1,41899.379133538416,1,0,3,0,0,1,48,61,False,,synthetic,True,2,True
2026-09-17T13:56:41.483705+00:00,synthetic,synth_gen_HESITANT_REPEAT,synthetic,511,26,2660.1,228.8,0,0.4411,0.0474,0,5,1,51587.24414199158,1,0,2,4,0,1,7,3,False,,synthetic,True,2,True
2026-09-17T13:56:41.483705+00:00,synthetic,synth_gen_HESITANT_REPEAT,synthetic,512,30,4341.4,90.5,0,0.2873,0.239,0,1,4,83028.86706590727,1,0,3,18,0,1,62,63,False,,synthetic,True,2,True
2026-09-17T13:56:41.483705+00:00,synthetic,synth_gen_HESITANT_REPEAT,synthetic,513,28,2157.3,193.2,0,0.4013,0,0,7,2,69969.69398956407,1,0,6,12,0,1,58,60,False,,synthetic,True,2,True
2026-09-17T13:56:41.483705+00:00,synthetic,synth_gen_HESITANT_REPEAT,synthetic,514,46,500,85.8,0,0.3416,0.4466,0,15,2,50218.34536807073,1,0,3,18,0,1,17,25,False,,synthetic,True,2,True
2026-09-17T13:56:41.483705+00:00,synthetic,synth_gen_HESITANT_REPEAT,synthetic,515,3,838.9,125.4,0,0,0.2188,0,13,5,64133.6711959179,1,0,2,8,0,1,24,26,False,,synthetic,True,2,True
2026-09-17T13:56:41.483705+00:00,synthetic,synth_gen_HESITANT_REPEAT,synthetic,516,36,1428.4,124.9,0,0.437,0.5965,0,3,5,36417.43306775203,1,0,3,8,0,1,7,9,False,,synthetic,True,2,True
2026-09-17T13:56:41.483705+00:00,synthetic,synth_gen_HESITANT_REPEAT,synthetic,517,43,2797.6,173.1,0,0.7887,0.1167,0,7,2,66284.67337855985,1,0,2,20,0,1,6,14,False,,synthetic,True,2,True
2026-09-17T13:56:41.483705+00:00,synthetic,synth_gen_HESITANT_REPEAT,synthetic,518,25,1006.8,52.1,0,0.5048,0,0,6,4,59827.28820280957,1,0,1,14,0,1,19,21,False,,synthetic,True,2,True
2026-09-17T13:56:41.483705+00:00,synthetic,synth_gen_HESITANT_REPEAT,synthetic,519,14,2151.7,110.6,0,1,0.2218,0,10,2,32343.84562812078,1,0,6,5,0,1,5,2,False,,synthetic,True,2,True
2026-09-17T13:56:41.483705+00:00,synthetic,synth_gen_HESITANT_REPEAT,synthetic,520,32,892.2,53.9,0,0.387,0.4492,0,14,4,9115.047372137169,1,0,2,10,0,1,18,26,False,,synthetic,True,2,True
2026-09-17T13:56:41.483705+00:00,synthetic,synth_gen_HESITANT_REPEAT,synthetic,521,42,759.0,139.3,0,0.4481,0.2997,0,9,4,1921.776739761879,1,0,5,3,0,1,28,23,False,,synthetic,True,2,True
2026-09-17T13:56:41.483705+00:00,synthetic,synth_gen_HESITANT_REPEAT,synthetic,522,26,2013.9,157.7,0,0,0,0,14,2,72724.50105014244,1,0,6,3,0,1,38,32,False,,synthetic,True,2,True
2026-09-17T13:56:41.483705+00:00,synthetic,synth_gen_HESITANT_REPEAT,synthetic,523,32,1353.5,94.7,0,1,0,0,6,4,81443.60856708142,1,0,2,17,0,1,57,50,False,,synthetic,True,2,True
2026-09-17T13:56:41.483705+00:00,synthetic,synth_gen_HESITANT_REPEAT,synthetic,524,41,1668.5,59.0,0,0.8771,0.0983,0,1,3,70494.42647058977,1,0,4,17,0,1,51,63,False,,synthetic,True,2,True
2026-09-17T13:56:41.483705+00:00,synthetic,synth_gen_HESITANT_REPEAT,synthetic,525,36,1358.6,180.3,0,0.7332,0.0011,0,3,5,62581.605574723864,1,0,1,3,0,1,7,1,False,,synthetic,True,2,True
2026-09-17T13:56:41.483705+00:00,synthetic,synth_gen_HESITANT_REPEAT,synthetic,526,24,1480.4,96.6,0,0.7543,0.6935,0,3,2,14075.42905860815,1,0,2,5,0,1,41,43,False,,synthetic,True,2,True
2026-09-17T13:56:41.483705+00:00,synthetic,synth_gen_HESITANT_REPEAT,synthetic,527,32,663.6,79.3,0,0.5216,0.6255,0,1,5,56805.911040051236,1,0,3,8,0,1,11,15,False,,synthetic,True,2,True
2026-09-17T13:56:41.483705+00:00,synthetic,synth_gen_HESITANT_REPEAT,synthetic,528,9,2835.1,200.9,0,1,0.3091,0,13,2,26682.03108717295,1,0,2,0,0,1,15,9,False,,synthetic,True,2,True
2026-09-17T13:56:41.483705+00:00,synthetic,synth_gen_HESITANT_REPEAT,synthetic,529,7,1258.8,71.9,0,0.3952,0.3815,0,5,2,68261.69826831488,1,0,2,14,0,1,7,13,False,,synthetic,True,2,True
2026-09-17T13:56:41.483705+00:00,synthetic,synth_gen_HESITANT_REPEAT,synthetic,530,46,2388.6,111.6,0,0.3897,0.2937,0,12,3,59263.77679138624,1,0,4,2,0,1,42,41,False,,synthetic,True,2,True
2026-09-17T13:56:41.483705+00:00,synthetic,synth_gen_HESITANT_REPEAT,synthetic,531,17,5999,96.8,0,0,0.3542,0,2,2,78876.7695831678,1,0,3,13,0,1,50,61,False,,synthetic,True,2,True
2026-09-17T13:56:41.483705+00:00,synthetic,synth_gen_HESITANT_REPEAT,synthetic,532,12,2199.5,116.7,0,0.0963,0.1517,0,13,4,28947.289926470316,1,0,2,19,0,1,48,57,False,,synthetic,True,2,True
2026-09-17T13:56:41.483705+00:00,synthetic,synth_gen_HESITANT_REPEAT,synthetic,533,48,1122.4,64.3,0,0.6631,0.4187,0,13,2,61915.41207067616,1,0,2,20,0,1,6,14,False,,synthetic,True,2,True
2026-09-17T13:56:41.483705+00:00,synthetic,synth_gen_HESITANT_REPEAT,synthetic,534,40,3379.7,130.9,0,0.8626,0.1745,0,12,2,78653.39351807864,1,0,3,3,0,1,13,12,False,,synthetic,True,2,True
2026-09-17T13:56:41.483705+00:00,synthetic,synth_gen_HESITANT_REPEAT,synthetic,535,31,849.6,88.1,0,0.7585,0.3008,0,2,5,46045.21151711383,1,0,5,5,0,1,42,43,False,,synthetic,True,2,True
2026-09-17T13:56:41.483705+00:00,synthetic,synth_gen_HESITANT_REPEAT,synthetic,536,33,1431.9,158.7,0,0.718,0.2499,0,15,3,46075.50109147533,1,0,5,18,0,1,35,39,False,,synthetic,True,2,True
2026-09-17T13:56:41.483705+00:00,synthetic,synth_gen_HESITANT_REPEAT,synthetic,537,21,3102.8,110.9,0,0,0.4244,0,3,5,69676.08930988959,1,0,5,8,0,1,21,20,False,,synthetic,True,2,True
2026-09-17T13:56:41.483705+00:00,synthetic,synth_gen_HESITANT_REPEAT,synthetic,538,1,1111.4,126.9,0,0.3946,0.247,0,6,4,44745.66384475067,1,0,3,2,0,1,48,63,False,,synthetic,True,2,True
2026-09-17T13:56:41.483705+00:00,synthetic,synth_gen_HESITANT_REPEAT,synthetic,539,4,5999,140.2,0,0.9706,0.2421,0,3,3,8791.010253637625,1,0,1,10,0,1,30,23,False,,synthetic,True,2,True
2026-09-17T13:56:41.483705+00:00,synthetic,synth_gen_HESITANT_REPEAT,synthetic,540,23,574.3,97.1,0,0.2838,0.1039,0,10,4,78891.41764686834,1,0,4,2,0,1,46,41,False,,synthetic,True,2,True
2026-09-17T13:56:41.483705+00:00,synthetic,synth_gen_HESITANT_REPEAT,synthetic,541,42,1379.3,160.6,0,0.4591,0.1683,0,9,3,40620.830792506335,1,0,5,14,0,1,22,17,False,,synthetic,True,2,True
2026-09-17T13:56:41.483705+00:00,synthetic,synth_gen_HESITANT_REPEAT,synthetic,542,22,1642.2,252.4,0,1,0.3564,0,5,5,80509.98034272139,1,0,6,14,0,1,44,39,False,,synthetic,True,2,True
2026-09-17T13:56:41.483705+00:00,synthetic,synth_gen_HESITANT_REPEAT,synthetic,543,47,1712.1,93.1,0,0.1737,0.5697,0,11,3,31238.98676966751,1,0,3,7,0,1,43,44,False,,synthetic,True,2,True
2026-09-17T13:56:41.483705+00:00,synthetic,synth_gen_HESITANT_REPEAT,synthetic,544,6,2107.2,48.4,0,0.1605,0.2467,0,14,5,63014.08244488883,1,0,2,20,0,1,8,5,False,,synthetic,True,2,True
2026-09-17T13:56:41.483705+00:00,synthetic,synth_gen_HESITANT_REPEAT,synthetic,545,29,5000.1,109.8,0,0.86,0.0225,0,13,4,43443.77045713802,1,0,5,10,0,1,63,56,False,,synthetic,True,2,True
2026-09-17T13:56:41.483705+00:00,synthetic,synth_gen_HESITANT_REPEAT,synthetic,546,3,2639.0,140.5,0,0.4396,0.5422,0,1,2,11284.24066795494,1,0,2,0,0,1,4,7,False,,synthetic,True,2,True
2026-09-17T13:56:41.483705+00:00,synthetic,synth_gen_HESITANT_REPEAT,synthetic,547,29,2778.5,49.6,0,0.1787,0.6862,0,15,1,1848.1086769887916,1,0,4,15,0,1,18,19,False,,synthetic,True,2,True
2026-09-17T13:56:41.483705+00:00,synthetic,synth_gen_HESITANT_REPEAT,synthetic,548,42,1074.5,104.5,0,0.4665,0.5133,0,4,3,47931.808756119026,1,0,1,16,0,1,21,25,False,,synthetic,True,2,True
2026-09-17T13:56:41.483705+00:00,synthetic,synth_gen_HESITANT_REPEAT,synthetic,549,19,4946.6,79.1,0,1,0.3458,0,14,2,20318.60130791841,1,0,5,18,0,1,22,17,False,,synthetic,True,2,True
2026-09-17T13:56:41.483705+00:00,synthetic,synth_gen_HESITANT_REPEAT,synthetic,550,17,5999,81.1,0,1,0.4389,0,2,2,63103.876268304455,1,0,3,6,0,1,43,37,False,,synthetic,True,2,True
2026-09-17T13:56:41.483705+00:00,synthetic,synth_gen_HESITANT_REPEAT,synthetic,551,1,4350.2,93.0,0,0.3481,0.3455,0,12,2,63328.829908202475,1,0,3,9,0,1,29,23,False,,synthetic,True,2,True
2026-09-17T13:56:41.483705+00:00,synthetic,synth_gen_HESITANT_REPEAT,synthetic,552,48,3271.4,98.3,0,0,0.2921,0,7,1,31142.27344771137,1,0,1,10,0,1,26,25,False,,synthetic,True,2,True
2026-09-17T13:56:41.483705+00:00,synthetic,synth_gen_HESITANT_REPEAT,synthetic,553,45,881.7,59.6,0,0.7429,0.1348,0,8,4,20473.71258239878,1,0,3,18,0,1,44,39,False,,synthetic,True,2,True
2026-09-17T13:56:41.483705+00:00,synthetic,synth_gen_HESITANT_REPEAT,synthetic,554,14,1762.2,41.4,0,0.3152,0.3639,0,1,4,2806.324559649419,1,0,1,2,0,1,27,18,False,,synthetic,True,2,True
2026-09-17T13:56:41.483705+00:00,synthetic,synth_gen_HESITANT_REPEAT,synthetic,555,9,3940.1,116.2,0,0.4791,0.51,0,8,1,44856.15392955923,1,0,5,1,0,1,42,40,False,,synthetic,True,2,True
2026-09-17T13:56:41.483705+00:00,synthetic,synth_gen_HESITANT_REPEAT,synthetic,556,12,5652.8,63.0,0,0.5843,0.25,0,7,3,75999.63156833538,1,0,2,6,0,1,35,46,False,,synthetic,True,2,True
2026-09-17T13:56:41.483705+00:00,synthetic,synth_gen_HESITANT_REPEAT,synthetic,557,20,5020.2,30,0,0.3748,0.1751,0,1,2,38257.59194869071,1,0,4,5,0,1,45,41,False,,synthetic,True,2,True
2026-09-17T13:56:41.483705+00:00,synthetic,synth_gen_HESITANT_REPEAT,synthetic,558,5,2309.4,96.8,0,0.5092,0.7113,0,9,4,37467.55629705656,1,0,5,11,0,1,40,32,False,,synthetic,True,2,True
2026-09-17T13:56:41.483705+00:00,synthetic,synth_gen_HESITANT_REPEAT,synthetic,559,1,1396.7,74.1,0,0.8063,0.2298,0,15,5,68703.78613076339,1,0,2,5,0,1,11,10,False,,synthetic,True,2,True
2026-09-17T13:56:41.483705+00:00,synthetic,synth_gen_HESITANT_REPEAT,synthetic,560,28,2882.0,239.4,0,0.7874,0.4552,0,10,5,18281.9518627084,1,0,3,1,0,1,12,8,False,,synthetic,True,2,True
2026-09-17T13:56:41.483705+00:00,synthetic,synth_gen_HESITANT_REPEAT,synthetic,561,29,666.2,70.7,0,0.2583,0,0,10,4,8669.102000549366,1,0,6,11,0,1,51,59,False,,synthetic,True,2,True
2026-09-17T13:56:41.483705+00:00,synthetic,synth_gen_HESITANT_REPEAT,synthetic,562,27,2034.8,103.8,0,0.8112,0.2069,0,9,1,76216.15071726913,1,0,3,7,0,1,52,62,False,,synthetic,True,2,True
2026-09-17T13:56:41.483705+00:00,synthetic,synth_gen_HESITANT_REPEAT,synthetic,563,43,1010.6,85.9,0,0.0341,0.2076,0,8,1,239.77931819187893,1,0,2,7,0,1,13,2,False,,synthetic,True,2,True
2026-09-17T13:56:41.483705+00:00,synthetic,synth_gen_HESITANT_REPEAT,synthetic,564,14,967.4,112.9,0,0,0.2751,0,4,2,28603.86778904635,1,0,1,13,0,1,24,30,False,,synthetic,True,2,True
2026-09-17T13:56:41.483705+00:00,synthetic,synth_gen_HESITANT_REPEAT,synthetic,565,3,1021.5,114.8,0,0.7418,0.3846,0,5,3,71857.96111014995,1,0,5,1,0,1,57,63,False,,synthetic,True,2,True
2026-09-17T13:56:41.483705+00:00,synthetic,synth_gen_HESITANT_REPEAT,synthetic,566,46,3596.9,127.4,0,0.7641,0.106,0,8,2,69666.21420440754,1,0,3,17,0,1,45,42,False,,synthetic,True,2,True
2026-09-17T13:56:41.483705+00:00,synthetic,synth_gen_HESITANT_REPEAT,synthetic,567,13,2475.1,129.4,0,0.3589,0.0026,0,15,5,25475.649059673236,1,0,5,11,0,1,27,28,False,,synthetic,True,2,True
2026-09-17T13:56:41.483705+00:00,synthetic,synth_gen_HESITANT_REPEAT,synthetic,568,7,2069.2,117.1,0,0.4993,0.2434,0,3,1,68569.87393728318,1,0,3,15,0,1,9,15,False,,synthetic,True,2,True
2026-09-17T13:56:41.483705+00:00,synthetic,synth_gen_HESITANT_REPEAT,synthetic,569,35,3913.9,50.8,0,0,0.4034,0,5,4,42323.155590639886,1,0,3,6,0,1,15,2,False,,synthetic,True,2,True
2026-09-17T13:56:41.483705+00:00,synthetic,synth_gen_HESITANT_REPEAT,synthetic,570,0,730.2,61.9,0,1,0.3296,0,5,2,14698.786636526671,1,0,2,5,0,1,39,41,False,,synthetic,True,2,True
2026-09-17T13:56:41.483705+00:00,synthetic,synth_gen_HESITANT_REPEAT,synthetic,571,44,1034.5,114.8,0,0,0.2629,0,15,1,72971.2566294042,1,0,4,18,0,1,5,12,False,,synthetic,True,2,True
2026-09-17T13:56:41.483705+00:00,synthetic,synth_gen_HESITANT_REPEAT,synthetic,572,44,1917.2,95.0,0,0.4708,0.3463,0,5,2,65398.01381955159,1,0,1,13,0,1,17,19,False,,synthetic,True,2,True
2026-09-17T13:56:41.483705+00:00,synthetic,synth_gen_HESITANT_REPEAT,synthetic,573,20,500,96.0,0,0.7984,0.4006,0,3,1,76777.29886060898,1,0,2,19,0,1,29,16,False,,synthetic,True,2,True
2026-09-17T13:56:41.483705+00:00,synthetic,synth_gen_HESITANT_REPEAT,synthetic,574,45,5128.1,96.1,0,0.5112,0.6613,0,3,2,15851.741350160251,1,0,5,10,0,1,62,57,False,,synthetic,True,2,True
2026-09-17T13:56:41.483705+00:00,synthetic,synth_gen_HESITANT_REPEAT,synthetic,575,25,2645.1,185.4,0,0,0.2464,0,11,5,5208.977216534974,1,0,2,6,0,1,52,53,False,,synthetic,True,2,True
2026-09-17T13:56:41.483705+00:00,synthetic,synth_gen_HESITANT_REPEAT,synthetic,576,7,1920.1,54.9,0,0,0.1006,0,3,4,4865.498093492288,1,0,4,11,0,1,16,17,False,,synthetic,True,2,True
2026-09-17T13:56:41.483705+00:00,synthetic,synth_gen_HESITANT_REPEAT,synthetic,577,24,5999,108.2,0,0.5474,0.3635,0,12,1,52264.65613808099,1,0,5,7,0,1,25,31,False,,synthetic,True,2,True
2026-09-17T13:56:41.483705+00:00,synthetic,synth_gen_HESITANT_REPEAT,synthetic,578,28,2915.6,216.2,0,0.467,0,0,5,2,41865.46968195524,1,0,3,5,0,1,47,46,False,,synthetic,True,2,True
2026-09-17T13:56:41.483705+00:00,synthetic,synth_gen_HESITANT_REPEAT,synthetic,579,1,795.0,164.9,0,0,0.395,0,13,3,2985.6747400447457,1,0,5,9,0,1,49,48,False,,synthetic,True,2,True
2026-09-17T13:56:41.483705+00:00,synthetic,synth_gen_HESITANT_REPEAT,synthetic,580,22,1629.8,76.1,0,0.527,0.1781,0,11,2,46593.602330605616,1,0,1,8,0,1,43,46,False,,synthetic,True,2,True
2026-09-17T13:56:41.483705+00:00,synthetic,synth_gen_HESITANT_REPEAT,synthetic,581,30,1217.4,54.6,0,0.6072,0,0,14,2,41494.82100405849,1,0,5,16,0,1,38,34,False,,synthetic,True,2,True
2026-09-17T13:56:41.483705+00:00,synthetic,synth_gen_HESITANT_REPEAT,synthetic,582,10,921.5,85.4,0,0.3473,0.2522,0,12,5,62186.14234985775,1,0,1,20,0,1,62,52,False,,synthetic,True,2,True
2026-09-17T13:56:41.483705+00:00,synthetic,synth_gen_HESITANT_REPEAT,synthetic,583,30,1498.0,83.9,0,0.439,0.1718,0,5,2,249.81920509465,1,0,3,1,0,1,49,51,False,,synthetic,True,2,True
2026-09-17T13:56:41.483705+00:00,synthetic,synth_gen_HESITANT_REPEAT,synthetic,584,43,2385.5,85.7,0,0,0.1971,0,2,3,34452.94659587901,1,0,3,2,0,1,45,37,False,,synthetic,True,2,True
2026-09-17T13:56:41.483705+00:00,synthetic,synth_gen_HESITANT_REPEAT,synthetic,585,42,1573.1,86.8,0,0.5026,0.2085,0,4,1,11534.439176716369,1,0,2,18,0,1,61,49,False,,synthetic,True,2,True
2026-09-17T13:56:41.483705+00:00,synthetic,synth_gen_HESITANT_REPEAT,synthetic,586,25,1380.2,117.3,0,0.4434,0.0257,0,13,3,58994.4312585901,1,0,3,4,0,1,41,38,False,,synthetic,True,2,True
2026-09-17T13:56:41.483705+00:00,synthetic,synth_gen_HESITANT_REPEAT,synthetic,587,21,2164.9,75.9,0,0,0.3401,0,5,2,49788.84724229317,1,0,3,13,0,1,12,7,False,,synthetic,True,2,True
2026-09-17T13:56:41.483705+00:00,synthetic,synth_gen_HESITANT_REPEAT,synthetic,588,46,2382.9,53.3,0,0.2157,0.0765,0,3,5,48856.67269029196,1,0,5,6,0,1,14,10,False,,synthetic,True,2,True
2026-09-17T13:56:41.483705+00:00,synthetic,synth_gen_HESITANT_REPEAT,synthetic,589,22,5999,241.1,0,0.8585,0.4522,0,11,5,15960.502360392406,1,0,1,10,0,1,40,36,False,,synthetic,True,2,True
2026-09-17T13:56:41.483705+00:00,synthetic,synth_gen_HESITANT_REPEAT,synthetic,590,17,2975.6,99.8,0,0.2355,0.1621,0,9,3,75079.73470291425,1,0,1,15,0,1,34,41,False,,synthetic,True,2,True
2026-09-17T13:56:41.483705+00:00,synthetic,synth_gen_HESITANT_REPEAT,synthetic,591,7,605.7,106.5,0,0.528,0.0625,0,11,2,77233.00368643469,1,0,1,16,0,1,63,59,False,,synthetic,True,2,True
2026-09-17T13:56:41.483705+00:00,synthetic,synth_gen_HESITANT_REPEAT,synthetic,592,38,1311.8,63.5,0,0.5566,0.5157,0,12,1,42079.86216953249,1,0,6,9,0,1,48,57,False,,synthetic,True,2,True
2026-09-17T13:56:41.483705+00:00,synthetic,synth_gen_HESITANT_REPEAT,synthetic,593,40,1025.3,135.2,0,0.7715,0.1912,0,3,4,30536.785879456093,1,0,2,5,0,1,6,14,False,,synthetic,True,2,True
2026-09-17T13:56:41.483705+00:00,synthetic,synth_gen_HESITANT_REPEAT,synthetic,594,15,2595.5,43.6,0,0.6406,0.3263,0,6,3,26535.51616009332,1,0,2,1,0,1,3,6,False,,synthetic,True,2,True
2026-09-17T13:56:41.483705+00:00,synthetic,synth_gen_HESITANT_REPEAT,synthetic,595,9,4251.0,75.6,0,0.4194,0,0,8,4,9165.22892172142,1,0,3,14,0,1,54,52,False,,synthetic,True,2,True
2026-09-17T13:56:41.483705+00:00,synthetic,synth_gen_HESITANT_REPEAT,synthetic,596,49,640.8,168.7,0,0.265,0.1655,0,6,4,36416.73793830042,1,0,5,19,0,1,60,54,False,,synthetic,True,2,True
2026-09-17T13:56:41.483705+00:00,synthetic,synth_gen_HESITANT_REPEAT,synthetic,597,48,934.0,122.9,0,0,0.5376,0,15,2,48922.02237056416,1,0,4,5,0,1,33,47,False,,synthetic,True,2,True
2026-09-17T13:56:41.483705+00:00,synthetic,synth_gen_HESITANT_REPEAT,synthetic,598,37,503.7,204.9,0,0.2746,0.7442,0,7,4,63014.968374193515,1,0,6,3,0,1,33,35,False,,synthetic,True,2,True
2026-09-17T13:56:41.483705+00:00,synthetic,synth_gen_HESITANT_REPEAT,synthetic,599,20,1039.1,125.6,0,0,0.058,0,3,5,71771.88474898011,1,0,3,3,0,1,63,55,False,,synthetic,True,2,True
2026-09-17T13:56:41.483705+00:00,synthetic,synth_gen_HESITANT_REPEAT,synthetic,600,27,4777.2,156.2,0,0.5642,0.004,0,10,1,66135.91088861233,1,0,3,16,0,1,30,17,False,,synthetic,True,2,True
2026-09-17T13:56:41.483705+00:00,synthetic,synth_gen_GUESSING_REPEAT,synthetic,601,29,6000,188.3,0,0.1764,0.0631,0,4,3,30429.828359128354,2,0,5,13,0,2,2,4,False,,synthetic,True,2,True
2026-09-17T13:56:41.483705+00:00,synthetic,synth_gen_GUESSING_REPEAT,synthetic,602,30,6000,208.6,0,0.7639,0.2625,0,2,1,41896.006759846816,2,0,2,2,0,2,58,62,False,,synthetic,True,2,True
2026-09-17T13:56:41.483705+00:00,synthetic,synth_gen_GUESSING_REPEAT,synthetic,603,19,14000,369.4,0,0.8133,0.2984,0,12,4,66528.58294871359,2,0,3,8,0,2,52,55,False,,synthetic,True,2,True
2026-09-17T13:56:41.483705+00:00,synthetic,synth_gen_GUESSING_REPEAT,synthetic,604,34,6000,138.8,0,0.7329,0,0,8,2,31276.91378542976,2,0,3,13,0,2,39,46,False,,synthetic,True,2,True
2026-09-17T13:56:41.483705+00:00,synthetic,synth_gen_GUESSING_REPEAT,synthetic,605,7,7066.1,112.1,0,0.8192,0.3132,0,10,2,20870.14360018233,2,0,1,3,0,2,40,32,False,,synthetic,True,2,True
2026-09-17T13:56:41.483705+00:00,synthetic,synth_gen_GUESSING_REPEAT,synthetic,606,45,6000,149.4,0,0.0824,0.1648,0,13,2,11733.41565232671,2,0,2,8,0,2,6,0,False,,synthetic,True,2,True
2026-09-17T13:56:41.483705+00:00,synthetic,synth_gen_GUESSING_REPEAT,synthetic,607,43,6000,62.8,0,0.3496,0,0,3,3,48670.84130467389,2,0,4,17,0,2,44,43,False,,synthetic,True,2,True
2026-09-17T13:56:41.483705+00:00,synthetic,synth_gen_GUESSING_REPEAT,synthetic,608,41,6000,75.7,0,0.1174,0.3422,0,2,3,18868.714046913345,2,0,3,4,0,2,11,4,False,,synthetic,True,2,True
2026-09-17T13:56:41.483705+00:00,synthetic,synth_gen_GUESSING_REPEAT,synthetic,609,22,6000,79.8,0,0.3499,0,0,10,4,39067.56305668998,2,0,5,7,0,2,60,51,False,,synthetic,True,2,True
2026-09-17T13:56:41.483705+00:00,synthetic,synth_gen_GUESSING_REPEAT,synthetic,610,40,13682.8,179.4,0,0.7608,0.3761,0,9,3,85988.71482100681,2,0,1,17,0,2,2,1,False,,synthetic,True,2,True
2026-09-17T13:56:41.483705+00:00,synthetic,synth_gen_GUESSING_REPEAT,synthetic,611,13,6000,151.9,0,0.0932,0.6145,0,4,4,37128.769720733624,2,0,2,2,0,2,55,57,False,,synthetic,True,2,True
2026-09-17T13:56:41.483705+00:00,synthetic,synth_gen_GUESSING_REPEAT,synthetic,612,43,6000,33.8,0,0.3545,0,0,12,1,45455.08707022179,2,0,1,11,0,2,54,50,False,,synthetic,True,2,True
2026-09-17T13:56:41.483705+00:00,synthetic,synth_gen_GUESSING_REPEAT,synthetic,613,18,6000,80.2,0,1,0.2301,0,9,2,17641.529849123774,2,0,2,15,0,2,28,22,False,,synthetic,True,2,True
2026-09-17T13:56:41.483705+00:00,synthetic,synth_gen_GUESSING_REPEAT,synthetic,614,15,6000,104.2,0,0.4134,0.3737,0,15,4,30235.31479213385,2,0,3,15,0,2,57,56,False,,synthetic,True,2,True
2026-09-17T13:56:41.483705+00:00,synthetic,synth_gen_GUESSING_REPEAT,synthetic,615,6,6000,49.3,0,0.7055,0.4495,0,3,4,52530.129604041314,2,0,2,18,0,2,61,51,False,,synthetic,True,2,True
2026-09-17T13:56:41.483705+00:00,synthetic,synth_gen_GUESSING_REPEAT,synthetic,616,17,6000,61.0,0,0.3922,0,0,5,3,83760.74251695942,2,0,4,16,0,2,13,1,False,,synthetic,True,2,True
2026-09-17T13:56:41.483705+00:00,synthetic,synth_gen_GUESSING_REPEAT,synthetic,617,39,6000,125.5,0,0.8584,0.346,0,15,3,73042.1442634695,2,0,1,19,0,2,1,10,False,,synthetic,True,2,True
2026-09-17T13:56:41.483705+00:00,synthetic,synth_gen_GUESSING_REPEAT,synthetic,618,47,6000,92.9,0,0,0.2743,0,4,1,43132.00506606561,2,0,6,11,0,2,4,6,False,,synthetic,True,2,True
2026-09-17T13:56:41.483705+00:00,synthetic,synth_gen_GUESSING_REPEAT,synthetic,619,6,6000,128.5,0,0.7067,0.3712,0,8,3,67967.96435995027,2,0,4,15,0,2,19,17,False,,synthetic,True,2,True
2026-09-17T13:56:41.483705+00:00,synthetic,synth_gen_GUESSING_REPEAT,synthetic,620,38,6000,101.3,0,1,0.4287,0,5,4,52219.60080341884,2,0,4,14,0,2,58,49,False,,synthetic,True,2,True
2026-09-17T13:56:41.483705+00:00,synthetic,synth_gen_GUESSING_REPEAT,synthetic,621,0,9862.3,187.7,0,1,0.4041,0,7,5,80554.82756707507,2,0,2,10,0,2,51,50,False,,synthetic,True,2,True
2026-09-17T13:56:41.483705+00:00,synthetic,synth_gen_GUESSING_REPEAT,synthetic,622,46,6000,122.4,0,0.2093,0.3821,0,10,2,66014.56183523378,2,0,4,10,0,2,12,13,False,,synthetic,True,2,True
2026-09-17T13:56:41.483705+00:00,synthetic,synth_gen_GUESSING_REPEAT,synthetic,623,7,6000,164.0,0,1,0.3829,0,7,1,39570.8110199793,2,0,2,17,0,2,52,63,False,,synthetic,True,2,True
2026-09-17T13:56:41.483705+00:00,synthetic,synth_gen_GUESSING_REPEAT,synthetic,624,46,6000,95.3,0,0,0,0,4,5,67373.97499945953,2,0,5,7,0,2,7,3,False,,synthetic,True,2,True
2026-09-17T13:56:41.483705+00:00,synthetic,synth_gen_GUESSING_REPEAT,synthetic,625,11,6000,193.0,0,0.1935,0.5604,0,14,5,78220.056425356,2,0,1,15,0,2,11,9,False,,synthetic,True,2,True
2026-09-17T13:56:41.483705+00:00,synthetic,synth_gen_GUESSING_REPEAT,synthetic,626,18,6000,61.9,0,0.3598,0.4255,0,14,4,49186.57952505848,2,0,2,15,0,2,57,61,False,,synthetic,True,2,True
2026-09-17T13:56:41.483705+00:00,synthetic,synth_gen_GUESSING_REPEAT,synthetic,627,3,6000,108.9,0,0.7876,0.5077,0,2,4,81052.64862216117,2,0,1,16,0,2,22,24,False,,synthetic,True,2,True
2026-09-17T13:56:41.483705+00:00,synthetic,synth_gen_GUESSING_REPEAT,synthetic,628,44,6000,138.0,0,0.0833,0.3434,0,10,5,19178.432573685815,2,0,5,2,0,2,52,61,False,,synthetic,True,2,True
2026-09-17T13:56:41.483705+00:00,synthetic,synth_gen_GUESSING_REPEAT,synthetic,629,26,6000,88.2,0,1,0.1963,0,15,4,81639.97243217043,2,0,1,19,0,2,14,12,False,,synthetic,True,2,True
2026-09-17T13:56:41.483705+00:00,synthetic,synth_gen_GUESSING_REPEAT,synthetic,630,36,6000,71.4,0,0.3578,0.2827,0,13,5,62345.23631239979,2,0,4,14,0,2,40,45,False,,synthetic,True,2,True
2026-09-17T13:56:41.483705+00:00,synthetic,synth_gen_GUESSING_REPEAT,synthetic,631,33,8400.1,131.6,0,0,0.24,0,5,1,26584.28770432108,2,0,3,12,0,2,28,23,False,,synthetic,True,2,True
2026-09-17T13:56:41.483705+00:00,synthetic,synth_gen_GUESSING_REPEAT,synthetic,632,44,6000,80.0,0,0.4005,0.3079,0,7,2,75349.74289168822,2,0,6,13,0,2,13,2,False,,synthetic,True,2,True
2026-09-17T13:56:41.483705+00:00,synthetic,synth_gen_GUESSING_REPEAT,synthetic,633,38,6000,166.6,0,0.4194,0.2268,0,11,3,31850.55683773377,2,0,2,5,0,2,11,4,False,,synthetic,True,2,True
2026-09-17T13:56:41.483705+00:00,synthetic,synth_gen_GUESSING_REPEAT,synthetic,634,40,6000,132.8,0,0.9282,0,0,4,4,21757.451891520443,2,0,1,0,0,2,21,26,False,,synthetic,True,2,True
2026-09-17T13:56:41.483705+00:00,synthetic,synth_gen_GUESSING_REPEAT,synthetic,635,28,6000,92.4,0,0.2909,0.4093,0,2,3,30891.9701458697,2,0,1,19,0,2,13,15,False,,synthetic,True,2,True
2026-09-17T13:56:41.483705+00:00,synthetic,synth_gen_GUESSING_REPEAT,synthetic,636,9,6000,516.6,0,0.1422,0.1308,0,11,2,73780.63658331711,2,0,5,4,0,2,56,48,False,,synthetic,True,2,True
2026-09-17T13:56:41.483705+00:00,synthetic,synth_gen_GUESSING_REPEAT,synthetic,637,30,9286.1,100.1,0,0.7791,0.1396,0,4,1,50630.779545217156,2,0,3,18,0,2,61,51,False,,synthetic,True,2,True
2026-09-17T13:56:41.483705+00:00,synthetic,synth_gen_GUESSING_REPEAT,synthetic,638,10,6000,72.1,0,0.1872,0.2401,0,15,3,4389.740018991364,2,0,3,12,0,2,33,35,False,,synthetic,True,2,True
2026-09-17T13:56:41.483705+00:00,synthetic,synth_gen_GUESSING_REPEAT,synthetic,639,16,6766.5,93.5,0,0.4322,0.5035,0,11,4,61084.05611731089,2,0,6,1,0,2,51,61,False,,synthetic,True,2,True
2026-09-17T13:56:41.483705+00:00,synthetic,synth_gen_GUESSING_REPEAT,synthetic,640,31,6000,111.5,0,0.5336,0,0,2,4,73022.33204300345,2,0,4,1,0,2,25,30,False,,synthetic,True,2,True
2026-09-17T13:56:41.483705+00:00,synthetic,synth_gen_GUESSING_REPEAT,synthetic,641,31,6000,475.2,0,0.4812,0,0,8,3,42423.28390336021,2,0,3,1,0,2,59,54,False,,synthetic,True,2,True
2026-09-17T13:56:41.483705+00:00,synthetic,synth_gen_GUESSING_REPEAT,synthetic,642,35,6090.7,105.1,0,0.5408,0.8432,0,6,1,17815.744413382676,2,0,2,17,0,2,36,40,False,,synthetic,True,2,True
2026-09-17T13:56:41.483705+00:00,synthetic,synth_gen_GUESSING_REPEAT,synthetic,643,36,6000,84.7,0,0.1398,0.2282,0,7,2,53741.20066943412,2,0,3,4,0,2,8,2,False,,synthetic,True,2,True
2026-09-17T13:56:41.483705+00:00,synthetic,synth_gen_GUESSING_REPEAT,synthetic,644,47,6000,159.0,0,1,0.1872,0,14,2,73760.94430565371,2,0,4,12,0,2,31,25,False,,synthetic,True,2,True
2026-09-17T13:56:41.483705+00:00,synthetic,synth_gen_GUESSING_REPEAT,synthetic,645,47,6000,31.3,0,0.83,0.6754,0,9,4,10515.686753803406,2,0,5,14,0,2,24,22,False,,synthetic,True,2,True
2026-09-17T13:56:41.483705+00:00,synthetic,synth_gen_GUESSING_REPEAT,synthetic,646,18,6000,97.8,0,0.3589,0.3986,0,10,4,20330.56199583038,2,0,1,8,0,2,36,39,False,,synthetic,True,2,True
2026-09-17T13:56:41.483705+00:00,synthetic,synth_gen_GUESSING_REPEAT,synthetic,647,26,6000,144.8,0,0.1388,0.3612,0,14,1,60646.81530782021,2,0,1,6,0,2,49,58,False,,synthetic,True,2,True
2026-09-17T13:56:41.483705+00:00,synthetic,synth_gen_GUESSING_REPEAT,synthetic,648,8,14000,180.3,0,0.1393,0.247,0,6,3,55320.40789077985,2,0,4,2,0,2,45,41,False,,synthetic,True,2,True
2026-09-17T13:56:41.483705+00:00,synthetic,synth_gen_GUESSING_REPEAT,synthetic,649,45,6000,153.0,0,0.2637,0.2917,0,9,2,57045.063064734575,2,0,4,0,0,2,56,55,False,,synthetic,True,2,True
2026-09-17T13:56:41.483705+00:00,synthetic,synth_gen_GUESSING_REPEAT,synthetic,650,33,6000,91.4,0,0.6719,0.146,0,1,3,74907.41699469682,2,0,3,17,0,2,25,18,False,,synthetic,True,2,True
2026-09-17T13:56:41.483705+00:00,synthetic,synth_gen_GUESSING_REPEAT,synthetic,651,6,6000,30,0,0.5686,0.3185,0,10,1,70009.09518771851,2,0,3,1,0,2,22,28,False,,synthetic,True,2,True
2026-09-17T13:56:41.483705+00:00,synthetic,synth_gen_GUESSING_REPEAT,synthetic,652,16,6000,81.4,0,0.76,0.5651,0,7,1,23394.274521536183,2,0,5,2,0,2,57,58,False,,synthetic,True,2,True
2026-09-17T13:56:41.483705+00:00,synthetic,synth_gen_GUESSING_REPEAT,synthetic,653,5,6000,133.4,0,0.2872,0.5145,0,9,1,34074.485657436504,2,0,3,6,0,2,58,56,False,,synthetic,True,2,True
2026-09-17T13:56:41.483705+00:00,synthetic,synth_gen_GUESSING_REPEAT,synthetic,654,47,6000,140.2,0,0.7129,0.1563,0,8,4,12476.97602605374,2,0,3,14,0,2,36,33,False,,synthetic,True,2,True
2026-09-17T13:56:41.483705+00:00,synthetic,synth_gen_GUESSING_REPEAT,synthetic,655,49,6000,32.9,0,0.5045,0.0875,0,15,3,46184.78211342447,2,0,4,20,0,2,26,24,False,,synthetic,True,2,True
2026-09-17T13:56:41.483705+00:00,synthetic,synth_gen_GUESSING_REPEAT,synthetic,656,11,6000,59.5,0,0.6551,0.1718,0,10,1,50219.74302662123,2,0,3,2,0,2,62,55,False,,synthetic,True,2,True
2026-09-17T13:56:41.483705+00:00,synthetic,synth_gen_GUESSING_REPEAT,synthetic,657,23,6000,70.2,0,0.5309,0.5837,0,3,5,32618.09798410749,2,0,3,17,0,2,46,41,False,,synthetic,True,2,True
2026-09-17T13:56:41.483705+00:00,synthetic,synth_gen_GUESSING_REPEAT,synthetic,658,24,6000,43.6,0,0.6071,0.7235,0,4,1,44951.03203996488,2,0,6,10,0,2,16,17,False,,synthetic,True,2,True
2026-09-17T13:56:41.483705+00:00,synthetic,synth_gen_GUESSING_REPEAT,synthetic,659,5,6000,83.2,0,0.1599,0.4241,0,11,3,77375.2636604079,2,0,5,5,0,2,61,51,False,,synthetic,True,2,True
2026-09-17T13:56:41.483705+00:00,synthetic,synth_gen_GUESSING_REPEAT,synthetic,660,29,13434.1,65.2,0,0.3608,0.2734,0,15,4,60928.46842565463,2,0,4,0,0,2,37,45,False,,synthetic,True,2,True
2026-09-17T13:56:41.483705+00:00,synthetic,synth_gen_GUESSING_REPEAT,synthetic,661,21,6000,69.4,0,0,0,0,10,4,17956.582883307445,2,0,1,12,0,2,4,14,False,,synthetic,True,2,True
2026-09-17T13:56:41.483705+00:00,synthetic,synth_gen_GUESSING_REPEAT,synthetic,662,3,6000,101.9,0,0.8209,0.4132,0,7,2,2707.2078210141235,2,0,5,19,0,2,40,47,False,,synthetic,True,2,True
2026-09-17T13:56:41.483705+00:00,synthetic,synth_gen_GUESSING_REPEAT,synthetic,663,7,6000,74.1,0,0.2417,1,0,10,4,13428.137748341765,2,0,6,9,0,2,50,55,False,,synthetic,True,2,True
2026-09-17T13:56:41.483705+00:00,synthetic,synth_gen_GUESSING_REPEAT,synthetic,664,16,6000,102.3,0,0.4945,0.4198,0,9,5,25511.732944997642,2,0,2,18,0,2,57,62,False,,synthetic,True,2,True
2026-09-17T13:56:41.483705+00:00,synthetic,synth_gen_GUESSING_REPEAT,synthetic,665,28,6000,56.3,0,0.5161,0,0,6,5,7623.443389736765,2,0,1,6,0,2,63,57,False,,synthetic,True,2,True
2026-09-17T13:56:41.483705+00:00,synthetic,synth_gen_GUESSING_REPEAT,synthetic,666,11,11844.8,76.7,0,0.1888,0,0,13,2,76388.34012451445,2,0,2,18,0,2,19,16,False,,synthetic,True,2,True
2026-09-17T13:56:41.483705+00:00,synthetic,synth_gen_GUESSING_REPEAT,synthetic,667,30,7462.3,150.4,0,0.4319,0.1881,0,3,2,22576.48185402112,2,0,6,6,0,2,51,49,False,,synthetic,True,2,True
2026-09-17T13:56:41.483705+00:00,synthetic,synth_gen_GUESSING_REPEAT,synthetic,668,29,6000,110.5,0,0.3445,0.12,0,9,2,51015.70263239005,2,0,6,2,0,2,49,62,False,,synthetic,True,2,True
2026-09-17T13:56:41.483705+00:00,synthetic,synth_gen_GUESSING_REPEAT,synthetic,669,48,6000,232.5,0,0.1781,0.4622,0,6,1,58530.32600387416,2,0,1,10,0,2,6,10,False,,synthetic,True,2,True
2026-09-17T13:56:41.483705+00:00,synthetic,synth_gen_GUESSING_REPEAT,synthetic,670,39,6000,127.0,0,0.2297,0.2134,0,4,5,67978.31762916845,2,0,2,13,0,2,43,33,False,,synthetic,True,2,True
2026-09-17T13:56:41.483705+00:00,synthetic,synth_gen_GUESSING_REPEAT,synthetic,671,26,6000,83.8,0,0.3495,0.1792,0,5,3,6871.756450925109,2,0,3,12,0,2,35,42,False,,synthetic,True,2,True
2026-09-17T13:56:41.483705+00:00,synthetic,synth_gen_GUESSING_REPEAT,synthetic,672,11,6000,186.0,0,0.0407,0,0,4,2,70076.48762984497,2,0,4,14,0,2,45,40,False,,synthetic,True,2,True
2026-09-17T13:56:41.483705+00:00,synthetic,synth_gen_GUESSING_REPEAT,synthetic,673,41,6000,115.7,0,0.5134,0.5397,0,13,4,43014.86831906633,2,0,3,10,0,2,37,36,False,,synthetic,True,2,True
2026-09-17T13:56:41.483705+00:00,synthetic,synth_gen_GUESSING_REPEAT,synthetic,674,11,6000,44.6,0,0.4119,0.5904,0,13,1,75790.58169842027,2,0,1,3,0,2,25,17,False,,synthetic,True,2,True
2026-09-17T13:56:41.483705+00:00,synthetic,synth_gen_GUESSING_REPEAT,synthetic,675,10,6000,62.7,0,0.4565,0.3298,0,5,3,61509.87115309756,2,0,1,3,0,2,20,22,False,,synthetic,True,2,True
2026-09-17T13:56:41.483705+00:00,synthetic,synth_gen_GUESSING_REPEAT,synthetic,676,29,6000,70.4,0,0.2674,0,0,1,4,7034.566699341201,2,0,2,4,0,2,57,54,False,,synthetic,True,2,True
2026-09-17T13:56:41.483705+00:00,synthetic,synth_gen_GUESSING_REPEAT,synthetic,677,7,10226.5,149.3,0,0.8341,0.3876,0,13,1,84161.88665669448,2,0,1,16,0,2,57,56,False,,synthetic,True,2,True
2026-09-17T13:56:41.483705+00:00,synthetic,synth_gen_GUESSING_REPEAT,synthetic,678,47,9909.0,86.9,0,0.1357,0.1268,0,4,2,37354.50360486646,2,0,1,12,0,2,59,61,False,,synthetic,True,2,True
2026-09-17T13:56:41.483705+00:00,synthetic,synth_gen_GUESSING_REPEAT,synthetic,679,38,6000,198.6,0,0.9505,0.141,0,14,2,70229.10182698607,2,0,5,18,0,2,57,63,False,,synthetic,True,2,True
2026-09-17T13:56:41.483705+00:00,synthetic,synth_gen_GUESSING_REPEAT,synthetic,680,30,6000,99.8,0,1,0,0,10,3,42788.35993469896,2,0,5,8,0,2,46,36,False,,synthetic,True,2,True
2026-09-17T13:56:41.483705+00:00,synthetic,synth_gen_GUESSING_REPEAT,synthetic,681,3,6000,141.9,0,0.3219,0.2798,0,3,3,12688.434274421577,2,0,4,17,0,2,27,18,False,,synthetic,True,2,True
2026-09-17T13:56:41.483705+00:00,synthetic,synth_gen_GUESSING_REPEAT,synthetic,682,47,6000,184.4,0,0.4118,0.008,0,15,2,80220.60086418274,2,0,3,15,0,2,1,12,False,,synthetic,True,2,True
2026-09-17T13:56:41.483705+00:00,synthetic,synth_gen_GUESSING_REPEAT,synthetic,683,36,6000,194.8,0,1,0.3299,0,5,5,45239.84665681502,2,0,6,1,0,2,38,43,False,,synthetic,True,2,True
2026-09-17T13:56:41.483705+00:00,synthetic,synth_gen_GUESSING_REPEAT,synthetic,684,34,6000,223.2,0,0.9682,0.3331,0,4,5,66015.93071093241,2,0,5,4,0,2,62,57,False,,synthetic,True,2,True
2026-09-17T13:56:41.483705+00:00,synthetic,synth_gen_GUESSING_REPEAT,synthetic,685,26,6000,93.4,0,0.5088,0,0,3,3,32111.282508995784,2,0,1,18,0,2,9,7,False,,synthetic,True,2,True
2026-09-17T13:56:41.483705+00:00,synthetic,synth_gen_GUESSING_REPEAT,synthetic,686,4,6000,198.8,0,0.4435,0.6409,0,3,1,39826.925210607165,2,0,1,5,0,2,22,25,False,,synthetic,True,2,True
2026-09-17T13:56:41.483705+00:00,synthetic,synth_gen_GUESSING_REPEAT,synthetic,687,19,6000,179.8,0,0.2088,0.0143,0,9,2,5787.091357837528,2,0,2,10,0,2,56,50,False,,synthetic,True,2,True
2026-09-17T13:56:41.483705+00:00,synthetic,synth_gen_GUESSING_REPEAT,synthetic,688,13,6000,73.1,0,0.952,0.5876,0,2,1,78052.53108299406,2,0,6,6,0,2,2,6,False,,synthetic,True,2,True
2026-09-17T13:56:41.483705+00:00,synthetic,synth_gen_GUESSING_REPEAT,synthetic,689,28,14000,60.7,0,1,0.5834,0,15,5,2431.9327827507545,2,0,2,19,0,2,27,25,False,,synthetic,True,2,True
2026-09-17T13:56:41.483705+00:00,synthetic,synth_gen_GUESSING_REPEAT,synthetic,690,18,14000,139.6,0,0.0954,0.1806,0,15,5,33429.96401530428,2,0,2,17,0,2,26,28,False,,synthetic,True,2,True
2026-09-17T13:56:41.483705+00:00,synthetic,synth_gen_GUESSING_REPEAT,synthetic,691,45,10558.2,58.2,0,0.4644,0.3249,0,15,3,82757.58018473035,2,0,4,19,0,2,23,31,False,,synthetic,True,2,True
2026-09-17T13:56:41.483705+00:00,synthetic,synth_gen_GUESSING_REPEAT,synthetic,692,25,6000,102.7,0,0.4131,0.5057,0,10,1,40583.70947759491,2,0,5,4,0,2,33,34,False,,synthetic,True,2,True
2026-09-17T13:56:41.483705+00:00,synthetic,synth_gen_GUESSING_REPEAT,synthetic,693,37,6000,67.2,0,0.7024,0.238,0,15,1,25715.498747766756,2,0,1,0,0,2,17,20,False,,synthetic,True,2,True
2026-09-17T13:56:41.483705+00:00,synthetic,synth_gen_GUESSING_REPEAT,synthetic,694,45,6000,185.5,0,0.2008,0.237,0,6,3,435.46760094350566,2,0,4,20,0,2,50,62,False,,synthetic,True,2,True
2026-09-17T13:56:41.483705+00:00,synthetic,synth_gen_GUESSING_REPEAT,synthetic,695,12,6000,96.0,0,0.1077,0.2014,0,2,3,67713.75215637157,2,0,5,2,0,2,48,55,False,,synthetic,True,2,True
2026-09-17T13:56:41.483705+00:00,synthetic,synth_gen_GUESSING_REPEAT,synthetic,696,7,6000,96.3,0,0.2571,0.4088,0,5,2,33695.28086422507,2,0,2,19,0,2,23,17,False,,synthetic,True,2,True
2026-09-17T13:56:41.483705+00:00,synthetic,synth_gen_GUESSING_REPEAT,synthetic,697,44,6000,94.6,0,0.2021,0,0,13,4,63822.9032032676,2,0,2,9,0,2,33,42,False,,synthetic,True,2,True
2026-09-17T13:56:41.483705+00:00,synthetic,synth_gen_GUESSING_REPEAT,synthetic,698,46,6000,138.3,0,0.2485,0.2985,0,7,2,60803.31176022803,2,0,4,13,0,2,46,44,False,,synthetic,True,2,True
2026-09-17T13:56:41.483705+00:00,synthetic,synth_gen_GUESSING_REPEAT,synthetic,699,36,6000,77.1,0,0.4214,0,0,15,3,79443.55034788724,2,0,3,10,0,2,54,48,False,,synthetic,True,2,True
2026-09-17T13:56:41.483705+00:00,synthetic,synth_gen_GUESSING_REPEAT,synthetic,700,23,6000,85.9,0,0.2503,0.469,0,10,3,17567.94188166793,2,0,6,6,0,2,45,44,False,,synthetic,True,2,True
2026-09-17T13:56:41.483705+00:00,synthetic,synth_gen_GUESSING_REPEAT,synthetic,701,32,6000,74.8,0,0.2636,0.4512,0,2,5,76458.90025979461,2,0,5,4,0,2,43,36,False,,synthetic,True,2,True
2026-09-17T13:56:41.483705+00:00,synthetic,synth_gen_GUESSING_REPEAT,synthetic,702,11,11870.8,544.7,0,0.3037,0,0,15,2,83841.9804475841,2,0,1,0,0,2,52,53,False,,synthetic,True,2,True
2026-09-17T13:56:41.483705+00:00,synthetic,synth_gen_GUESSING_REPEAT,synthetic,703,41,6000,58.5,0,0.4859,0.2616,0,8,5,45966.70363703413,2,0,3,12,0,2,33,42,False,,synthetic,True,2,True
2026-09-17T13:56:41.483705+00:00,synthetic,synth_gen_GUESSING_REPEAT,synthetic,704,23,6000,87.3,0,0.1077,0.461,0,7,4,12374.677213835765,2,0,2,12,0,2,26,17,False,,synthetic,True,2,True
2026-09-17T13:56:41.483705+00:00,synthetic,synth_gen_GUESSING_REPEAT,synthetic,705,41,6747.5,66.5,0,0.5391,0,0,3,4,49295.71662033323,2,0,5,8,0,2,22,16,False,,synthetic,True,2,True
2026-09-17T13:56:41.483705+00:00,synthetic,synth_gen_GUESSING_REPEAT,synthetic,706,4,6000,111.2,0,0.2713,0.3354,0,15,1,85980.92855813763,2,0,1,4,0,2,60,57,False,,synthetic,True,2,True
2026-09-17T13:56:41.483705+00:00,synthetic,synth_gen_GUESSING_REPEAT,synthetic,707,6,6000,140.5,0,0.6061,0.0971,0,15,3,49976.11045607726,2,0,6,16,0,2,55,54,False,,synthetic,True,2,True
2026-09-17T13:56:41.483705+00:00,synthetic,synth_gen_GUESSING_REPEAT,synthetic,708,47,6919.5,65.6,0,1,0.4792,0,4,2,75841.00627126078,2,0,3,9,0,2,36,37,False,,synthetic,True,2,True
2026-09-17T13:56:41.483705+00:00,synthetic,synth_gen_GUESSING_REPEAT,synthetic,709,42,6000,163.8,0,0.2265,0.7555,0,8,5,25874.377719128384,2,0,5,15,0,2,37,46,False,,synthetic,True,2,True
2026-09-17T13:56:41.483705+00:00,synthetic,synth_gen_GUESSING_REPEAT,synthetic,710,34,6000,159.5,0,0.099,0.1852,0,6,1,70250.64639350477,2,0,6,16,0,2,41,45,False,,synthetic,True,2,True
2026-09-17T13:56:41.483705+00:00,synthetic,synth_gen_GUESSING_REPEAT,synthetic,711,16,6000,104.5,0,0.4763,0.1624,0,14,1,15423.990351418224,2,0,2,16,0,2,49,57,False,,synthetic,True,2,True
2026-09-17T13:56:41.483705+00:00,synthetic,synth_gen_GUESSING_REPEAT,synthetic,712,32,6000,62.0,0,1,0.3295,0,14,3,78722.36704038955,2,0,5,5,0,2,22,25,False,,synthetic,True,2,True
2026-09-17T13:56:41.483705+00:00,synthetic,synth_gen_GUESSING_REPEAT,synthetic,713,11,6000,115.4,0,0.7516,0.1423,0,4,4,4943.057155643183,2,0,6,14,0,2,27,19,False,,synthetic,True,2,True
2026-09-17T13:56:41.483705+00:00,synthetic,synth_gen_GUESSING_REPEAT,synthetic,714,13,6000,76.9,0,1,0.2301,0,14,1,41962.70518363381,2,0,5,0,0,2,7,4,False,,synthetic,True,2,True
2026-09-17T13:56:41.483705+00:00,synthetic,synth_gen_GUESSING_REPEAT,synthetic,715,29,6000,102.3,0,0.6243,0.2906,0,12,2,27704.826368033227,2,0,3,8,0,2,56,58,False,,synthetic,True,2,True
2026-09-17T13:56:41.483705+00:00,synthetic,synth_gen_GUESSING_REPEAT,synthetic,716,48,12314.2,152.9,0,0.5043,0.1415,0,11,2,72269.30992359291,2,0,4,17,0,2,6,15,False,,synthetic,True,2,True
2026-09-17T13:56:41.483705+00:00,synthetic,synth_gen_GUESSING_REPEAT,synthetic,717,32,6000,101.3,0,1,0.4186,0,7,4,80663.09953459584,2,0,5,9,0,2,2,12,False,,synthetic,True,2,True
2026-09-17T13:56:41.483705+00:00,synthetic,synth_gen_GUESSING_REPEAT,synthetic,718,22,6000,79.6,0,1,0.2746,0,2,1,27745.683643500746,2,0,4,4,0,2,6,2,False,,synthetic,True,2,True
2026-09-17T13:56:41.483705+00:00,synthetic,synth_gen_GUESSING_REPEAT,synthetic,719,21,6000,93.7,0,0,0.43,0,7,2,70696.0662645212,2,0,5,12,0,2,8,15,False,,synthetic,True,2,True
2026-09-17T13:56:41.483705+00:00,synthetic,synth_gen_GUESSING_REPEAT,synthetic,720,2,6000,177.9,0,0.6687,0.5481,0,15,2,42073.41945584748,2,0,3,19,0,2,55,57,False,,synthetic,True,2,True
2026-09-17T13:56:41.483705+00:00,synthetic,synth_gen_GUESSING_REPEAT,synthetic,721,38,6000,90.6,0,0.066,0.1514,0,15,3,74098.4275551516,2,0,2,12,0,2,25,23,False,,synthetic,True,2,True
2026-09-17T13:56:41.483705+00:00,synthetic,synth_gen_GUESSING_REPEAT,synthetic,722,7,6000,284.0,0,0.1516,0.4943,0,14,1,69925.0367678302,2,0,1,12,0,2,18,28,False,,synthetic,True,2,True
2026-09-17T13:56:41.483705+00:00,synthetic,synth_gen_GUESSING_REPEAT,synthetic,723,4,6000,69.6,0,0.9048,0,0,6,5,85342.71389025036,2,0,6,17,0,2,10,2,False,,synthetic,True,2,True
2026-09-17T13:56:41.483705+00:00,synthetic,synth_gen_GUESSING_REPEAT,synthetic,724,9,6000,140.5,0,0,0.3504,0,4,1,418.01830457620497,2,0,6,10,0,2,33,45,False,,synthetic,True,2,True
2026-09-17T13:56:41.483705+00:00,synthetic,synth_gen_GUESSING_REPEAT,synthetic,725,29,6000,168.7,0,0.7658,0,0,4,5,18631.730385719427,2,0,6,0,0,2,6,15,False,,synthetic,True,2,True
2026-09-17T13:56:41.483705+00:00,synthetic,synth_gen_GUESSING_REPEAT,synthetic,726,26,6000,148.5,0,0.6023,0.1908,0,10,1,20775.896265950872,2,0,5,12,0,2,57,53,False,,synthetic,True,2,True
2026-09-17T13:56:41.483705+00:00,synthetic,synth_gen_GUESSING_REPEAT,synthetic,727,38,6000,96.2,0,0.5085,0.1111,0,10,2,43427.76056931858,2,0,6,10,0,2,54,56,False,,synthetic,True,2,True
2026-09-17T13:56:41.483705+00:00,synthetic,synth_gen_GUESSING_REPEAT,synthetic,728,0,6895.0,90.0,0,0.8852,0,0,8,3,43050.34825830318,2,0,4,7,0,2,33,41,False,,synthetic,True,2,True
2026-09-17T13:56:41.483705+00:00,synthetic,synth_gen_GUESSING_REPEAT,synthetic,729,37,6000,113.5,0,0.7382,0.055,0,11,1,83079.825298255,2,0,6,1,0,2,58,52,False,,synthetic,True,2,True
2026-09-17T13:56:41.483705+00:00,synthetic,synth_gen_GUESSING_REPEAT,synthetic,730,8,11421.2,129.8,0,0.6817,0.125,0,6,1,16013.749769330663,2,0,3,8,0,2,46,45,False,,synthetic,True,2,True
2026-09-17T13:56:41.483705+00:00,synthetic,synth_gen_GUESSING_REPEAT,synthetic,731,35,6000,174.9,0,0.3858,0.4061,0,14,2,48415.20099977817,2,0,6,10,0,2,12,4,False,,synthetic,True,2,True
2026-09-17T13:56:41.483705+00:00,synthetic,synth_gen_GUESSING_REPEAT,synthetic,732,49,6000,88.3,0,0,0.3431,0,6,3,44251.25359579749,2,0,5,7,0,2,20,29,False,,synthetic,True,2,True
2026-09-17T13:56:41.483705+00:00,synthetic,synth_gen_GUESSING_REPEAT,synthetic,733,29,6000,199.1,0,0.5688,0.3753,0,5,1,67014.2124377467,2,0,2,19,0,2,20,26,False,,synthetic,True,2,True
2026-09-17T13:56:41.483705+00:00,synthetic,synth_gen_GUESSING_REPEAT,synthetic,734,17,6000,61.7,0,0.7412,0.2235,0,2,5,65247.65724647634,2,0,2,6,0,2,9,4,False,,synthetic,True,2,True
2026-09-17T13:56:41.483705+00:00,synthetic,synth_gen_GUESSING_REPEAT,synthetic,735,12,8202.3,66.3,0,0.1434,0.0258,0,2,5,69922.04260059682,2,0,6,17,0,2,41,45,False,,synthetic,True,2,True
2026-09-17T13:56:41.483705+00:00,synthetic,synth_gen_GUESSING_REPEAT,synthetic,736,7,6000,105.5,0,0.8696,0,0,2,4,68354.1604402259,2,0,2,3,0,2,60,58,False,,synthetic,True,2,True
2026-09-17T13:56:41.483705+00:00,synthetic,synth_gen_GUESSING_REPEAT,synthetic,737,36,6000,178.3,0,0.8669,0.1158,0,6,1,49750.493105361726,2,0,1,9,0,2,36,42,False,,synthetic,True,2,True
2026-09-17T13:56:41.483705+00:00,synthetic,synth_gen_GUESSING_REPEAT,synthetic,738,45,14000,180.6,0,0.3945,0.3071,0,10,1,78111.0514174763,2,0,1,6,0,2,4,5,False,,synthetic,True,2,True
2026-09-17T13:56:41.483705+00:00,synthetic,synth_gen_GUESSING_REPEAT,synthetic,739,21,6000,261.6,0,0.4268,0.4313,0,9,4,49994.794202037374,2,0,2,10,0,2,25,27,False,,synthetic,True,2,True
2026-09-17T13:56:41.483705+00:00,synthetic,synth_gen_GUESSING_REPEAT,synthetic,740,22,6000,113.9,0,0.3978,0.4101,0,15,1,78079.60455550815,2,0,6,3,0,2,42,47,False,,synthetic,True,2,True
2026-09-17T13:56:41.483705+00:00,synthetic,synth_gen_GUESSING_REPEAT,synthetic,741,46,6000,162.8,0,0.8936,0.466,0,2,5,31415.33048791037,2,0,2,11,0,2,28,26,False,,synthetic,True,2,True
2026-09-17T13:56:41.483705+00:00,synthetic,synth_gen_GUESSING_REPEAT,synthetic,742,11,6000,131.5,0,0.5366,0.6184,0,1,3,83903.47063396356,2,0,4,11,0,2,43,34,False,,synthetic,True,2,True
2026-09-17T13:56:41.483705+00:00,synthetic,synth_gen_GUESSING_REPEAT,synthetic,743,32,12870.3,134.0,0,0.0023,0.4418,0,5,4,57442.41399988963,2,0,1,2,0,2,32,41,False,,synthetic,True,2,True
2026-09-17T13:56:41.483705+00:00,synthetic,synth_gen_GUESSING_REPEAT,synthetic,744,38,6000,94.2,0,1,0.1451,0,5,5,33324.26578345236,2,0,1,20,0,2,44,40,False,,synthetic,True,2,True
2026-09-17T13:56:41.483705+00:00,synthetic,synth_gen_GUESSING_REPEAT,synthetic,745,16,6000,78.2,0,0.6582,0.5437,0,10,1,75755.83396573197,2,0,4,7,0,2,2,6,False,,synthetic,True,2,True
2026-09-17T13:56:41.483705+00:00,synthetic,synth_gen_GUESSING_REPEAT,synthetic,746,17,6000,99.2,0,0,0.513,0,9,1,35754.89355586499,2,0,1,4,0,2,23,30,False,,synthetic,True,2,True
2026-09-17T13:56:41.483705+00:00,synthetic,synth_gen_GUESSING_REPEAT,synthetic,747,21,6000,64.4,0,0.4581,0.0842,0,7,2,35533.02783049975,2,0,1,0,0,2,1,13,False,,synthetic,True,2,True
2026-09-17T13:56:41.483705+00:00,synthetic,synth_gen_GUESSING_REPEAT,synthetic,748,26,9857.5,125.6,0,0,0.1001,0,4,2,56502.59012263117,2,0,5,11,0,2,58,53,False,,synthetic,True,2,True
2026-09-17T13:56:41.483705+00:00,synthetic,synth_gen_GUESSING_REPEAT,synthetic,749,45,6000,180.8,0,0.7272,0.2258,0,7,4,28704.08326398828,2,0,2,9,0,2,8,0,False,,synthetic,True,2,True
2026-09-17T13:56:41.483705+00:00,synthetic,synth_gen_GUESSING_REPEAT,synthetic,750,15,6000,139.4,0,0,0.499,0,6,2,11028.668031964384,2,0,2,20,0,2,6,11,False,,synthetic,True,2,True
2026-09-17T13:56:41.483705+00:00,synthetic,synth_gen_GUESSING_REPEAT,synthetic,751,45,6000,167.6,0,0.0371,0,0,13,1,27670.005807647143,2,0,5,17,0,2,56,59,False,,synthetic,True,2,True
2026-09-17T13:56:41.483705+00:00,synthetic,synth_gen_GUESSING_REPEAT,synthetic,752,43,6000,81.9,0,0.6584,0,0,6,4,50457.21166725772,2,0,5,16,0,2,40,47,False,,synthetic,True,2,True
2026-09-17T13:56:41.483705+00:00,synthetic,synth_gen_GUESSING_REPEAT,synthetic,753,8,9052.0,71.7,0,0.0873,0.2666,0,13,2,74569.50615925745,2,0,3,0,0,2,26,28,False,,synthetic,True,2,True
2026-09-17T13:56:41.483705+00:00,synthetic,synth_gen_GUESSING_REPEAT,synthetic,754,23,6000,78.4,0,0.5686,0.1074,0,9,5,30096.456340297253,2,0,5,17,0,2,58,61,False,,synthetic,True,2,True
2026-09-17T13:56:41.483705+00:00,synthetic,synth_gen_GUESSING_REPEAT,synthetic,755,14,6000,39.2,0,0.4475,0.5113,0,2,4,84229.98792151088,2,0,6,8,0,2,39,41,False,,synthetic,True,2,True
2026-09-17T13:56:41.483705+00:00,synthetic,synth_gen_GUESSING_REPEAT,synthetic,756,18,6000,79.9,0,0.6189,0.866,0,7,2,38510.711927393466,2,0,3,18,0,2,54,48,False,,synthetic,True,2,True
2026-09-17T13:56:41.483705+00:00,synthetic,synth_gen_GUESSING_REPEAT,synthetic,757,5,6000,30,0,0.1835,0.5519,0,10,1,81107.94073037317,2,0,1,1,0,2,3,12,False,,synthetic,True,2,True
2026-09-17T13:56:41.483705+00:00,synthetic,synth_gen_GUESSING_REPEAT,synthetic,758,47,6000,159.9,0,0.4538,0.1774,0,5,4,25048.90749004012,2,0,2,7,0,2,61,57,False,,synthetic,True,2,True
2026-09-17T13:56:41.483705+00:00,synthetic,synth_gen_GUESSING_REPEAT,synthetic,759,47,6000,159.0,0,0.3075,0.1545,0,12,2,3405.0934828579743,2,0,5,14,0,2,22,25,False,,synthetic,True,2,True
2026-09-17T13:56:41.483705+00:00,synthetic,synth_gen_GUESSING_REPEAT,synthetic,760,0,14000,149.2,0,0.8307,0.1728,0,15,4,35610.58004578169,2,0,1,13,0,2,27,18,False,,synthetic,True,2,True
2026-09-17T13:56:41.483705+00:00,synthetic,synth_gen_GUESSING_REPEAT,synthetic,761,16,6000,48.3,0,0.5642,0.0898,0,9,4,58742.78597509186,2,0,1,10,0,2,33,46,False,,synthetic,True,2,True
2026-09-17T13:56:41.483705+00:00,synthetic,synth_gen_GUESSING_REPEAT,synthetic,762,45,6000,108.4,0,0.6006,0.2213,0,14,2,27394.941205065646,2,0,2,6,0,2,35,44,False,,synthetic,True,2,True
2026-09-17T13:56:41.483705+00:00,synthetic,synth_gen_GUESSING_REPEAT,synthetic,763,3,6000,61.2,0,0.1238,0.4399,0,10,3,22830.910481211737,2,0,6,6,0,2,3,4,False,,synthetic,True,2,True
2026-09-17T13:56:41.483705+00:00,synthetic,synth_gen_GUESSING_REPEAT,synthetic,764,4,6000,92.6,0,1,0,0,10,5,4340.691593907679,2,0,5,9,0,2,31,24,False,,synthetic,True,2,True
2026-09-17T13:56:41.483705+00:00,synthetic,synth_gen_GUESSING_REPEAT,synthetic,765,11,6290.7,189.5,0,0,0.5598,0,3,4,84397.03368064774,2,0,2,15,0,2,17,27,False,,synthetic,True,2,True
2026-09-17T13:56:41.483705+00:00,synthetic,synth_gen_GUESSING_REPEAT,synthetic,766,49,6000,104.8,0,0.7934,0.1129,0,15,2,67883.00315840491,2,0,6,0,0,2,4,14,False,,synthetic,True,2,True
2026-09-17T13:56:41.483705+00:00,synthetic,synth_gen_GUESSING_REPEAT,synthetic,767,26,6000,149.9,0,0.4981,0.6776,0,9,5,120.70390085569862,2,0,1,17,0,2,6,8,False,,synthetic,True,2,True
2026-09-17T13:56:41.483705+00:00,synthetic,synth_gen_GUESSING_REPEAT,synthetic,768,40,6000,100.0,0,0.3692,0.3749,0,7,1,3801.5969038317185,2,0,5,18,0,2,46,41,False,,synthetic,True,2,True
2026-09-17T13:56:41.483705+00:00,synthetic,synth_gen_GUESSING_REPEAT,synthetic,769,36,6000,140.2,0,0.5109,0.1561,0,9,5,52602.38991052292,2,0,6,14,0,2,8,5,False,,synthetic,True,2,True
2026-09-17T13:56:41.483705+00:00,synthetic,synth_gen_GUESSING_REPEAT,synthetic,770,15,6000,173.9,0,0.7917,0.5448,0,10,5,49574.7159895354,2,0,3,7,0,2,45,42,False,,synthetic,True,2,True
2026-09-17T13:56:41.483705+00:00,synthetic,synth_gen_GUESSING_REPEAT,synthetic,771,39,6000,271.8,0,0.2839,0.7848,0,4,1,42775.749235028314,2,0,4,5,0,2,57,50,False,,synthetic,True,2,True
2026-09-17T13:56:41.483705+00:00,synthetic,synth_gen_GUESSING_REPEAT,synthetic,772,7,6052.6,49.3,0,0.4636,0,0,2,1,79337.59062523268,2,0,2,13,0,2,61,49,False,,synthetic,True,2,True
2026-09-17T13:56:41.483705+00:00,synthetic,synth_gen_GUESSING_REPEAT,synthetic,773,0,6000,152.4,0,0.2615,0.4512,0,2,3,7969.926419772149,2,0,2,0,0,2,62,57,False,,synthetic,True,2,True
2026-09-17T13:56:41.483705+00:00,synthetic,synth_gen_GUESSING_REPEAT,synthetic,774,49,6000,91.8,0,1,0.1573,0,7,1,46779.937750932404,2,0,6,2,0,2,16,23,False,,synthetic,True,2,True
2026-09-17T13:56:41.483705+00:00,synthetic,synth_gen_GUESSING_REPEAT,synthetic,775,26,6000,192.4,0,0.1797,0.2996,0,2,2,67093.9559816397,2,0,2,1,0,2,26,23,False,,synthetic,True,2,True
2026-09-17T13:56:41.483705+00:00,synthetic,synth_gen_GUESSING_REPEAT,synthetic,776,42,6000,169.3,0,0.9361,0.2681,0,1,5,62089.74830817621,2,0,1,6,0,2,3,14,False,,synthetic,True,2,True
2026-09-17T13:56:41.483705+00:00,synthetic,synth_gen_GUESSING_REPEAT,synthetic,777,33,6000,78.1,0,0.3316,0.36,0,9,4,58036.44415997341,2,0,6,12,0,2,2,3,False,,synthetic,True,2,True
2026-09-17T13:56:41.483705+00:00,synthetic,synth_gen_GUESSING_REPEAT,synthetic,778,6,6000,116.3,0,0.6925,0.3475,0,2,4,56603.743272880805,2,0,2,12,0,2,48,54,False,,synthetic,True,2,True
2026-09-17T13:56:41.483705+00:00,synthetic,synth_gen_GUESSING_REPEAT,synthetic,779,3,6000,76.4,0,0.6427,0.788,0,2,2,71930.59929391592,2,0,3,14,0,2,34,46,False,,synthetic,True,2,True
2026-09-17T13:56:41.483705+00:00,synthetic,synth_gen_GUESSING_REPEAT,synthetic,780,24,6000,129.2,0,0,0.3743,0,14,5,60426.080370978525,2,0,2,16,0,2,30,16,False,,synthetic,True,2,True
2026-09-17T13:56:41.483705+00:00,synthetic,synth_gen_GUESSING_REPEAT,synthetic,781,8,10127.6,42.9,0,0.4027,0.6169,0,7,2,2820.8318100157303,2,0,5,17,0,2,56,50,False,,synthetic,True,2,True
2026-09-17T13:56:41.483705+00:00,synthetic,synth_gen_GUESSING_REPEAT,synthetic,782,25,6000,88.7,0,0.4395,0.1442,0,8,3,64968.71802296053,2,0,3,7,0,2,16,22,False,,synthetic,True,2,True
2026-09-17T13:56:41.483705+00:00,synthetic,synth_gen_GUESSING_REPEAT,synthetic,783,0,6000,80.9,0,0.63,0.073,0,4,2,24092.110726417937,2,0,5,1,0,2,41,33,False,,synthetic,True,2,True
2026-09-17T13:56:41.483705+00:00,synthetic,synth_gen_GUESSING_REPEAT,synthetic,784,5,6000,130.8,0,0.5725,0.5681,0,8,5,55798.774371007574,2,0,6,17,0,2,12,3,False,,synthetic,True,2,True
2026-09-17T13:56:41.483705+00:00,synthetic,synth_gen_GUESSING_REPEAT,synthetic,785,45,6000,133.0,0,0,0.1875,0,5,1,67929.55014091588,2,0,3,6,0,2,14,10,False,,synthetic,True,2,True
2026-09-17T13:56:41.483705+00:00,synthetic,synth_gen_HESITANT_HINT,synthetic,786,38,2593.6,58.7,1,0.8861,0.3537,0,1,2,75265.74345884395,1,0,2,16,1,1,26,31,False,,synthetic,True,2,True
2026-09-17T13:56:41.483705+00:00,synthetic,synth_gen_HESITANT_HINT,synthetic,787,16,1814.3,31.2,1,0.3235,0.0506,2,9,4,18013.437100997886,1,0,5,11,1,1,52,63,False,,synthetic,True,2,True
2026-09-17T13:56:41.483705+00:00,synthetic,synth_gen_HESITANT_HINT,synthetic,788,18,2356.0,87.8,1,0,0,0,3,3,28259.59999172903,1,0,5,19,1,1,46,42,False,,synthetic,True,2,True
2026-09-17T13:56:41.483705+00:00,synthetic,synth_gen_HESITANT_HINT,synthetic,789,11,838.9,97.0,1,0,0.7062,2,4,4,67099.78775411572,1,0,4,0,1,1,27,24,False,,synthetic,True,2,True
2026-09-17T13:56:41.483705+00:00,synthetic,synth_gen_HESITANT_HINT,synthetic,790,26,578.3,81.7,1,0.6694,0.3788,2,4,1,14206.449670677686,1,0,2,11,1,1,46,45,False,,synthetic,True,2,True
2026-09-17T13:56:41.483705+00:00,synthetic,synth_gen_HESITANT_HINT,synthetic,791,4,2132.6,82.9,1,0.8679,0.5542,1,12,2,54211.67504740057,1,0,2,1,1,1,59,53,False,,synthetic,True,2,True
2026-09-17T13:56:41.483705+00:00,synthetic,synth_gen_HESITANT_HINT,synthetic,792,38,1016.4,102.2,1,0.6192,0.0938,1,6,4,33045.00199881989,1,0,1,3,1,1,41,32,False,,synthetic,True,2,True
2026-09-17T13:56:41.483705+00:00,synthetic,synth_gen_HESITANT_HINT,synthetic,793,46,698.1,67.5,1,0.8041,0,0,9,5,75290.11819719018,1,0,1,3,1,1,34,39,False,,synthetic,True,2,True
2026-09-17T13:56:41.483705+00:00,synthetic,synth_gen_HESITANT_HINT,synthetic,794,28,1550.2,107.8,1,0.1416,0.1825,2,13,3,64741.78357820005,1,0,1,6,1,1,60,61,False,,synthetic,True,2,True
2026-09-17T13:56:41.483705+00:00,synthetic,synth_gen_HESITANT_HINT,synthetic,795,29,2917.3,154.3,1,0.5455,0.4553,2,6,1,30824.716460417607,1,0,5,7,1,1,59,49,False,,synthetic,True,2,True
2026-09-17T13:56:41.483705+00:00,synthetic,synth_gen_HESITANT_HINT,synthetic,796,45,2138.8,153.9,1,0.2157,0.3621,2,15,4,34956.125282147914,1,0,4,5,1,1,46,45,False,,synthetic,True,2,True
2026-09-17T13:56:41.483705+00:00,synthetic,synth_gen_HESITANT_HINT,synthetic,797,6,3734.7,68.3,1,0.1754,0.143,2,13,3,20307.363481740394,1,0,5,12,1,1,56,61,False,,synthetic,True,2,True
2026-09-17T13:56:41.483705+00:00,synthetic,synth_gen_HESITANT_HINT,synthetic,798,23,3142.1,65.0,1,0.6342,0.5176,0,2,2,66629.50141704349,1,0,1,15,1,1,41,33,False,,synthetic,True,2,True
2026-09-17T13:56:41.483705+00:00,synthetic,synth_gen_HESITANT_HINT,synthetic,799,19,672.9,167.6,1,1,0.009,0,12,5,66706.55437598049,1,0,4,17,1,1,1,8,False,,synthetic,True,2,True
2026-09-17T13:56:41.483705+00:00,synthetic,synth_gen_HESITANT_HINT,synthetic,800,10,1265.9,188.3,1,0.4209,0.6565,1,8,1,28862.865470410503,1,0,5,5,1,1,1,7,False,,synthetic,True,2,True
2026-09-17T13:56:41.483705+00:00,synthetic,synth_gen_HESITANT_HINT,synthetic,801,43,1005.0,147.2,1,0.3074,0.3,1,5,4,39727.591878496954,1,0,1,17,1,1,10,15,False,,synthetic,True,2,True
2026-09-17T13:56:41.483705+00:00,synthetic,synth_gen_HESITANT_HINT,synthetic,802,46,2992.2,30.5,1,0,0.2185,2,5,4,32964.24629861101,1,0,3,1,1,1,38,41,False,,synthetic,True,2,True
2026-09-17T13:56:41.483705+00:00,synthetic,synth_gen_HESITANT_HINT,synthetic,803,47,2313.7,104.6,1,0.5546,0.0339,0,5,3,86122.15224478497,1,0,2,3,1,1,9,6,False,,synthetic,True,2,True
2026-09-17T13:56:41.483705+00:00,synthetic,synth_gen_HESITANT_HINT,synthetic,804,7,3109.6,95.1,1,0,0,0,9,3,27004.36348608235,1,0,4,9,1,1,22,20,False,,synthetic,True,2,True
2026-09-17T13:56:41.483705+00:00,synthetic,synth_gen_HESITANT_HINT,synthetic,805,29,4441.8,187.6,1,0.2506,0.5465,1,12,4,2093.54324300548,1,0,1,12,1,1,14,12,False,,synthetic,True,2,True
2026-09-17T13:56:41.483705+00:00,synthetic,synth_gen_HESITANT_HINT,synthetic,806,38,4494.9,213.5,1,0.4803,0.1038,2,12,4,72255.85441414005,1,0,2,19,1,1,3,4,False,,synthetic,True,2,True
2026-09-17T13:56:41.483705+00:00,synthetic,synth_gen_HESITANT_HINT,synthetic,807,17,2570.3,198.5,1,0.6747,0.4532,2,6,2,42718.30212601258,1,0,4,2,1,1,5,15,False,,synthetic,True,2,True
2026-09-17T13:56:41.483705+00:00,synthetic,synth_gen_HESITANT_HINT,synthetic,808,20,1293.9,55.4,1,0.6716,0.3303,0,4,2,10675.080805596686,1,0,5,11,1,1,41,33,False,,synthetic,True,2,True
2026-09-17T13:56:41.483705+00:00,synthetic,synth_gen_HESITANT_HINT,synthetic,809,0,1092.5,64.3,1,0.8648,0,1,2,1,10673.498454897062,1,0,4,3,1,1,22,29,False,,synthetic,True,2,True
2026-09-17T13:56:41.483705+00:00,synthetic,synth_gen_HESITANT_HINT,synthetic,810,3,4617.8,301.0,1,0.5367,0.1593,1,9,5,59166.746208707904,1,0,5,15,1,1,8,7,False,,synthetic,True,2,True
2026-09-17T13:56:41.483705+00:00,synthetic,synth_gen_HESITANT_HINT,synthetic,811,10,812.9,132.1,1,0,0.2393,1,13,1,29157.160838184234,1,0,4,9,1,1,56,59,False,,synthetic,True,2,True
2026-09-17T13:56:41.483705+00:00,synthetic,synth_gen_HESITANT_HINT,synthetic,812,2,2726.7,91.1,1,1,0,1,15,5,57944.21535901149,1,0,5,12,1,1,45,36,False,,synthetic,True,2,True
2026-09-17T13:56:41.483705+00:00,synthetic,synth_gen_HESITANT_HINT,synthetic,813,11,893.1,98.0,1,0.8286,0.4306,0,4,3,44938.33216897381,1,0,4,7,1,1,11,7,False,,synthetic,True,2,True
2026-09-17T13:56:41.483705+00:00,synthetic,synth_gen_HESITANT_HINT,synthetic,814,47,853.3,84.8,1,0.4036,0.1702,0,1,1,37208.985127385466,1,0,3,6,1,1,16,25,False,,synthetic,True,2,True
2026-09-17T13:56:41.483705+00:00,synthetic,synth_gen_HESITANT_HINT,synthetic,815,16,1656.1,140.1,1,0.8672,0.3406,0,12,4,15615.015548596399,1,0,3,12,1,1,16,26,False,,synthetic,True,2,True
2026-09-17T13:56:41.483705+00:00,synthetic,synth_gen_HESITANT_HINT,synthetic,816,25,1862.8,50.8,1,0.5241,0.6539,1,9,5,65600.95659871519,1,0,1,17,1,1,9,4,False,,synthetic,True,2,True
2026-09-17T13:56:41.483705+00:00,synthetic,synth_gen_HESITANT_HINT,synthetic,817,23,1566.9,126.9,1,0.3994,0.1635,0,9,1,40187.037587878505,1,0,1,13,1,1,29,18,False,,synthetic,True,2,True
2026-09-17T13:56:41.483705+00:00,synthetic,synth_gen_HESITANT_HINT,synthetic,818,8,2857.4,146.6,1,0.5753,0.5776,1,11,4,41066.15056529532,1,0,1,7,1,1,27,25,False,,synthetic,True,2,True
2026-09-17T13:56:41.483705+00:00,synthetic,synth_gen_HESITANT_HINT,synthetic,819,32,2425.7,54.1,1,0.5728,0.3984,1,14,3,74528.17644559697,1,0,3,10,1,1,25,19,False,,synthetic,True,2,True
2026-09-17T13:56:41.483705+00:00,synthetic,synth_gen_HESITANT_HINT,synthetic,820,39,1036.6,253.0,1,0.789,0.8744,0,8,1,85069.29639450503,1,0,1,9,1,1,10,6,False,,synthetic,True,2,True
2026-09-17T13:56:41.483705+00:00,synthetic,synth_gen_HESITANT_HINT,synthetic,821,16,829.7,34.8,1,0.6778,0.2979,2,11,5,20605.723979102546,1,0,5,7,1,1,28,20,False,,synthetic,True,2,True
2026-09-17T13:56:41.483705+00:00,synthetic,synth_gen_HESITANT_HINT,synthetic,822,43,2046.6,147.6,1,0.6177,0,1,2,1,67037.74332472535,1,0,5,10,1,1,22,25,False,,synthetic,True,2,True
2026-09-17T13:56:41.483705+00:00,synthetic,synth_gen_HESITANT_HINT,synthetic,823,7,2507.9,170.5,1,0,0.3634,0,5,3,7466.590464782093,1,0,4,1,1,1,19,24,False,,synthetic,True,2,True
2026-09-17T13:56:41.483705+00:00,synthetic,synth_gen_HESITANT_HINT,synthetic,824,47,1248.9,256.2,1,0,0.1044,0,12,1,53395.419777884796,1,0,1,20,1,1,11,14,False,,synthetic,True,2,True
2026-09-17T13:56:41.483705+00:00,synthetic,synth_gen_HESITANT_HINT,synthetic,825,26,626.0,54.9,1,1,0,1,14,2,1286.8497270580601,1,0,1,19,1,1,30,22,False,,synthetic,True,2,True
2026-09-17T13:56:41.483705+00:00,synthetic,synth_gen_HESITANT_HINT,synthetic,826,21,1681.4,183.4,1,0.6008,0.3203,0,2,3,59541.73812670488,1,0,3,2,1,1,55,60,False,,synthetic,True,2,True
2026-09-17T13:56:41.483705+00:00,synthetic,synth_gen_HESITANT_HINT,synthetic,827,26,2992.2,80.0,1,0.8176,0.2285,1,1,4,57931.40716873147,1,0,3,8,1,1,24,31,False,,synthetic,True,2,True
2026-09-17T13:56:41.483705+00:00,synthetic,synth_gen_HESITANT_HINT,synthetic,828,32,656.5,127.2,1,0,0.6345,1,10,1,16999.63500384255,1,0,3,6,1,1,17,28,False,,synthetic,True,2,True
2026-09-17T13:56:41.483705+00:00,synthetic,synth_gen_HESITANT_HINT,synthetic,829,23,589.3,146.9,1,0.1141,0.4244,0,14,5,11697.278290744509,1,0,5,10,1,1,37,36,False,,synthetic,True,2,True
2026-09-17T13:56:41.483705+00:00,synthetic,synth_gen_HESITANT_HINT,synthetic,830,30,587.8,97.5,1,0.4465,0.2469,2,9,2,23595.063971945317,1,0,1,17,1,1,61,63,False,,synthetic,True,2,True
2026-09-17T13:56:41.483705+00:00,synthetic,synth_gen_HESITANT_HINT,synthetic,831,8,3001.0,214.9,1,0.3734,0,1,10,1,8167.427129430581,1,0,4,19,1,1,40,46,False,,synthetic,True,2,True
2026-09-17T13:56:41.483705+00:00,synthetic,synth_gen_HESITANT_HINT,synthetic,832,22,1049.9,149.9,1,0,0.3019,0,5,2,75291.33650739084,1,0,3,19,1,1,47,36,False,,synthetic,True,2,True
2026-09-17T13:56:41.483705+00:00,synthetic,synth_gen_HESITANT_HINT,synthetic,833,29,2466.8,131.7,1,0,0.4862,1,14,5,46094.64654610716,1,0,1,6,1,1,33,38,False,,synthetic,True,2,True
2026-09-17T13:56:41.483705+00:00,synthetic,synth_gen_HESITANT_HINT,synthetic,834,18,1996.7,59.9,1,1,0.1169,2,13,5,76699.87009672947,1,0,1,9,1,1,22,17,False,,synthetic,True,2,True
2026-09-17T13:56:41.483705+00:00,synthetic,synth_gen_HESITANT_HINT,synthetic,835,0,3282.2,74.4,1,0.8446,0.4737,1,11,2,46468.60407892244,1,0,2,18,1,1,46,42,False,,synthetic,True,2,True
2026-09-17T13:56:41.483705+00:00,synthetic,synth_gen_HESITANT_HINT,synthetic,836,42,2729.1,62.8,1,0,0.2302,1,5,1,77953.08803809543,1,0,1,17,1,1,36,46,False,,synthetic,True,2,True
2026-09-17T13:56:41.483705+00:00,synthetic,synth_gen_HESITANT_HINT,synthetic,837,17,5796.1,192.4,1,0.8917,0.3254,2,14,4,66420.52169755877,1,0,2,8,1,1,59,57,False,,synthetic,True,2,True
2026-09-17T13:56:41.483705+00:00,synthetic,synth_gen_HESITANT_HINT,synthetic,838,5,1822.6,245.9,1,0,0,1,2,1,160.3868815434186,1,0,5,14,1,1,63,58,False,,synthetic,True,2,True
2026-09-17T13:56:41.483705+00:00,synthetic,synth_gen_HESITANT_HINT,synthetic,839,42,2191.3,66.4,1,0.2827,0.601,2,5,4,38756.38110479641,1,0,2,18,1,1,59,60,False,,synthetic,True,2,True
2026-09-17T13:56:41.483705+00:00,synthetic,synth_gen_HESITANT_HINT,synthetic,840,48,695.2,112.6,1,0.1263,0.7741,1,15,1,83196.3864787204,1,0,3,15,1,1,36,37,False,,synthetic,True,2,True
2026-09-17T13:56:41.483705+00:00,synthetic,synth_gen_HESITANT_HINT,synthetic,841,9,640.6,113.8,1,0.4239,0.2297,0,11,3,17016.053549290362,1,0,3,19,1,1,2,0,False,,synthetic,True,2,True
2026-09-17T13:56:41.483705+00:00,synthetic,synth_gen_HESITANT_HINT,synthetic,842,21,3217.7,102.4,1,0.8927,0.4514,1,12,5,38033.88905558104,1,0,2,20,1,1,18,25,False,,synthetic,True,2,True
2026-09-17T13:56:41.483705+00:00,synthetic,synth_gen_HESITANT_HINT,synthetic,843,25,1840.9,82.0,1,0.4294,0.392,0,15,5,46992.97589062915,1,0,2,1,1,1,12,8,False,,synthetic,True,2,True
2026-09-17T13:56:41.483705+00:00,synthetic,synth_gen_HESITANT_HINT,synthetic,844,28,816.1,136.9,1,0.5005,0.2613,2,11,2,12759.722930448745,1,0,2,2,1,1,49,55,False,,synthetic,True,2,True
2026-09-17T13:56:41.483705+00:00,synthetic,synth_gen_HESITANT_HINT,synthetic,845,43,3975.6,91.3,1,1,0.2897,2,3,3,73232.86446076738,1,0,5,11,1,1,40,46,False,,synthetic,True,2,True
2026-09-17T13:56:41.483705+00:00,synthetic,synth_gen_HESITANT_HINT,synthetic,846,23,1336.4,46.5,1,0.3322,0.3339,0,14,1,66034.65069473682,1,0,3,6,1,1,49,52,False,,synthetic,True,2,True
2026-09-17T13:56:41.483705+00:00,synthetic,synth_gen_HESITANT_HINT,synthetic,847,41,3167.7,79.4,1,0.451,0.3257,0,15,1,61499.190950405675,1,0,4,7,1,1,41,39,False,,synthetic,True,2,True
2026-09-17T13:56:41.483705+00:00,synthetic,synth_gen_HESITANT_HINT,synthetic,848,0,3393.0,66.5,1,1,0.381,1,11,1,29703.003715093968,1,0,1,13,1,1,5,10,False,,synthetic,True,2,True
2026-09-17T13:56:41.483705+00:00,synthetic,synth_gen_HESITANT_HINT,synthetic,849,45,642.4,85.7,1,0.4924,0.6794,1,14,1,36726.849499033495,1,0,5,11,1,1,22,29,False,,synthetic,True,2,True
2026-09-17T13:56:41.483705+00:00,synthetic,synth_gen_HESITANT_HINT,synthetic,850,16,1005.8,112.1,1,1,0,0,15,1,43549.48666849276,1,0,1,5,1,1,47,40,False,,synthetic,True,2,True
2026-09-17T13:56:41.483705+00:00,synthetic,synth_gen_HESITANT_HINT,synthetic,851,11,1075.1,63.0,1,0,0.1192,0,14,2,62994.30337454283,1,0,4,19,1,1,48,55,False,,synthetic,True,2,True
2026-09-17T13:56:41.483705+00:00,synthetic,synth_gen_HESITANT_HINT,synthetic,852,0,1092.1,167.9,1,0.0228,0.2261,1,9,4,29090.97187996865,1,0,1,19,1,1,39,46,False,,synthetic,True,2,True
2026-09-17T13:56:41.483705+00:00,synthetic,synth_gen_HESITANT_HINT,synthetic,853,32,2671.3,127.8,1,0,0.1654,0,5,1,57754.04653840426,1,0,5,7,1,1,14,5,False,,synthetic,True,2,True
2026-09-17T13:56:41.483705+00:00,synthetic,synth_gen_HESITANT_HINT,synthetic,854,25,740.8,128.9,1,0.7397,0.0537,1,12,2,13526.569448982664,1,0,3,19,1,1,42,32,False,,synthetic,True,2,True
2026-09-17T13:56:41.483705+00:00,synthetic,synth_gen_HESITANT_HINT,synthetic,855,23,1050.4,199.4,1,0.4617,0.0946,0,12,4,15286.036361516379,1,0,4,4,1,1,25,21,False,,synthetic,True,2,True
2026-09-17T13:56:41.483705+00:00,synthetic,synth_gen_HESITANT_HINT,synthetic,856,12,4662.9,100.9,1,0.5669,0.4651,2,11,3,7896.515143583723,1,0,5,4,1,1,38,33,False,,synthetic,True,2,True
2026-09-17T13:56:41.483705+00:00,synthetic,synth_gen_HESITANT_HINT,synthetic,857,1,5999,35.0,1,0.1894,0.3242,2,11,5,54203.172680792,1,0,2,11,1,1,8,15,False,,synthetic,True,2,True
2026-09-17T13:56:41.483705+00:00,synthetic,synth_gen_HESITANT_HINT,synthetic,858,23,1006.1,237.9,1,0,0.3056,2,7,2,38204.35921787324,1,0,1,5,1,1,60,54,False,,synthetic,True,2,True
2026-09-17T13:56:41.483705+00:00,synthetic,synth_gen_HESITANT_HINT,synthetic,859,32,1890.4,103.1,1,0.6252,0,1,14,1,53873.47872224055,1,0,4,6,1,1,61,50,False,,synthetic,True,2,True
2026-09-17T13:56:41.483705+00:00,synthetic,synth_gen_HESITANT_HINT,synthetic,860,45,1005.0,75.0,1,0.4128,0.1956,2,3,1,24958.44631524571,1,0,5,12,1,1,27,28,False,,synthetic,True,2,True
2026-09-17T13:56:41.483705+00:00,synthetic,synth_gen_HESITANT_HINT,synthetic,861,14,1463.3,103.7,1,0.1235,0.5764,0,5,3,6258.807780732361,1,0,5,8,1,1,57,48,False,,synthetic,True,2,True
2026-09-17T13:56:41.483705+00:00,synthetic,synth_gen_HESITANT_HINT,synthetic,862,7,1728.9,124.8,1,0.3137,0.6309,0,3,5,66252.46044105425,1,0,3,10,1,1,63,60,False,,synthetic,True,2,True
2026-09-17T13:56:41.483705+00:00,synthetic,synth_gen_HESITANT_HINT,synthetic,863,35,5360.4,97.3,1,0.6697,0.3144,1,2,5,68565.03050993243,1,0,1,16,1,1,39,36,False,,synthetic,True,2,True
2026-09-17T13:56:41.483705+00:00,synthetic,synth_gen_HESITANT_HINT,synthetic,864,24,4104.8,151.7,1,0.3071,0.1742,2,4,5,36012.32369557911,1,0,5,20,1,1,11,4,False,,synthetic,True,2,True
2026-09-17T13:56:41.483705+00:00,synthetic,synth_gen_HESITANT_HINT,synthetic,865,32,1411.8,32.9,1,0.6871,0,0,6,3,73666.83997974126,1,0,5,14,1,1,4,1,False,,synthetic,True,2,True
2026-09-17T13:56:41.483705+00:00,synthetic,synth_gen_HESITANT_HINT,synthetic,866,34,2190.6,54.4,1,0,0.1381,1,10,3,7003.906707374454,1,0,4,17,1,1,25,24,False,,synthetic,True,2,True
2026-09-17T13:56:41.483705+00:00,synthetic,synth_gen_HESITANT_HINT,synthetic,867,8,1025.8,61.2,1,0.8044,0.399,2,3,5,81373.68945802329,1,0,4,12,1,1,50,63,False,,synthetic,True,2,True
2026-09-17T13:56:41.483705+00:00,synthetic,synth_gen_HESITANT_HINT,synthetic,868,1,5999,149.5,1,0,0.5035,2,12,3,54182.12404807658,1,0,4,0,1,1,12,9,False,,synthetic,True,2,True
2026-09-17T13:56:41.483705+00:00,synthetic,synth_gen_HESITANT_HINT,synthetic,869,3,1376.7,171.7,1,0,0.4828,1,1,3,84003.76051914116,1,0,1,12,1,1,38,46,False,,synthetic,True,2,True
2026-09-17T13:56:41.483705+00:00,synthetic,synth_gen_HESITANT_HINT,synthetic,870,3,4083.8,69.7,1,0.8349,0.3784,2,1,5,71071.31203592994,1,0,2,10,1,1,46,36,False,,synthetic,True,2,True
2026-09-17T13:56:41.483705+00:00,synthetic,synth_gen_HESITANT_HINT,synthetic,871,46,4547.8,136.4,1,0.1737,0.1415,2,1,3,71837.3876360463,1,0,4,6,1,1,5,0,False,,synthetic,True,2,True
2026-09-17T13:56:41.483705+00:00,synthetic,synth_gen_HESITANT_HINT,synthetic,872,3,4286.6,311.5,1,0.9113,0.6238,1,12,3,10262.930908403907,1,0,5,11,1,1,33,44,False,,synthetic,True,2,True
2026-09-17T13:56:41.483705+00:00,synthetic,synth_gen_HESITANT_HINT,synthetic,873,15,1234.2,84.3,1,0.3741,0,2,13,1,78131.10018338313,1,0,5,1,1,1,42,47,False,,synthetic,True,2,True
2026-09-17T13:56:41.483705+00:00,synthetic,synth_gen_HESITANT_HINT,synthetic,874,37,1463.3,41.6,1,0.3693,0.0306,1,4,1,52264.41790150478,1,0,2,2,1,1,26,24,False,,synthetic,True,2,True
2026-09-17T13:56:41.483705+00:00,synthetic,synth_gen_HESITANT_HINT,synthetic,875,37,2316.0,474.3,1,0.9376,0.1279,1,15,2,5850.443592351939,1,0,1,1,1,1,41,40,False,,synthetic,True,2,True
2026-09-17T13:56:41.483705+00:00,synthetic,synth_gen_HESITANT_HINT,synthetic,876,41,1547.2,68.2,1,0.183,0.4133,2,13,4,37110.4089568745,1,0,2,12,1,1,1,15,False,,synthetic,True,2,True
2026-09-17T13:56:41.483705+00:00,synthetic,synth_gen_HESITANT_HINT,synthetic,877,1,1404.8,58.6,1,0.3013,0.5342,1,12,3,71507.36803929384,1,0,2,19,1,1,37,36,False,,synthetic,True,2,True
2026-09-17T13:56:41.483705+00:00,synthetic,synth_gen_HESITANT_HINT,synthetic,878,48,5522.5,60.7,1,1,0.1683,1,1,4,82906.4694562996,1,0,1,19,1,1,15,2,False,,synthetic,True,2,True
2026-09-17T13:56:41.483705+00:00,synthetic,synth_gen_HESITANT_HINT,synthetic,879,23,1162.7,87.7,1,1,0.3349,1,5,3,446.01260373438197,1,0,4,19,1,1,31,18,False,,synthetic,True,2,True
2026-09-17T13:56:41.483705+00:00,synthetic,synth_gen_HESITANT_HINT,synthetic,880,22,939.3,86.6,1,0.8797,0.4606,2,14,4,70826.72234144025,1,0,1,3,1,1,42,38,False,,synthetic,True,2,True
2026-09-17T13:56:41.483705+00:00,synthetic,synth_gen_HESITANT_HINT,synthetic,881,16,2228.3,93.7,1,0.825,0.3069,2,12,5,29002.98851057151,1,0,4,20,1,1,46,37,False,,synthetic,True,2,True
2026-09-17T13:56:41.483705+00:00,synthetic,synth_gen_HESITANT_HINT,synthetic,882,5,4529.9,77.8,1,0.7054,0.6177,1,6,1,22723.349040392062,1,0,3,7,1,1,6,13,False,,synthetic,True,2,True
2026-09-17T13:56:41.483705+00:00,synthetic,synth_gen_HESITANT_HINT,synthetic,883,45,1958.1,47.7,1,0.6293,0.5632,0,15,2,84282.02155366958,1,0,1,2,1,1,1,13,False,,synthetic,True,2,True
2026-09-17T13:56:41.483705+00:00,synthetic,synth_gen_HESITANT_HINT,synthetic,884,18,2284.7,64.6,1,0,0.1651,2,12,3,15066.874157086471,1,0,2,20,1,1,59,48,False,,synthetic,True,2,True
2026-09-17T13:56:41.483705+00:00,synthetic,synth_gen_HESITANT_HINT,synthetic,885,7,4160.8,85.3,1,0.1959,0.2513,1,2,4,85293.5480519846,1,0,3,15,1,1,31,22,False,,synthetic,True,2,True
2026-09-17T13:56:41.483705+00:00,synthetic,synth_gen_HESITANT_HINT,synthetic,886,2,1009.5,100.2,1,0.191,0.2401,2,1,5,80061.98501165508,1,0,4,12,1,1,31,28,False,,synthetic,True,2,True
2026-09-17T13:56:41.483705+00:00,synthetic,synth_gen_HESITANT_HINT,synthetic,887,2,1379.6,89.0,1,0.979,0,1,7,2,31381.02714858692,1,0,2,19,1,1,49,54,False,,synthetic,True,2,True
2026-09-17T13:56:41.483705+00:00,synthetic,synth_gen_HESITANT_HINT,synthetic,888,3,2591.7,30,1,0.036,0.2803,1,10,2,24580.117779611828,1,0,4,18,1,1,58,48,False,,synthetic,True,2,True
2026-09-17T13:56:41.483705+00:00,synthetic,synth_gen_HESITANT_HINT,synthetic,889,34,1011.6,75.8,1,0.2257,0.413,0,9,5,27225.15635567043,1,0,4,7,1,1,45,47,False,,synthetic,True,2,True
2026-09-17T13:56:41.483705+00:00,synthetic,synth_gen_HESITANT_HINT,synthetic,890,48,4364.7,104.4,1,0.2883,0.5209,1,6,3,3315.2286171512037,1,0,5,4,1,1,43,34,False,,synthetic,True,2,True
2026-09-17T13:56:41.483705+00:00,synthetic,synth_gen_HESITANT_HINT,synthetic,891,26,3434.8,232.2,1,0,0,2,2,1,5846.469756389349,1,0,2,13,1,1,16,31,False,,synthetic,True,2,True
2026-09-17T13:56:41.483705+00:00,synthetic,synth_gen_HESITANT_HINT,synthetic,892,11,4051.4,160.9,1,0.8033,0.3935,0,1,3,16760.538002501144,1,0,3,15,1,1,20,16,False,,synthetic,True,2,True
2026-09-17T13:56:41.483705+00:00,synthetic,synth_gen_HESITANT_HINT,synthetic,893,17,500,216.4,1,0.6065,0.4015,0,3,3,34532.08076680417,1,0,4,20,1,1,31,29,False,,synthetic,True,2,True
2026-09-17T13:56:41.483705+00:00,synthetic,synth_gen_HESITANT_HINT,synthetic,894,35,3872.0,84.5,1,0.0372,0,0,10,5,47490.956617513446,1,0,4,4,1,1,7,2,False,,synthetic,True,2,True
2026-09-17T13:56:41.483705+00:00,synthetic,synth_gen_HESITANT_HINT,synthetic,895,40,1176.3,55.9,1,0,0.4964,2,13,4,33838.087232585654,1,0,1,16,1,1,25,29,False,,synthetic,True,2,True
2026-09-17T13:56:41.483705+00:00,synthetic,synth_gen_HESITANT_HINT,synthetic,896,5,1075.0,200.3,1,0.054,0.2432,1,15,1,56317.51676952679,1,0,3,12,1,1,21,20,False,,synthetic,True,2,True
2026-09-17T13:56:41.483705+00:00,synthetic,synth_gen_HESITANT_HINT,synthetic,897,7,1184.3,179.0,1,0.7881,1,1,1,5,7597.282017289727,1,0,1,2,1,1,44,35,False,,synthetic,True,2,True
2026-09-17T13:56:41.483705+00:00,synthetic,synth_gen_HESITANT_HINT,synthetic,898,25,1910.6,201.7,1,1,0.4518,0,14,4,29223.354695250426,1,0,3,17,1,1,27,18,False,,synthetic,True,2,True
2026-09-17T13:56:41.483705+00:00,synthetic,synth_gen_HESITANT_HINT,synthetic,899,8,758.1,64.4,1,0.7948,0,2,15,2,65574.68801874209,1,0,3,4,1,1,60,55,False,,synthetic,True,2,True
2026-09-17T13:56:41.483705+00:00,synthetic,synth_gen_HESITANT_HINT,synthetic,900,22,1401.1,110.6,1,0.0983,0.3117,2,15,5,53075.00736990199,1,0,4,8,1,1,7,9,False,,synthetic,True,2,True
2026-09-17T13:56:41.483705+00:00,synthetic,synth_gen_HESITANT_HINT,synthetic,901,0,946.0,122.0,1,0.9561,0.5485,0,2,4,53643.23814405052,1,0,1,6,1,1,13,1,False,,synthetic,True,2,True
2026-09-17T13:56:41.483705+00:00,synthetic,synth_gen_HESITANT_HINT,synthetic,902,13,1380.9,113.6,1,0.8053,0.0658,0,10,1,34003.30254307684,1,0,3,16,1,1,34,45,False,,synthetic,True,2,True
2026-09-17T13:56:41.483705+00:00,synthetic,synth_gen_HESITANT_HINT,synthetic,903,8,3255.9,141.9,1,0.9909,0.154,1,15,3,64127.40451769345,1,0,1,7,1,1,2,14,False,,synthetic,True,2,True
2026-09-17T13:56:41.483705+00:00,synthetic,synth_gen_HESITANT_HINT,synthetic,904,33,1944.1,47.2,1,0.9832,0.4574,0,1,3,26565.719687674224,1,0,2,3,1,1,55,49,False,,synthetic,True,2,True
2026-09-17T13:56:41.483705+00:00,synthetic,synth_gen_HESITANT_HINT,synthetic,905,27,730.9,49.2,1,0.6043,0.5233,1,7,3,7427.752342428084,1,0,3,1,1,1,52,48,False,,synthetic,True,2,True
2026-09-17T13:56:41.483705+00:00,synthetic,synth_gen_HESITANT_HINT,synthetic,906,7,1908.2,69.2,1,0.1924,0.4426,1,6,5,63047.72263023066,1,0,2,5,1,1,19,23,False,,synthetic,True,2,True
2026-09-17T13:56:41.483705+00:00,synthetic,synth_gen_HESITANT_HINT,synthetic,907,6,2148.6,244.9,1,0.2417,0.2204,2,14,5,29435.422074965176,1,0,1,2,1,1,31,22,False,,synthetic,True,2,True
2026-09-17T13:56:41.483705+00:00,synthetic,synth_gen_HESITANT_HINT,synthetic,908,26,1305.2,132.8,1,0.2052,0.1027,2,11,5,86031.2574425969,1,0,5,3,1,1,7,15,False,,synthetic,True,2,True
2026-09-17T13:56:41.483705+00:00,synthetic,synth_gen_HESITANT_HINT,synthetic,909,40,2658.6,108.8,1,0.5622,0.4864,1,2,4,82069.62191635257,1,0,5,5,1,1,24,20,False,,synthetic,True,2,True
2026-09-17T13:56:41.483705+00:00,synthetic,synth_gen_HESITANT_HINT,synthetic,910,37,1405.3,67.3,1,0.6075,0.579,1,13,3,39330.39533352022,1,0,5,19,1,1,50,62,False,,synthetic,True,2,True
2026-09-17T13:56:41.483705+00:00,synthetic,synth_gen_HESITANT_HINT,synthetic,911,35,2426.6,118.4,1,0.8763,0.4474,0,2,4,78343.56413188958,1,0,1,0,1,1,4,7,False,,synthetic,True,2,True
2026-09-17T13:56:41.483705+00:00,synthetic,synth_gen_HESITANT_HINT,synthetic,912,43,2613.6,107.2,1,0.3763,0,2,9,3,24730.93884315988,1,0,1,4,1,1,19,16,False,,synthetic,True,2,True
2026-09-17T13:56:41.483705+00:00,synthetic,synth_gen_HESITANT_HINT,synthetic,913,47,1485.6,53.6,1,0.7473,0.1553,2,7,3,35874.2821198518,1,0,1,16,1,1,53,52,False,,synthetic,True,2,True
2026-09-17T13:56:41.483705+00:00,synthetic,synth_gen_HESITANT_HINT,synthetic,914,42,2095.2,69.2,1,0.9799,0.1096,1,13,5,28422.458335723317,1,0,5,6,1,1,47,37,False,,synthetic,True,2,True
2026-09-17T13:56:41.483705+00:00,synthetic,synth_gen_HESITANT_HINT,synthetic,915,15,794.6,64.9,1,0.6828,0.3071,2,2,1,68366.4927959552,1,0,2,20,1,1,23,16,False,,synthetic,True,2,True
2026-09-17T13:56:41.483705+00:00,synthetic,synth_gen_HESITANT_HINT,synthetic,916,20,3651.4,213.5,1,0.2237,0,2,5,4,72448.36453183972,1,0,4,13,1,1,36,40,False,,synthetic,True,2,True
2026-09-17T13:56:41.483705+00:00,synthetic,synth_gen_HESITANT_HINT,synthetic,917,26,837.3,268.8,1,0.1394,0,1,3,2,68295.53707259249,1,0,1,17,1,1,38,45,False,,synthetic,True,2,True
2026-09-17T13:56:41.483705+00:00,synthetic,synth_gen_HESITANT_HINT,synthetic,918,36,2666.2,50.6,1,0.7517,0.7177,0,1,1,58950.81341437193,1,0,5,12,1,1,38,37,False,,synthetic,True,2,True
2026-09-17T13:56:41.483705+00:00,synthetic,synth_gen_HESITANT_HINT,synthetic,919,15,1028.1,101.5,1,0,0.3978,1,2,1,24745.74920473707,1,0,4,2,1,1,4,13,False,,synthetic,True,2,True
2026-09-17T13:56:41.483705+00:00,synthetic,synth_gen_HESITANT_HINT,synthetic,920,44,1542.0,40.4,1,0.1235,0.2875,1,9,4,22326.77680441304,1,0,4,17,1,1,20,23,False,,synthetic,True,2,True
2026-09-17T13:56:41.483705+00:00,synthetic,synth_gen_HESITANT_HINT,synthetic,921,21,1167.8,116.3,1,0.037,0.51,0,9,4,41296.89902337969,1,0,3,17,1,1,55,61,False,,synthetic,True,2,True
2026-09-17T13:56:41.483705+00:00,synthetic,synth_gen_HESITANT_HINT,synthetic,922,24,3491.0,139.7,1,0.3096,0.4003,2,8,2,8300.716137854146,1,0,4,5,1,1,62,59,False,,synthetic,True,2,True
2026-09-17T13:56:41.483705+00:00,synthetic,synth_gen_HESITANT_HINT,synthetic,923,20,650.9,57.1,1,0.374,0.1803,1,11,4,83153.28727305248,1,0,5,17,1,1,58,60,False,,synthetic,True,2,True
2026-09-17T13:56:41.483705+00:00,synthetic,synth_gen_HESITANT_HINT,synthetic,924,34,5999,70.7,1,0.7967,0.4656,0,3,3,40530.99383248656,1,0,5,18,1,1,60,62,False,,synthetic,True,2,True
2026-09-17T13:56:41.483705+00:00,synthetic,synth_gen_HESITANT_HINT,synthetic,925,27,3317.4,182.4,1,0,0.2977,2,6,3,33433.22982180135,1,0,2,6,1,1,62,59,False,,synthetic,True,2,True
2026-09-17T13:56:41.483705+00:00,synthetic,synth_gen_HESITANT_HINT,synthetic,926,36,3682.8,78.3,1,0.5678,0.0596,2,7,3,37312.454495445534,1,0,2,13,1,1,20,23,False,,synthetic,True,2,True
2026-09-17T13:56:41.483705+00:00,synthetic,synth_gen_HESITANT_HINT,synthetic,927,6,1084.2,145.0,1,0.9649,0,2,13,2,6755.742337449137,1,0,4,18,1,1,38,44,False,,synthetic,True,2,True
2026-09-17T13:56:41.483705+00:00,synthetic,synth_gen_HESITANT_HINT,synthetic,928,16,2156.7,176.1,1,0.4988,0.2317,1,11,4,13341.401731515565,1,0,2,13,1,1,36,33,False,,synthetic,True,2,True
2026-09-17T13:56:41.483705+00:00,synthetic,synth_gen_HESITANT_HINT,synthetic,929,47,2340.7,118.5,1,0,0.3783,2,2,4,288.2866490940838,1,0,5,8,1,1,7,5,False,,synthetic,True,2,True
2026-09-17T13:56:41.483705+00:00,synthetic,synth_gen_HESITANT_HINT,synthetic,930,5,1757.3,198.1,1,1,0.2404,1,9,5,69446.81177659913,1,0,5,17,1,1,57,48,False,,synthetic,True,2,True
2026-09-17T13:56:41.483705+00:00,synthetic,synth_gen_HESITANT_HINT,synthetic,931,28,947.3,52.2,1,0.8931,0.0419,2,7,3,44106.22746235359,1,0,1,5,1,1,19,22,False,,synthetic,True,2,True
2026-09-17T13:56:41.483705+00:00,synthetic,synth_gen_HESITANT_HINT,synthetic,932,29,3260.7,208.2,1,0.0995,0.8126,1,6,1,22027.13522492401,1,0,2,9,1,1,62,55,False,,synthetic,True,2,True
2026-09-17T13:56:41.483705+00:00,synthetic,synth_gen_HESITANT_HINT,synthetic,933,20,1524.4,96.2,1,0.494,0.5968,1,13,5,54656.131779140276,1,0,4,0,1,1,63,48,False,,synthetic,True,2,True
2026-09-17T13:56:41.483705+00:00,synthetic,synth_gen_HESITANT_HINT,synthetic,934,40,1402.6,156.7,1,1,0.5212,2,10,5,77424.21083507594,1,0,1,17,1,1,40,34,False,,synthetic,True,2,True
2026-09-17T13:56:41.483705+00:00,synthetic,synth_gen_HESITANT_HINT,synthetic,935,18,644.9,184.6,1,0,0.6109,1,7,5,52917.89837683193,1,0,4,2,1,1,30,24,False,,synthetic,True,2,True
2026-09-17T13:56:41.483705+00:00,synthetic,synth_gen_HESITANT_HINT,synthetic,936,34,1147.9,112.8,1,0.4909,0.1535,0,15,5,44252.676207386314,1,0,5,17,1,1,58,61,False,,synthetic,True,2,True
2026-09-17T13:56:41.483705+00:00,synthetic,synth_gen_HESITANT_HINT,synthetic,937,38,1609.0,73.3,1,0.436,0.2594,2,6,3,78313.04441201258,1,0,4,16,1,1,36,45,False,,synthetic,True,2,True
2026-09-17T13:56:41.483705+00:00,synthetic,synth_gen_HESITANT_HINT,synthetic,938,17,5999,65.5,1,0.7135,0.3123,0,5,3,37282.76708935989,1,0,5,10,1,1,12,15,False,,synthetic,True,2,True
2026-09-17T13:56:41.483705+00:00,synthetic,synth_gen_HESITANT_HINT,synthetic,939,42,586.0,142.2,1,0.1753,0.083,2,1,1,112.6869851955032,1,0,3,8,1,1,25,16,False,,synthetic,True,2,True
2026-09-17T13:56:41.483705+00:00,synthetic,synth_gen_HESITANT_HINT,synthetic,940,11,2992.9,105.0,1,0.4639,0.1672,2,14,1,78750.02506193788,1,0,4,9,1,1,30,20,False,,synthetic,True,2,True
2026-09-17T13:56:41.483705+00:00,synthetic,synth_gen_HESITANT_HINT,synthetic,941,10,618.1,164.5,1,1,0.3784,2,13,2,10338.829264077798,1,0,1,7,1,1,20,29,False,,synthetic,True,2,True
2026-09-17T13:56:41.483705+00:00,synthetic,synth_gen_HESITANT_HINT,synthetic,942,1,1733.1,58.9,1,0.3257,0.2635,2,5,3,63706.05013231265,1,0,4,20,1,1,55,50,False,,synthetic,True,2,True
2026-09-17T13:56:41.483705+00:00,synthetic,synth_gen_HESITANT_HINT,synthetic,943,26,2025.6,40.4,1,0.3636,0.3599,1,3,1,27221.029403029723,1,0,2,16,1,1,5,1,False,,synthetic,True,2,True
2026-09-17T13:56:41.483705+00:00,synthetic,synth_gen_HESITANT_HINT,synthetic,944,22,2113.3,293.8,1,0.7788,0.0052,0,15,1,53544.891205801534,1,0,4,11,1,1,52,56,False,,synthetic,True,2,True
2026-09-17T13:56:41.483705+00:00,synthetic,synth_gen_HESITANT_HINT,synthetic,945,3,585.5,142.7,1,0,0.0,1,1,3,76143.47524431997,1,0,4,1,1,1,20,25,False,,synthetic,True,2,True
2026-09-17T13:56:41.483705+00:00,synthetic,synth_gen_HESITANT_HINT,synthetic,946,29,3652.7,68.5,1,0.004,0.2999,0,15,2,45859.2146573695,1,0,3,5,1,1,5,6,False,,synthetic,True,2,True
2026-09-17T13:56:41.483705+00:00,synthetic,synth_gen_HESITANT_HINT,synthetic,947,5,1192.6,98.9,1,0.8472,0,0,9,5,5242.309356010969,1,0,1,16,1,1,28,17,False,,synthetic,True,2,True
2026-09-17T13:56:41.483705+00:00,synthetic,synth_gen_HESITANT_HINT,synthetic,948,46,2453.4,95.0,1,0.6217,0.2537,1,11,4,26883.60687682654,1,0,3,3,1,1,4,15,False,,synthetic,True,2,True
2026-09-17T13:56:41.483705+00:00,synthetic,synth_gen_HESITANT_HINT,synthetic,949,29,1669.5,265.0,1,0,0.0189,0,8,4,15316.695192191115,1,0,3,18,1,1,42,46,False,,synthetic,True,2,True
2026-09-17T13:56:41.483705+00:00,synthetic,synth_gen_HESITANT_HINT,synthetic,950,0,1404.3,60.9,1,0.5459,0.4126,1,4,2,16420.459011359027,1,0,4,6,1,1,40,32,False,,synthetic,True,2,True
2026-09-17T13:56:41.483705+00:00,synthetic,synth_gen_HESITANT_HINT,synthetic,951,31,5999,76.5,1,0.9965,0.3228,1,10,5,77846.60249723676,1,0,4,0,1,1,58,56,False,,synthetic,True,2,True
2026-09-17T13:56:41.483705+00:00,synthetic,synth_gen_HESITANT_HINT,synthetic,952,36,1454.3,55.4,1,0.7113,0.282,2,3,3,70862.11591826433,1,0,5,8,1,1,37,35,False,,synthetic,True,2,True
2026-09-17T13:56:41.483705+00:00,synthetic,synth_gen_HESITANT_HINT,synthetic,953,9,1774.6,211.0,1,0,0.3684,2,6,3,41383.596913108515,1,0,4,18,1,1,41,36,False,,synthetic,True,2,True
2026-09-17T13:56:41.483705+00:00,synthetic,synth_gen_HESITANT_HINT,synthetic,954,33,1034.4,82.6,1,0.1857,0,2,7,5,62978.74113444115,1,0,4,0,1,1,18,28,False,,synthetic,True,2,True
2026-09-17T13:56:41.483705+00:00,synthetic,synth_gen_HESITANT_HINT,synthetic,955,44,1897.6,176.5,1,0.6136,0.5365,2,14,3,3678.548261777478,1,0,3,1,1,1,57,49,False,,synthetic,True,2,True
2026-09-17T13:56:41.483705+00:00,synthetic,synth_gen_HESITANT_HINT,synthetic,956,16,1498.9,170.2,1,0.3269,0.2128,2,4,2,15128.219979319188,1,0,2,14,1,1,11,5,False,,synthetic,True,2,True
2026-09-17T13:56:41.483705+00:00,synthetic,synth_gen_HESITANT_HINT,synthetic,957,12,1150.9,73.3,1,0,0,2,10,2,43236.86946015149,1,0,3,9,1,1,62,53,False,,synthetic,True,2,True
2026-09-17T13:56:41.483705+00:00,synthetic,synth_gen_HESITANT_HINT,synthetic,958,18,854.8,44.6,1,0.4813,0.384,0,13,5,75843.54876732444,1,0,3,6,1,1,61,62,False,,synthetic,True,2,True
2026-09-17T13:56:41.483705+00:00,synthetic,synth_gen_HESITANT_HINT,synthetic,959,1,3002.0,506.7,1,0.1383,0.2635,0,7,5,66624.29081231337,1,0,4,5,1,1,58,63,False,,synthetic,True,2,True
2026-09-17T13:56:41.483705+00:00,synthetic,synth_gen_HESITANT_HINT,synthetic,960,27,1677.1,89.6,1,0.8381,0.1014,0,12,3,10293.59693964982,1,0,3,16,1,1,55,54,False,,synthetic,True,2,True
2026-09-17T13:56:41.483705+00:00,synthetic,synth_gen_HESITANT_HINT,synthetic,961,15,3018.4,97.5,1,0.1761,0.4494,2,13,1,58275.05676006863,1,0,3,10,1,1,9,5,False,,synthetic,True,2,True
2026-09-17T13:56:41.483705+00:00,synthetic,synth_gen_HESITANT_HINT,synthetic,962,25,4248.4,142.8,1,0.61,0.4652,2,9,3,23429.34668495054,1,0,2,3,1,1,19,22,False,,synthetic,True,2,True
2026-09-17T13:56:41.483705+00:00,synthetic,synth_gen_HESITANT_HINT,synthetic,963,36,1289.9,68.9,1,0,0.4348,0,13,5,81373.3607970371,1,0,2,7,1,1,6,4,False,,synthetic,True,2,True
2026-09-17T13:56:41.483705+00:00,synthetic,synth_gen_HESITANT_HINT,synthetic,964,6,3047.3,50.6,1,0.7503,0.0017,1,8,1,23156.409946977983,1,0,2,5,1,1,55,51,False,,synthetic,True,2,True
2026-09-17T13:56:41.483705+00:00,synthetic,synth_gen_HESITANT_HINT,synthetic,965,34,1329.4,128.0,1,1,0.4376,2,1,4,13821.634199466203,1,0,2,1,1,1,44,33,False,,synthetic,True,2,True
2026-09-17T13:56:41.483705+00:00,synthetic,synth_gen_HESITANT_HINT,synthetic,966,11,2646.9,117.3,1,0.9987,0.0969,0,6,1,74312.0852188357,1,0,4,8,1,1,33,35,False,,synthetic,True,2,True
2026-09-17T13:56:41.483705+00:00,synthetic,synth_gen_HESITANT_HINT,synthetic,967,43,1703.9,115.9,1,1,0.0644,1,3,2,6638.690878411154,1,0,4,19,1,1,27,31,False,,synthetic,True,2,True
2026-09-17T13:56:41.483705+00:00,synthetic,synth_gen_HESITANT_HINT,synthetic,968,42,840.4,210.0,1,0.6809,0.173,0,5,5,39467.85597365597,1,0,4,13,1,1,62,54,False,,synthetic,True,2,True
2026-09-17T13:56:41.483705+00:00,synthetic,synth_gen_HESITANT_HINT,synthetic,969,45,1904.9,85.5,1,0.2848,0.3832,1,2,1,45156.89869814256,1,0,2,1,1,1,17,24,False,,synthetic,True,2,True
2026-09-17T13:56:41.483705+00:00,synthetic,synth_gen_HESITANT_HINT,synthetic,970,7,1985.7,122.9,1,0.4427,0.207,0,7,4,72518.72769324826,1,0,4,14,1,1,18,21,False,,synthetic,True,2,True
2026-09-17T13:56:41.483705+00:00,synthetic,synth_gen_HESITANT_HINT,synthetic,971,34,1800.7,133.6,1,1,0.3496,0,10,3,13687.165993441798,1,0,5,3,1,1,26,21,False,,synthetic,True,2,True
2026-09-17T13:56:41.483705+00:00,synthetic,synth_gen_HESITANT_HINT,synthetic,972,33,1050.0,75.1,1,0.8488,0.442,2,3,1,35726.140616087796,1,0,4,2,1,1,10,1,False,,synthetic,True,2,True
2026-09-17T13:56:41.483705+00:00,synthetic,synth_gen_HESITANT_HINT,synthetic,973,36,1378.8,69.9,1,0.9353,0.0003,0,1,5,55179.47549998745,1,0,5,1,1,1,48,58,False,,synthetic,True,2,True
2026-09-17T13:56:41.483705+00:00,synthetic,synth_gen_HESITANT_HINT,synthetic,974,21,2376.1,181.5,1,1,0.3597,2,14,2,43528.889802146,1,0,3,7,1,1,6,8,False,,synthetic,True,2,True
2026-09-17T13:56:41.483705+00:00,synthetic,synth_gen_HESITANT_HINT,synthetic,975,44,1670.9,152.9,1,0.2996,0.3865,2,7,4,24091.32246227264,1,0,2,15,1,1,49,56,False,,synthetic,True,2,True
2026-09-17T13:56:41.483705+00:00,synthetic,synth_gen_HESITANT_HINT,synthetic,976,9,4364.1,112.3,1,0,0.0353,2,10,2,13022.769424613269,1,0,1,16,1,1,51,52,False,,synthetic,True,2,True
2026-09-17T13:56:41.483705+00:00,synthetic,synth_gen_HESITANT_HINT,synthetic,977,6,3291.5,117.2,1,0.0056,0.201,1,8,4,278.3237007230216,1,0,2,3,1,1,59,52,False,,synthetic,True,2,True
2026-09-17T13:56:41.483705+00:00,synthetic,synth_gen_HESITANT_HINT,synthetic,978,15,2574.1,215.8,1,0.4201,0.2729,1,8,1,17480.932169333177,1,0,5,2,1,1,33,36,False,,synthetic,True,2,True
2026-09-17T13:56:41.483705+00:00,synthetic,synth_gen_HESITANT_HINT,synthetic,979,8,2392.0,100.3,1,1,0.4102,0,12,1,60391.56472495022,1,0,4,3,1,1,59,50,False,,synthetic,True,2,True
2026-09-17T13:56:41.483705+00:00,synthetic,synth_gen_HESITANT_HINT,synthetic,980,40,4725.9,72.4,1,0.3485,0.0385,2,10,5,53891.71324531125,1,0,5,12,1,1,61,58,False,,synthetic,True,2,True
2026-09-17T13:56:41.483705+00:00,synthetic,synth_gen_HESITANT_HINT,synthetic,981,37,2805.0,91.7,1,0.6423,0.5325,1,4,2,61974.958076853676,1,0,1,3,1,1,11,5,False,,synthetic,True,2,True
2026-09-17T13:56:41.483705+00:00,synthetic,synth_gen_HESITANT_HINT,synthetic,982,39,1245.6,172.0,1,0.9518,0.6497,0,7,3,15422.669085091606,1,0,3,19,1,1,60,56,False,,synthetic,True,2,True
2026-09-17T13:56:41.483705+00:00,synthetic,synth_gen_HESITANT_HINT,synthetic,983,36,3903.2,254.1,1,1,0.3169,0,14,4,14177.694756087023,1,0,1,16,1,1,26,29,False,,synthetic,True,2,True
2026-09-17T13:56:41.483705+00:00,synthetic,synth_gen_HESITANT_HINT,synthetic,984,20,500,109.3,1,0.0458,0.4169,2,5,3,32895.057345248344,1,0,2,12,1,1,38,45,False,,synthetic,True,2,True
2026-09-17T13:56:41.483705+00:00,synthetic,synth_gen_HESITANT_HINT,synthetic,985,30,1824.5,37.9,1,0.6195,0.4253,2,9,5,3868.3466269835167,1,0,4,8,1,1,49,52,False,,synthetic,True,2,True
2026-09-17T13:56:41.483705+00:00,synthetic,synth_gen_HESITANT_HINT,synthetic,986,38,887.1,59.3,1,0.2142,0.3574,0,1,1,14358.86780739185,1,0,3,20,1,1,8,6,False,,synthetic,True,2,True
2026-09-17T13:56:41.483705+00:00,synthetic,synth_gen_HESITANT_HINT,synthetic,987,22,4668.0,35.5,1,0.8244,0.1564,1,12,5,50241.092318486735,1,0,5,20,1,1,49,63,False,,synthetic,True,2,True
2026-09-17T13:56:41.483705+00:00,synthetic,synth_gen_HESITANT_HINT,synthetic,988,14,1061.5,77.9,1,0.2903,0.3817,2,1,4,2028.1701998650278,1,0,3,5,1,1,37,41,False,,synthetic,True,2,True
2026-09-17T13:56:41.483705+00:00,synthetic,synth_gen_HESITANT_HINT,synthetic,989,6,2282.2,76.1,1,0.2639,0.0519,2,9,3,72901.17573086328,1,0,3,3,1,1,20,25,False,,synthetic,True,2,True
2026-09-17T13:56:41.483705+00:00,synthetic,synth_gen_HESITANT_HINT,synthetic,990,27,854.7,186.8,1,1,0.1498,1,5,5,1756.1470926669838,1,0,4,8,1,1,46,38,False,,synthetic,True,2,True
2026-09-17T13:56:41.483705+00:00,synthetic,synth_gen_HESITANT_HINT,synthetic,991,6,2074.8,107.0,1,0.5855,0.2471,2,12,2,11141.824177630197,1,0,3,7,1,1,48,53,False,,synthetic,True,2,True
2026-09-17T13:56:41.483705+00:00,synthetic,synth_gen_HESITANT_HINT,synthetic,992,3,2373.8,232.2,1,0.686,0,0,3,3,10084.540026000961,1,0,1,15,1,1,2,0,False,,synthetic,True,2,True
2026-09-17T13:56:41.483705+00:00,synthetic,synth_gen_HESITANT_HINT,synthetic,993,13,1838.3,129.4,1,0.6777,0.2744,1,12,5,75193.99299559508,1,0,4,8,1,1,45,35,False,,synthetic,True,2,True
2026-09-17T13:56:41.483705+00:00,synthetic,synth_gen_HESITANT_HINT,synthetic,994,39,2193.1,64.9,1,0.8572,0,0,11,3,40514.22413871107,1,0,3,19,1,1,34,36,False,,synthetic,True,2,True
2026-09-17T13:56:41.483705+00:00,synthetic,synth_gen_HESITANT_HINT,synthetic,995,31,973.8,256.4,1,1,0.0969,1,9,4,37062.79842834871,1,0,4,1,1,1,1,6,False,,synthetic,True,2,True
2026-09-17T13:56:41.483705+00:00,synthetic,synth_gen_HESITANT_HINT,synthetic,996,5,1921.2,56.7,1,0.494,0.0685,0,15,3,59101.9052112267,1,0,1,15,1,1,39,43,False,,synthetic,True,2,True
2026-09-17T13:56:41.483705+00:00,synthetic,synth_gen_HESITANT_HINT,synthetic,997,22,3214.9,66.2,1,0.6839,0.0441,2,1,4,53713.10394560723,1,0,4,15,1,1,37,44,False,,synthetic,True,2,True
2026-09-17T13:56:41.483705+00:00,synthetic,synth_gen_HESITANT_HINT,synthetic,998,27,2563.0,101.2,1,0.3773,0.2914,0,9,4,20228.465078938134,1,0,2,6,1,1,37,36,False,,synthetic,True,2,True
2026-09-17T13:56:41.483705+00:00,synthetic,synth_gen_HESITANT_HINT,synthetic,999,46,1164.3,69.8,1,0.3618,0.3773,1,15,5,55056.637318818546,1,0,3,12,1,1,55,59,False,,synthetic,True,2,True
2026-09-17T13:56:41.483705+00:00,synthetic,synth_gen_HESITANT_HINT,synthetic,1000,26,3823.6,92.7,1,0.8052,0.4129,2,10,1,64979.845835941655,1,0,2,19,1,1,34,36,False,,synthetic,True,2,True
2026-09-17T13:56:41.483705+00:00,synthetic,synth_gen_HESITANT_HINT,synthetic,1001,32,3740.2,74.5,1,0.367,0.3682,1,7,2,40769.375408254535,1,0,4,9,1,1,25,27,False,,synthetic,True,2,True
2026-09-17T13:56:41.483705+00:00,synthetic,synth_gen_HESITANT_HINT,synthetic,1002,35,1723.5,52.4,1,0.3715,0.3107,1,10,3,84513.37233621966,1,0,3,8,1,1,3,14,False,,synthetic,True,2,True
2026-09-17T13:56:41.483705+00:00,synthetic,synth_gen_HESITANT_HINT,synthetic,1003,21,1342.2,88.1,1,0.3429,0.0995,1,6,5,39269.57861095865,1,0,2,16,1,1,53,55,False,,synthetic,True,2,True
2026-09-17T13:56:41.483705+00:00,synthetic,synth_gen_HESITANT_HINT,synthetic,1004,34,2310.0,85.9,1,0.3297,0.671,0,6,3,65888.39034744953,1,0,5,12,1,1,7,4,False,,synthetic,True,2,True
2026-09-17T13:56:41.483705+00:00,synthetic,synth_gen_HESITANT_HINT,synthetic,1005,26,2227.9,176.7,1,1,0.2061,1,3,3,83726.9791798414,1,0,1,7,1,1,52,62,False,,synthetic,True,2,True
2026-09-17T13:56:41.483705+00:00,synthetic,synth_gen_HESITANT_HINT,synthetic,1006,44,2107.0,109.4,1,0.1162,0.2029,2,7,2,82194.04665580802,1,0,1,1,1,1,63,48,False,,synthetic,True,2,True
2026-09-17T13:56:41.483705+00:00,synthetic,synth_gen_HESITANT_HINT,synthetic,1007,0,1745.2,84.2,1,0.9588,0.4043,2,10,5,57200.650851132,1,0,1,11,1,1,33,41,False,,synthetic,True,2,True
2026-09-17T13:56:41.483705+00:00,synthetic,synth_gen_HESITANT_HINT,synthetic,1008,30,1508.7,91.1,1,1,0.2295,0,5,2,68992.5575260048,1,0,2,10,1,1,40,41,False,,synthetic,True,2,True
2026-09-17T13:56:41.483705+00:00,synthetic,synth_gen_HESITANT_HINT,synthetic,1009,22,1605.1,98.1,1,0.273,0.5376,1,11,5,84995.84578549031,1,0,5,0,1,1,34,38,False,,synthetic,True,2,True
2026-09-17T13:56:41.483705+00:00,synthetic,synth_gen_HESITANT_HINT,synthetic,1010,18,1035.1,78.2,1,0.7976,0.4781,0,15,5,4137.1613058118155,1,0,4,0,1,1,3,12,False,,synthetic,True,2,True
2026-09-17T13:56:41.483705+00:00,synthetic,synth_gen_HESITANT_HINT,synthetic,1011,10,1048.4,136.5,1,0,0.5155,0,14,2,3807.4328039537004,1,0,2,20,1,1,15,11,False,,synthetic,True,2,True
2026-09-17T13:56:41.483705+00:00,synthetic,synth_gen_HESITANT_HINT,synthetic,1012,15,904.2,82.1,1,0.3671,0.0548,0,10,4,35274.766180938066,1,0,4,12,1,1,12,14,False,,synthetic,True,2,True
2026-09-17T13:56:41.483705+00:00,synthetic,synth_gen_HESITANT_HINT,synthetic,1013,3,2401.0,90.3,1,0.2745,0.5401,2,6,1,25968.447024648798,1,0,5,6,1,1,11,9,False,,synthetic,True,2,True
2026-09-17T13:56:41.483705+00:00,synthetic,synth_gen_GUESSING_HINT,synthetic,1014,27,4144.2,159.3,2,0.773,0.6644,2,4,3,40202.02158247292,2,0,2,5,1,2,1,8,False,,synthetic,True,2,True
2026-09-17T13:56:41.483705+00:00,synthetic,synth_gen_GUESSING_HINT,synthetic,1015,16,1266.3,50.4,3,0.5134,0.3847,1,14,4,74316.90408118267,2,0,1,6,1,2,54,48,False,,synthetic,True,2,True
2026-09-17T13:56:41.483705+00:00,synthetic,synth_gen_GUESSING_HINT,synthetic,1016,16,2003.3,171.8,4,0.664,0.9147,1,7,2,19809.121966658964,2,0,3,18,1,2,37,35,False,,synthetic,True,2,True
2026-09-17T13:56:41.483705+00:00,synthetic,synth_gen_GUESSING_HINT,synthetic,1017,36,848.3,57.0,2,0.35,0.19,2,8,1,30751.820916297955,2,0,4,20,1,2,26,19,False,,synthetic,True,2,True
2026-09-17T13:56:41.483705+00:00,synthetic,synth_gen_GUESSING_HINT,synthetic,1018,30,1976.2,88.9,3,0.3295,0.3335,1,2,3,43590.042189751446,2,0,4,14,1,2,63,53,False,,synthetic,True,2,True
2026-09-17T13:56:41.483705+00:00,synthetic,synth_gen_GUESSING_HINT,synthetic,1019,45,940.5,66.9,4,0.6684,0.0962,1,8,3,1003.8808798644816,2,0,4,7,1,2,8,9,False,,synthetic,True,2,True
2026-09-17T13:56:41.483705+00:00,synthetic,synth_gen_GUESSING_HINT,synthetic,1020,25,1314.0,76.8,3,0.037,0.3572,3,9,2,83044.47153763927,2,0,5,3,1,2,9,5,False,,synthetic,True,2,True
2026-09-17T13:56:41.483705+00:00,synthetic,synth_gen_GUESSING_HINT,synthetic,1021,35,2514.6,145.2,2,0.5404,0.8908,1,1,1,5885.122774228942,2,0,1,18,1,2,15,2,False,,synthetic,True,2,True
2026-09-17T13:56:41.483705+00:00,synthetic,synth_gen_GUESSING_HINT,synthetic,1022,12,1433.0,102.7,3,0.6351,0.3007,3,10,3,48477.7882148877,2,0,1,15,1,2,16,29,False,,synthetic,True,2,True
2026-09-17T13:56:41.483705+00:00,synthetic,synth_gen_GUESSING_HINT,synthetic,1023,4,3316.9,76.5,2,1,0.7824,2,8,3,36376.1868485195,2,0,3,18,1,2,26,31,False,,synthetic,True,2,True
2026-09-17T13:56:41.483705+00:00,synthetic,synth_gen_GUESSING_HINT,synthetic,1024,35,1795.2,72.5,4,0.8905,0.3591,2,7,3,60449.67984908955,2,0,5,17,1,2,38,32,False,,synthetic,True,2,True
2026-09-17T13:56:41.483705+00:00,synthetic,synth_gen_GUESSING_HINT,synthetic,1025,17,2973.0,150.0,3,0.5332,0.4464,1,14,1,79787.4686347113,2,0,1,16,1,2,36,47,False,,synthetic,True,2,True
2026-09-17T13:56:41.483705+00:00,synthetic,synth_gen_GUESSING_HINT,synthetic,1026,40,4193.7,265.2,2,0.7906,0.3831,1,1,2,67085.43681666466,2,0,1,14,1,2,30,16,False,,synthetic,True,2,True
2026-09-17T13:56:41.483705+00:00,synthetic,synth_gen_GUESSING_HINT,synthetic,1027,15,894.2,181.9,4,0,0.2833,1,12,4,27809.569835773695,2,0,5,12,1,2,28,31,False,,synthetic,True,2,True
2026-09-17T13:56:41.483705+00:00,synthetic,synth_gen_GUESSING_HINT,synthetic,1028,49,847.4,60.1,3,0.8577,0.7964,1,15,5,34249.01506121245,2,0,3,13,1,2,60,62,False,,synthetic,True,2,True
2026-09-17T13:56:41.483705+00:00,synthetic,synth_gen_GUESSING_HINT,synthetic,1029,36,4823.5,163.5,3,0.3237,0.5182,1,9,1,41515.470532285784,2,0,4,7,1,2,47,45,False,,synthetic,True,2,True
2026-09-17T13:56:41.483705+00:00,synthetic,synth_gen_GUESSING_HINT,synthetic,1030,40,7949.9,59.1,4,0.6165,0.2837,3,8,3,54894.13167932621,2,0,5,12,1,2,27,21,False,,synthetic,True,2,True
2026-09-17T13:56:41.483705+00:00,synthetic,synth_gen_GUESSING_HINT,synthetic,1031,38,1920.7,67.4,3,0.1922,0.5059,2,13,1,55530.48882251545,2,0,5,5,1,2,41,40,False,,synthetic,True,2,True
2026-09-17T13:56:41.483705+00:00,synthetic,synth_gen_GUESSING_HINT,synthetic,1032,46,1447.6,145.6,3,0.3663,0.1976,1,8,5,75557.60275350786,2,0,3,7,1,2,36,37,False,,synthetic,True,2,True
2026-09-17T13:56:41.483705+00:00,synthetic,synth_gen_GUESSING_HINT,synthetic,1033,25,2214.9,225.9,2,0.6817,0.1566,3,12,5,85670.60699013408,2,0,1,15,1,2,38,37,False,,synthetic,True,2,True
2026-09-17T13:56:41.483705+00:00,synthetic,synth_gen_GUESSING_HINT,synthetic,1034,24,656.4,56.4,3,0.4844,0.1495,1,11,5,83599.37912654967,2,0,1,17,1,2,24,22,False,,synthetic,True,2,True
2026-09-17T13:56:41.483705+00:00,synthetic,synth_gen_GUESSING_HINT,synthetic,1035,0,1406.0,207.5,3,0.5627,0.0404,2,7,1,56254.79656980886,2,0,1,20,1,2,38,45,False,,synthetic,True,2,True
2026-09-17T13:56:41.483705+00:00,synthetic,synth_gen_GUESSING_HINT,synthetic,1036,43,7987.3,69.9,3,0.4001,0.2816,2,8,1,71839.22545344793,2,0,4,7,1,2,38,39,False,,synthetic,True,2,True
2026-09-17T13:56:41.483705+00:00,synthetic,synth_gen_GUESSING_HINT,synthetic,1037,15,1977.1,41.8,3,0.2741,0.3018,1,5,4,65595.40728392261,2,0,1,0,1,2,36,39,False,,synthetic,True,2,True
2026-09-17T13:56:41.483705+00:00,synthetic,synth_gen_GUESSING_HINT,synthetic,1038,12,834.8,51.3,4,0.0789,0.3961,3,15,1,5010.888321123089,2,0,5,7,1,2,48,57,False,,synthetic,True,2,True
2026-09-17T13:56:41.483705+00:00,synthetic,synth_gen_GUESSING_HINT,synthetic,1039,7,5809.5,168.5,3,0.6112,0.4442,3,14,4,74695.21960103167,2,0,2,10,1,2,31,22,False,,synthetic,True,2,True
2026-09-17T13:56:41.483705+00:00,synthetic,synth_gen_GUESSING_HINT,synthetic,1040,24,3112.9,44.9,2,0.5048,0.226,1,8,5,55234.83638093304,2,0,4,0,1,2,7,8,False,,synthetic,True,2,True
2026-09-17T13:56:41.483705+00:00,synthetic,synth_gen_GUESSING_HINT,synthetic,1041,33,1405.8,160.1,3,0.9962,0.0968,2,14,5,55928.47695458962,2,0,1,0,1,2,28,20,False,,synthetic,True,2,True
2026-09-17T13:56:41.483705+00:00,synthetic,synth_gen_GUESSING_HINT,synthetic,1042,30,1501.8,72.3,4,0.8912,0.32,2,5,1,84147.38973424495,2,0,3,16,1,2,44,33,False,,synthetic,True,2,True
2026-09-17T13:56:41.483705+00:00,synthetic,synth_gen_GUESSING_HINT,synthetic,1043,41,1408.9,153.7,4,0,0.2265,1,12,2,79023.09343681534,2,0,1,13,1,2,18,28,False,,synthetic,True,2,True
2026-09-17T13:56:41.483705+00:00,synthetic,synth_gen_GUESSING_HINT,synthetic,1044,19,5232.6,90.2,2,0.2559,0.7237,3,6,1,30287.52440316028,2,0,5,1,1,2,47,41,False,,synthetic,True,2,True
2026-09-17T13:56:41.483705+00:00,synthetic,synth_gen_GUESSING_HINT,synthetic,1045,41,4260.7,116.4,4,0.3162,1,1,9,5,58677.41225596377,2,0,5,20,1,2,27,22,False,,synthetic,True,2,True
2026-09-17T13:56:41.483705+00:00,synthetic,synth_gen_GUESSING_HINT,synthetic,1046,3,500,172.4,3,0.193,0.3533,1,8,5,51540.78884196132,2,0,1,6,1,2,33,46,False,,synthetic,True,2,True
2026-09-17T13:56:41.483705+00:00,synthetic,synth_gen_GUESSING_HINT,synthetic,1047,26,1776.4,126.7,4,0.2452,0.0685,1,11,1,76302.07098770364,2,0,3,2,1,2,1,6,False,,synthetic,True,2,True
2026-09-17T13:56:41.483705+00:00,synthetic,synth_gen_GUESSING_HINT,synthetic,1048,22,1306.2,45.7,2,0.4497,0.2499,3,2,5,51458.524854819254,2,0,1,10,1,2,56,50,False,,synthetic,True,2,True
2026-09-17T13:56:41.483705+00:00,synthetic,synth_gen_GUESSING_HINT,synthetic,1049,38,5852.1,172.5,3,0.5064,0.2755,1,1,4,43704.08938686122,2,0,5,19,1,2,6,8,False,,synthetic,True,2,True
2026-09-17T13:56:41.483705+00:00,synthetic,synth_gen_GUESSING_HINT,synthetic,1050,12,2177.0,149.8,2,0.8279,0.2495,2,13,4,25470.57977170872,2,0,1,10,1,2,6,9,False,,synthetic,True,2,True
2026-09-17T13:56:41.483705+00:00,synthetic,synth_gen_GUESSING_HINT,synthetic,1051,31,2264.5,35.2,2,1,0,1,4,4,29936.230639149242,2,0,4,3,1,2,58,52,False,,synthetic,True,2,True
2026-09-17T13:56:41.483705+00:00,synthetic,synth_gen_GUESSING_HINT,synthetic,1052,25,1022.9,215.1,2,0.0337,0.1811,2,8,1,66273.85146270481,2,0,3,19,1,2,9,15,False,,synthetic,True,2,True
2026-09-17T13:56:41.483705+00:00,synthetic,synth_gen_GUESSING_HINT,synthetic,1053,18,1474.2,104.7,3,1,0.2446,3,8,5,25759.342389842368,2,0,4,10,1,2,57,49,False,,synthetic,True,2,True
2026-09-17T13:56:41.483705+00:00,synthetic,synth_gen_GUESSING_HINT,synthetic,1054,6,1095.9,52.2,3,0.3764,0.2937,2,5,2,73332.9973692815,2,0,3,4,1,2,14,11,False,,synthetic,True,2,True
2026-09-17T13:56:41.483705+00:00,synthetic,synth_gen_GUESSING_HINT,synthetic,1055,24,1420.0,72.7,2,0.124,0.1158,2,12,5,15618.0098919089,2,0,5,13,1,2,27,28,False,,synthetic,True,2,True
2026-09-17T13:56:41.483705+00:00,synthetic,synth_gen_GUESSING_HINT,synthetic,1056,25,1705.6,76.9,2,0.7587,0.6001,2,11,5,82974.55502603423,2,0,1,5,1,2,57,62,False,,synthetic,True,2,True
2026-09-17T13:56:41.483705+00:00,synthetic,synth_gen_GUESSING_HINT,synthetic,1057,25,2305.9,78.8,3,0.1348,0.2954,1,9,4,5757.855262307885,2,0,5,17,1,2,1,14,False,,synthetic,True,2,True
2026-09-17T13:56:41.483705+00:00,synthetic,synth_gen_GUESSING_HINT,synthetic,1058,25,3761.9,73.8,2,0.2339,0,2,15,3,39498.570553143196,2,0,1,18,1,2,60,49,False,,synthetic,True,2,True
2026-09-17T13:56:41.483705+00:00,synthetic,synth_gen_GUESSING_HINT,synthetic,1059,37,1433.5,110.4,2,0.182,0.3016,3,12,2,5797.1604109669715,2,0,3,12,1,2,41,47,False,,synthetic,True,2,True
2026-09-17T13:56:41.483705+00:00,synthetic,synth_gen_GUESSING_HINT,synthetic,1060,37,3031.4,83.1,2,0.5713,0.5748,3,4,1,11564.025578629356,2,0,2,15,1,2,10,14,False,,synthetic,True,2,True
2026-09-17T13:56:41.483705+00:00,synthetic,synth_gen_GUESSING_HINT,synthetic,1061,39,1618.6,216.5,3,0.3179,0,1,5,1,78624.35863713434,2,0,1,0,1,2,63,51,False,,synthetic,True,2,True
2026-09-17T13:56:41.483705+00:00,synthetic,synth_gen_GUESSING_HINT,synthetic,1062,22,6676.5,198.0,4,0.5562,0.1149,1,8,3,75387.09547622639,2,0,2,1,1,2,50,48,False,,synthetic,True,2,True
2026-09-17T13:56:41.483705+00:00,synthetic,synth_gen_GUESSING_HINT,synthetic,1063,25,9360.9,30.5,3,0.549,0.3145,1,14,4,675.7671548108416,2,0,5,11,1,2,57,56,False,,synthetic,True,2,True
2026-09-17T13:56:41.483705+00:00,synthetic,synth_gen_GUESSING_HINT,synthetic,1064,37,4422.5,134.9,2,0.1031,0.4039,2,5,5,12778.997961374744,2,0,5,9,1,2,52,60,False,,synthetic,True,2,True
2026-09-17T13:56:41.483705+00:00,synthetic,synth_gen_GUESSING_HINT,synthetic,1065,26,500,54.8,3,0.8458,0,2,4,4,55761.16875715545,2,0,3,5,1,2,53,51,False,,synthetic,True,2,True
2026-09-17T13:56:41.483705+00:00,synthetic,synth_gen_GUESSING_HINT,synthetic,1066,9,4338.6,145.1,3,0.622,0.1054,1,10,4,62671.28200866064,2,0,2,11,1,2,35,38,False,,synthetic,True,2,True
2026-09-17T13:56:41.483705+00:00,synthetic,synth_gen_GUESSING_HINT,synthetic,1067,1,2709.2,46.6,2,0.1454,0.2261,3,10,1,14864.454072268587,2,0,3,13,1,2,41,44,False,,synthetic,True,2,True
2026-09-17T13:56:41.483705+00:00,synthetic,synth_gen_GUESSING_HINT,synthetic,1068,34,1614.7,135.6,2,1,0,2,8,3,76041.38991216921,2,0,4,18,1,2,40,47,False,,synthetic,True,2,True
2026-09-17T13:56:41.483705+00:00,synthetic,synth_gen_GUESSING_HINT,synthetic,1069,16,1774.1,82.1,3,0.8924,0.4464,3,15,2,43061.28073401555,2,0,2,14,1,2,46,37,False,,synthetic,True,2,True
2026-09-17T13:56:41.483705+00:00,synthetic,synth_gen_GUESSING_HINT,synthetic,1070,22,6097.2,203.3,2,0.574,0.0182,2,1,2,13835.418142150067,2,0,1,17,1,2,32,40,False,,synthetic,True,2,True
2026-09-17T13:56:41.483705+00:00,synthetic,synth_gen_GUESSING_HINT,synthetic,1071,8,2179.1,169.6,3,0.8929,0.6634,2,1,4,59044.35840393216,2,0,3,20,1,2,32,35,False,,synthetic,True,2,True
2026-09-17T13:56:41.483705+00:00,synthetic,synth_gen_GUESSING_HINT,synthetic,1072,48,2106.3,142.6,2,0.6885,0.5589,2,5,4,19516.044278323403,2,0,5,2,1,2,3,15,False,,synthetic,True,2,True
2026-09-17T13:56:41.483705+00:00,synthetic,synth_gen_GUESSING_HINT,synthetic,1073,8,1042.3,73.3,4,0.3911,0.2908,3,4,3,71595.3519684772,2,0,3,2,1,2,34,45,False,,synthetic,True,2,True
2026-09-17T13:56:41.483705+00:00,synthetic,synth_gen_GUESSING_HINT,synthetic,1074,43,2552.7,84.1,4,0.8688,0.9849,3,13,3,76734.62647149108,2,0,5,6,1,2,44,42,False,,synthetic,True,2,True
2026-09-17T13:56:41.483705+00:00,synthetic,synth_gen_GUESSING_HINT,synthetic,1075,10,2273.3,158.3,4,0.7225,0,2,14,5,72184.76469291715,2,0,3,7,1,2,25,20,False,,synthetic,True,2,True
2026-09-17T13:56:41.483705+00:00,synthetic,synth_gen_GUESSING_HINT,synthetic,1076,31,882.4,220.5,3,0.5759,0.2491,1,10,5,72488.9647533789,2,0,3,10,1,2,3,4,False,,synthetic,True,2,True
2026-09-17T13:56:41.483705+00:00,synthetic,synth_gen_GUESSING_HINT,synthetic,1077,47,3736.7,244.7,2,0.4272,0.029,3,6,3,29921.181894999136,2,0,2,0,1,2,54,63,False,,synthetic,True,2,True
2026-09-17T13:56:41.483705+00:00,synthetic,synth_gen_GUESSING_HINT,synthetic,1078,29,1333.4,70.1,2,0.8164,0.32,3,7,1,27848.18146827039,2,0,1,4,1,2,56,52,False,,synthetic,True,2,True
2026-09-17T13:56:41.483705+00:00,synthetic,synth_gen_GUESSING_HINT,synthetic,1079,5,3603.6,60.4,3,0,0.4581,1,1,2,63404.54186906525,2,0,5,19,1,2,38,41,False,,synthetic,True,2,True
2026-09-17T13:56:41.483705+00:00,synthetic,synth_gen_GUESSING_HINT,synthetic,1080,44,1655.1,71.6,3,0.3289,0,1,11,2,7879.436271442707,2,0,5,7,1,2,37,40,False,,synthetic,True,2,True
2026-09-17T13:56:41.483705+00:00,synthetic,synth_gen_GUESSING_HINT,synthetic,1081,38,1219.4,258.4,3,0.5135,0,1,13,1,12477.712491172326,2,0,1,1,1,2,6,9,False,,synthetic,True,2,True
2026-09-17T13:56:41.483705+00:00,synthetic,synth_gen_GUESSING_HINT,synthetic,1082,23,2707.4,153.5,3,0.325,0.2978,2,4,3,79301.63962266763,2,0,4,12,1,2,14,15,False,,synthetic,True,2,True
2026-09-17T13:56:41.483705+00:00,synthetic,synth_gen_GUESSING_HINT,synthetic,1083,38,770.9,108.0,3,0,0.4212,3,11,5,14373.60860730305,2,0,3,3,1,2,13,0,False,,synthetic,True,2,True
2026-09-17T13:56:41.483705+00:00,synthetic,synth_gen_GUESSING_HINT,synthetic,1084,14,2188.3,46.3,4,0.8766,0.3139,3,4,4,47153.95623265765,2,0,2,7,1,2,62,51,False,,synthetic,True,2,True
2026-09-17T13:56:41.483705+00:00,synthetic,synth_gen_GUESSING_HINT,synthetic,1085,42,1388.5,61.6,4,1,0,3,10,5,11796.703537864103,2,0,4,16,1,2,12,11,False,,synthetic,True,2,True
2026-09-17T13:56:41.483705+00:00,synthetic,synth_gen_GUESSING_HINT,synthetic,1086,26,3094.2,78.3,4,0.7076,0.5738,2,8,3,2767.598437544016,2,0,3,7,1,2,30,28,False,,synthetic,True,2,True
2026-09-17T13:56:41.483705+00:00,synthetic,synth_gen_GUESSING_HINT,synthetic,1087,17,2053.7,231.7,2,0.3932,0,1,7,4,32997.279207826025,2,0,1,3,1,2,24,20,False,,synthetic,True,2,True
2026-09-17T13:56:41.483705+00:00,synthetic,synth_gen_GUESSING_HINT,synthetic,1088,24,885.6,48.0,2,0.5974,0.3369,1,4,4,9276.420314826319,2,0,3,1,1,2,33,47,False,,synthetic,True,2,True
2026-09-17T13:56:41.483705+00:00,synthetic,synth_gen_GUESSING_HINT,synthetic,1089,12,1085.0,51.7,4,0.6892,0.0652,3,6,5,5923.331646739989,2,0,2,8,1,2,11,12,False,,synthetic,True,2,True
2026-09-17T13:56:41.483705+00:00,synthetic,synth_gen_GUESSING_HINT,synthetic,1090,1,2387.4,71.0,2,0.0528,0.288,3,15,2,1417.1501148623943,2,0,5,5,1,2,59,54,False,,synthetic,True,2,True
2026-09-17T13:56:41.483705+00:00,synthetic,synth_gen_GUESSING_HINT,synthetic,1091,27,529.8,101.0,2,0.176,0.4502,2,14,1,48115.35434958079,2,0,5,14,1,2,35,47,False,,synthetic,True,2,True
2026-09-17T13:56:41.483705+00:00,synthetic,synth_gen_GUESSING_HINT,synthetic,1092,46,1348.7,87.6,3,1,0,1,2,4,72719.83112004364,2,0,5,7,1,2,23,20,False,,synthetic,True,2,True
2026-09-17T13:56:41.483705+00:00,synthetic,synth_gen_GUESSING_HINT,synthetic,1093,49,5196.1,65.4,2,0.173,0,2,3,4,48109.64085809538,2,0,3,14,1,2,20,22,False,,synthetic,True,2,True
2026-09-17T13:56:41.483705+00:00,synthetic,synth_gen_GUESSING_HINT,synthetic,1094,9,5043.3,77.2,2,0.637,0.1185,1,12,4,68728.16250537997,2,0,2,12,1,2,10,12,False,,synthetic,True,2,True
2026-09-17T13:56:41.483705+00:00,synthetic,synth_gen_GUESSING_HINT,synthetic,1095,24,1060.7,85.7,3,0.0008,0.635,3,10,4,42728.98739725304,2,0,2,9,1,2,22,24,False,,synthetic,True,2,True
2026-09-17T13:56:41.483705+00:00,synthetic,synth_gen_GUESSING_HINT,synthetic,1096,9,815.5,181.8,2,0.6106,0,3,12,3,9133.746650422665,2,0,2,1,1,2,50,62,False,,synthetic,True,2,True
2026-09-17T13:56:41.483705+00:00,synthetic,synth_gen_GUESSING_HINT,synthetic,1097,38,3206.3,128.2,2,0.5351,0.0898,2,9,5,48060.99914647159,2,0,4,18,1,2,32,40,False,,synthetic,True,2,True
2026-09-17T13:56:41.483705+00:00,synthetic,synth_gen_GUESSING_HINT,synthetic,1098,29,5892.6,70.0,2,0.2245,0.1926,2,14,5,67186.69002457605,2,0,5,15,1,2,54,57,False,,synthetic,True,2,True
2026-09-17T13:56:41.483705+00:00,synthetic,synth_gen_GUESSING_HINT,synthetic,1099,14,811.9,210.1,3,0.0509,0.6039,3,3,4,1005.6043549371065,2,0,3,9,1,2,27,22,False,,synthetic,True,2,True
2026-09-17T13:56:41.483705+00:00,synthetic,synth_gen_GUESSING_HINT,synthetic,1100,41,500,154.6,2,0.1746,0.1612,2,2,1,69181.97491704283,2,0,2,1,1,2,31,22,False,,synthetic,True,2,True
2026-09-17T13:56:41.483705+00:00,synthetic,synth_gen_GUESSING_HINT,synthetic,1101,33,982.2,36.6,3,0,0.371,3,4,1,48749.650818706345,2,0,4,1,1,2,29,25,False,,synthetic,True,2,True
2026-09-17T13:56:41.483705+00:00,synthetic,synth_gen_GUESSING_HINT,synthetic,1102,44,500,47.6,3,0.6609,0.1019,1,7,4,69603.09101599564,2,0,4,5,1,2,33,36,False,,synthetic,True,2,True
2026-09-17T13:56:41.483705+00:00,synthetic,synth_gen_GUESSING_HINT,synthetic,1103,14,2896.4,89.8,3,0.1271,0.6649,2,10,4,77565.53253596766,2,0,2,12,1,2,1,9,False,,synthetic,True,2,True
2026-09-17T13:56:41.483705+00:00,synthetic,synth_gen_GUESSING_HINT,synthetic,1104,13,2364.3,178.1,2,0.6503,0.2122,2,6,4,26032.77385804136,2,0,3,15,1,2,50,54,False,,synthetic,True,2,True
2026-09-17T13:56:41.483705+00:00,synthetic,synth_gen_GUESSING_HINT,synthetic,1105,15,3106.5,99.6,3,0.5491,0.3287,3,9,1,68107.35070933848,2,0,2,12,1,2,7,12,False,,synthetic,True,2,True
2026-09-17T13:56:41.483705+00:00,synthetic,synth_gen_GUESSING_HINT,synthetic,1106,38,3722.6,200.7,4,0.2866,0.0732,2,6,1,68915.56437531867,2,0,2,5,1,2,34,42,False,,synthetic,True,2,True
2026-09-17T13:56:41.483705+00:00,synthetic,synth_gen_GUESSING_HINT,synthetic,1107,17,1296.4,123.7,2,0.0626,0.1637,2,13,2,62152.26645863407,2,0,1,9,1,2,59,50,False,,synthetic,True,2,True
2026-09-17T13:56:41.483705+00:00,synthetic,synth_gen_GUESSING_HINT,synthetic,1108,23,1218.1,129.0,3,0.2888,0.6386,3,6,1,66397.76581714505,2,0,5,6,1,2,49,54,False,,synthetic,True,2,True
2026-09-17T13:56:41.483705+00:00,synthetic,synth_gen_GUESSING_HINT,synthetic,1109,8,1989.5,64.1,2,0.515,0.2338,2,12,1,27239.12175696197,2,0,2,8,1,2,35,34,False,,synthetic,True,2,True
2026-09-17T13:56:41.483705+00:00,synthetic,synth_gen_GUESSING_HINT,synthetic,1110,10,1122.2,224.0,2,0.7362,0.3752,3,5,5,33193.710939733755,2,0,1,1,1,2,43,32,False,,synthetic,True,2,True
2026-09-17T13:56:41.483705+00:00,synthetic,synth_gen_GUESSING_HINT,synthetic,1111,16,965.2,99.3,4,0.3152,0,1,9,5,1571.09393277298,2,0,2,0,1,2,50,49,False,,synthetic,True,2,True
2026-09-17T13:56:41.483705+00:00,synthetic,synth_gen_GUESSING_HINT,synthetic,1112,23,3364.3,78.0,2,0.8966,0.2785,3,10,3,15643.511548775137,2,0,1,12,1,2,12,15,False,,synthetic,True,2,True
2026-09-17T13:56:41.483705+00:00,synthetic,synth_gen_GUESSING_HINT,synthetic,1113,37,9307.4,77.3,3,0.0211,0,2,8,2,13549.380390235152,2,0,2,14,1,2,20,23,False,,synthetic,True,2,True
2026-09-17T13:56:41.483705+00:00,synthetic,synth_gen_GUESSING_HINT,synthetic,1114,18,2462.3,195.4,2,0.2062,0.2786,3,8,3,19197.006397620757,2,0,4,7,1,2,7,0,False,,synthetic,True,2,True
2026-09-17T13:56:41.483705+00:00,synthetic,synth_gen_GUESSING_HINT,synthetic,1115,16,1612.0,45.0,3,0.2125,0,2,12,4,16743.1619824035,2,0,3,3,1,2,54,57,False,,synthetic,True,2,True
2026-09-17T13:56:41.483705+00:00,synthetic,synth_gen_GUESSING_HINT,synthetic,1116,18,1126.6,122.3,3,0.7244,0.2924,2,15,5,33223.9916535231,2,0,4,9,1,2,43,44,False,,synthetic,True,2,True
2026-09-17T13:56:41.483705+00:00,synthetic,synth_gen_GUESSING_HINT,synthetic,1117,26,2348.1,117.5,4,0.228,0.4894,3,3,1,43718.84307641398,2,0,4,13,1,2,63,50,False,,synthetic,True,2,True
2026-09-17T13:56:41.483705+00:00,synthetic,synth_gen_GUESSING_HINT,synthetic,1118,16,6065.2,49.9,2,0.061,0,1,13,5,3654.2621505765446,2,0,1,20,1,2,42,35,False,,synthetic,True,2,True
2026-09-17T13:56:41.483705+00:00,synthetic,synth_gen_GUESSING_HINT,synthetic,1119,16,649.8,196.6,3,0,0.058,1,3,3,66861.90687042823,2,0,5,14,1,2,38,45,False,,synthetic,True,2,True
2026-09-17T13:56:41.483705+00:00,synthetic,synth_gen_GUESSING_HINT,synthetic,1120,23,1141.9,96.9,3,0.2595,0.1563,3,1,1,25666.75986691493,2,0,3,12,1,2,8,6,False,,synthetic,True,2,True
2026-09-17T13:56:41.483705+00:00,synthetic,synth_gen_GUESSING_HINT,synthetic,1121,15,8086.7,38.9,2,0.5709,0.346,2,4,2,78556.99227003942,2,0,1,19,1,2,1,15,False,,synthetic,True,2,True
2026-09-17T13:56:41.483705+00:00,synthetic,synth_gen_GUESSING_HINT,synthetic,1122,39,798.2,82.6,2,0.2323,0.1819,2,15,4,20682.816951740766,2,0,3,18,1,2,39,43,False,,synthetic,True,2,True
2026-09-17T13:56:41.483705+00:00,synthetic,synth_gen_GUESSING_HINT,synthetic,1123,8,1154.9,149.6,3,0.7007,0.1674,1,4,5,79573.44207691045,2,0,4,3,1,2,50,62,False,,synthetic,True,2,True
2026-09-17T13:56:41.483705+00:00,synthetic,synth_gen_GUESSING_HINT,synthetic,1124,29,2780.7,115.7,2,0,0.0643,3,2,5,29323.899045204744,2,0,2,10,1,2,25,16,False,,synthetic,True,2,True
2026-09-17T13:56:41.483705+00:00,synthetic,synth_gen_GUESSING_HINT,synthetic,1125,27,1942.1,82.5,2,0.9987,0.0676,3,10,4,13008.81195959451,2,0,4,11,1,2,37,33,False,,synthetic,True,2,True
2026-09-17T13:56:41.483705+00:00,synthetic,synth_gen_GUESSING_HINT,synthetic,1126,19,1774.0,54.3,4,1,0.3137,3,13,5,49613.69565998461,2,0,1,18,1,2,1,2,False,,synthetic,True,2,True
2026-09-17T13:56:41.483705+00:00,synthetic,synth_gen_GUESSING_HINT,synthetic,1127,24,4322.4,163.3,3,0.5537,0.5129,3,11,2,36747.84289131124,2,0,5,16,1,2,17,24,False,,synthetic,True,2,True
2026-09-17T13:56:41.483705+00:00,synthetic,synth_gen_GUESSING_HINT,synthetic,1128,27,3398.9,93.5,4,0.2165,0.484,2,15,3,61223.04602702954,2,0,3,18,1,2,24,27,False,,synthetic,True,2,True
2026-09-17T13:56:41.483705+00:00,synthetic,synth_gen_GUESSING_HINT,synthetic,1129,35,2911.9,212.8,3,0.2048,0.3408,1,7,1,82128.6469389083,2,0,1,4,1,2,46,47,False,,synthetic,True,2,True
2026-09-17T13:56:41.483705+00:00,synthetic,synth_gen_GUESSING_HINT,synthetic,1130,24,2281.1,216.2,4,0.4451,0.1875,3,10,3,81420.1061873266,2,0,5,5,1,2,19,28,False,,synthetic,True,2,True
2026-09-17T13:56:41.483705+00:00,synthetic,synth_gen_GUESSING_HINT,synthetic,1131,31,5377.6,108.2,4,0.8494,0.0104,1,4,2,22837.169836855202,2,0,2,1,1,2,43,45,False,,synthetic,True,2,True
2026-09-17T13:56:41.483705+00:00,synthetic,synth_gen_GUESSING_HINT,synthetic,1132,18,3894.3,76.9,3,0.1954,0.1834,3,6,4,80957.43576408272,2,0,2,19,1,2,56,51,False,,synthetic,True,2,True
2026-09-17T13:56:41.483705+00:00,synthetic,synth_gen_GUESSING_HINT,synthetic,1133,37,1536.3,137.9,3,1,0.1121,3,7,5,1826.392012295688,2,0,5,18,1,2,17,25,False,,synthetic,True,2,True
2026-09-17T13:56:41.483705+00:00,synthetic,synth_gen_GUESSING_HINT,synthetic,1134,39,4203.8,99.2,3,0.0756,0.5944,2,10,5,7327.5743144972075,2,0,1,10,1,2,57,53,False,,synthetic,True,2,True
2026-09-17T13:56:41.483705+00:00,synthetic,synth_gen_GUESSING_HINT,synthetic,1135,19,6561.6,148.0,4,0.3525,0.1092,1,15,4,47679.09779123153,2,0,3,13,1,2,63,55,False,,synthetic,True,2,True
2026-09-17T13:56:41.483705+00:00,synthetic,synth_gen_GUESSING_HINT,synthetic,1136,35,681.1,31.3,4,0,0.4054,3,9,1,74857.65330402456,2,0,3,11,1,2,45,37,False,,synthetic,True,2,True
2026-09-17T13:56:41.483705+00:00,synthetic,synth_gen_GUESSING_HINT,synthetic,1137,4,1225.2,71.8,3,0.4109,0.3419,2,15,5,73747.9947224808,2,0,4,18,1,2,26,21,False,,synthetic,True,2,True
2026-09-17T13:56:41.483705+00:00,synthetic,synth_gen_GUESSING_HINT,synthetic,1138,40,1326.0,131.6,3,0.3881,0.5747,1,2,2,63518.530513662874,2,0,1,1,1,2,63,55,False,,synthetic,True,2,True
2026-09-17T13:56:41.483705+00:00,synthetic,synth_gen_GUESSING_HINT,synthetic,1139,2,2161.0,161.3,4,1,0.2592,2,5,2,10751.437725470045,2,0,1,15,1,2,32,47,False,,synthetic,True,2,True
2026-09-17T13:56:41.483705+00:00,synthetic,synth_gen_GUESSING_HINT,synthetic,1140,7,3817.1,136.7,2,0.4374,0.1653,1,1,2,57933.15059727586,2,0,4,7,1,2,11,4,False,,synthetic,True,2,True
2026-09-17T13:56:41.483705+00:00,synthetic,synth_gen_GUESSING_HINT,synthetic,1141,43,6344.3,119.2,4,0.6747,0.0119,2,2,5,70211.97917150838,2,0,1,1,1,2,51,61,False,,synthetic,True,2,True
2026-09-17T13:56:41.483705+00:00,synthetic,synth_gen_GUESSING_HINT,synthetic,1142,8,2747.5,143.8,4,0.9798,0.0319,2,6,4,55977.37795325821,2,0,5,20,1,2,60,56,False,,synthetic,True,2,True
2026-09-17T13:56:41.483705+00:00,synthetic,synth_gen_GUESSING_HINT,synthetic,1143,7,3336.8,113.6,2,0.9104,0.3845,1,13,4,62982.34695299286,2,0,3,15,1,2,24,26,False,,synthetic,True,2,True
2026-09-17T13:56:41.483705+00:00,synthetic,synth_gen_GUESSING_HINT,synthetic,1144,17,3189.4,69.7,2,1,0.6354,3,11,4,43623.6620198953,2,0,2,5,1,2,30,21,False,,synthetic,True,2,True
2026-09-17T13:56:41.483705+00:00,synthetic,synth_gen_GUESSING_HINT,synthetic,1145,12,2574.4,66.8,3,1,0,2,11,3,85963.80504971497,2,0,1,6,1,2,27,30,False,,synthetic,True,2,True
2026-09-17T13:56:41.483705+00:00,synthetic,synth_gen_GUESSING_HINT,synthetic,1146,27,1560.5,132.6,3,0.4712,0.2263,2,12,2,14532.564307048953,2,0,5,1,1,2,63,58,False,,synthetic,True,2,True
2026-09-17T13:56:41.483705+00:00,synthetic,synth_gen_GUESSING_HINT,synthetic,1147,12,2068.9,206.0,4,0.5642,0.3489,1,6,3,2613.602706610708,2,0,1,2,1,2,34,46,False,,synthetic,True,2,True
2026-09-17T13:56:41.483705+00:00,synthetic,synth_gen_GUESSING_HINT,synthetic,1148,16,1235.7,222.5,2,0.9221,0,3,15,1,24776.60759943269,2,0,4,3,1,2,1,12,False,,synthetic,True,2,True
2026-09-17T13:56:41.483705+00:00,synthetic,synth_gen_GUESSING_HINT,synthetic,1149,15,1696.5,85.8,2,0.3157,0.093,3,12,3,71406.94774529696,2,0,2,4,1,2,28,20,False,,synthetic,True,2,True
2026-09-17T13:56:41.483705+00:00,synthetic,synth_gen_GUESSING_HINT,synthetic,1150,5,1282.1,101.5,2,0.4581,0.2408,1,12,1,8297.61529188442,2,0,4,6,1,2,62,58,False,,synthetic,True,2,True
2026-09-17T13:56:41.483705+00:00,synthetic,synth_gen_GUESSING_HINT,synthetic,1151,38,2317.8,211.9,2,0.4653,0,1,14,5,81804.27964006082,2,0,4,7,1,2,17,31,False,,synthetic,True,2,True
2026-09-17T13:56:41.483705+00:00,synthetic,synth_gen_GUESSING_HINT,synthetic,1152,48,3522.3,45.5,3,0.3393,0.2258,1,11,2,73238.09251044708,2,0,2,15,1,2,24,19,False,,synthetic,True,2,True
2026-09-17T13:56:41.483705+00:00,synthetic,synth_gen_GUESSING_HINT,synthetic,1153,48,5557.7,91.5,3,0.5623,0.6442,1,1,5,4907.560122645571,2,0,3,17,1,2,8,4,False,,synthetic,True,2,True
2026-09-17T13:56:41.483705+00:00,synthetic,synth_gen_GUESSING_HINT,synthetic,1154,18,2200.1,30,2,0.1052,0.3758,2,9,2,63490.12804694196,2,0,2,5,1,2,28,21,False,,synthetic,True,2,True
2026-09-17T13:56:41.483705+00:00,synthetic,synth_gen_GUESSING_HINT,synthetic,1155,27,721.3,70.5,2,0.3428,0.2723,2,11,3,44056.691889203976,2,0,3,2,1,2,42,37,False,,synthetic,True,2,True
2026-09-17T13:56:41.483705+00:00,synthetic,synth_gen_GUESSING_HINT,synthetic,1156,20,7536.7,118.7,2,0.4777,0,3,15,3,49051.66596134574,2,0,3,12,1,2,44,36,False,,synthetic,True,2,True
2026-09-17T13:56:41.483705+00:00,synthetic,synth_gen_GUESSING_HINT,synthetic,1157,21,3343.8,91.1,4,1,0.2041,1,13,3,43128.703005603435,2,0,4,6,1,2,14,6,False,,synthetic,True,2,True
2026-09-17T13:56:41.483705+00:00,synthetic,synth_gen_GUESSING_HINT,synthetic,1158,38,2262.4,157.2,2,0.6177,0.1474,1,7,4,25209.57613752882,2,0,2,3,1,2,52,53,False,,synthetic,True,2,True
2026-09-17T13:56:41.483705+00:00,synthetic,synth_gen_GUESSING_HINT,synthetic,1159,41,960.1,134.9,4,0.6809,0.5677,1,7,1,78674.65632946517,2,0,3,13,1,2,17,22,False,,synthetic,True,2,True
2026-09-17T13:56:41.483705+00:00,synthetic,synth_gen_GUESSING_HINT,synthetic,1160,29,2560.7,90.7,2,0.5084,0.533,2,6,2,50412.35392670576,2,0,1,11,1,2,41,47,False,,synthetic,True,2,True
2026-09-17T13:56:41.483705+00:00,synthetic,synth_gen_GUESSING_HINT,synthetic,1161,22,1690.8,93.0,4,0.4075,0.1596,1,1,3,60378.40337731019,2,0,3,12,1,2,34,35,False,,synthetic,True,2,True
2026-09-17T13:56:41.483705+00:00,synthetic,synth_gen_GUESSING_HINT,synthetic,1162,26,3354.3,228.8,3,0.0963,0.5451,1,5,5,80474.53018446398,2,0,1,17,1,2,53,62,False,,synthetic,True,2,True
2026-09-17T13:56:41.483705+00:00,synthetic,synth_gen_GUESSING_HINT,synthetic,1163,4,756.0,69.0,3,0.8698,0.4946,2,1,5,70100.52823886528,2,0,2,3,1,2,31,24,False,,synthetic,True,2,True
2026-09-17T13:56:41.483705+00:00,synthetic,synth_gen_GUESSING_HINT,synthetic,1164,0,854.2,126.9,2,0.6431,0.2747,1,9,3,39965.86415305137,2,0,2,3,1,2,55,62,False,,synthetic,True,2,True
2026-09-17T13:56:41.483705+00:00,synthetic,synth_gen_GUESSING_HINT,synthetic,1165,10,4368.8,41.7,4,0.0472,0.4457,3,15,4,56832.69656220634,2,0,2,18,1,2,36,44,False,,synthetic,True,2,True
2026-09-17T13:56:41.483705+00:00,synthetic,synth_gen_GUESSING_HINT,synthetic,1166,28,4853.9,146.6,4,0.7443,0.5389,1,12,3,1194.0055495849144,2,0,2,15,1,2,30,17,False,,synthetic,True,2,True
2026-09-17T13:56:41.483705+00:00,synthetic,synth_gen_GUESSING_HINT,synthetic,1167,42,1417.7,54.0,3,0.6693,0.1688,2,1,3,67013.1657853588,2,0,2,7,1,2,49,52,False,,synthetic,True,2,True
2026-09-17T13:56:41.483705+00:00,synthetic,synth_gen_GUESSING_HINT,synthetic,1168,30,2911.7,75.9,2,0.0476,0.3595,3,4,3,46500.907901285835,2,0,5,13,1,2,13,10,False,,synthetic,True,2,True
2026-09-17T13:56:41.483705+00:00,synthetic,synth_gen_GUESSING_HINT,synthetic,1169,1,2638.0,94.6,3,0.5656,0.2547,3,12,3,28595.672985680434,2,0,2,17,1,2,30,23,False,,synthetic,True,2,True
2026-09-17T13:56:41.483705+00:00,synthetic,synth_gen_GUESSING_HINT,synthetic,1170,31,1561.5,116.8,2,0.4948,0.1827,2,7,2,62036.16087730046,2,0,5,18,1,2,32,41,False,,synthetic,True,2,True
2026-09-17T13:56:41.483705+00:00,synthetic,synth_gen_GUESSING_HINT,synthetic,1171,21,1021.0,132.4,3,0.4032,0.3615,1,14,4,38739.562916502226,2,0,2,1,1,2,58,55,False,,synthetic,True,2,True
2026-09-17T13:56:41.483705+00:00,synthetic,synth_gen_GUESSING_HINT,synthetic,1172,43,2012.3,48.9,3,0.2036,0.2138,3,5,3,67782.91451943986,2,0,2,0,1,2,59,51,False,,synthetic,True,2,True
2026-09-17T13:56:41.483705+00:00,synthetic,synth_gen_GUESSING_HINT,synthetic,1173,28,4694.6,67.0,3,0.5465,0.5223,3,3,3,55303.9159119545,2,0,5,9,1,2,54,63,False,,synthetic,True,2,True
2026-09-17T13:56:41.483705+00:00,synthetic,synth_gen_GUESSING_HINT,synthetic,1174,5,1339.7,118.0,3,0.4953,0.2131,1,2,1,39188.196796453274,2,0,2,12,1,2,43,39,False,,synthetic,True,2,True
2026-09-17T13:56:41.483705+00:00,synthetic,synth_gen_GUESSING_HINT,synthetic,1175,49,1125.9,118.6,2,0.9916,0.0295,2,4,4,73512.90991263255,2,0,4,7,1,2,28,29,False,,synthetic,True,2,True
2026-09-17T13:56:41.483705+00:00,synthetic,synth_gen_GUESSING_HINT,synthetic,1176,17,2684.2,182.6,3,0,0.097,1,2,4,31043.717938617323,2,0,1,15,1,2,3,10,False,,synthetic,True,2,True
2026-09-17T13:56:41.483705+00:00,synthetic,synth_gen_GUESSING_HINT,synthetic,1177,49,2640.5,129.3,3,0.349,0,2,7,1,61813.041431416495,2,0,2,6,1,2,7,5,False,,synthetic,True,2,True
2026-09-17T13:56:41.483705+00:00,synthetic,synth_gen_GUESSING_HINT,synthetic,1178,26,665.1,75.4,2,0.526,0.0606,2,2,3,20569.034188491587,2,0,1,7,1,2,48,55,False,,synthetic,True,2,True
2026-09-17T13:56:41.483705+00:00,synthetic,synth_gen_GUESSING_HINT,synthetic,1179,12,772.9,93.1,2,0.8017,0.2407,1,10,4,38810.007180897286,2,0,3,4,1,2,55,63,False,,synthetic,True,2,True
2026-09-17T13:56:41.483705+00:00,synthetic,synth_gen_GUESSING_HINT,synthetic,1180,29,1400.0,58.2,4,0.0577,0,3,9,5,20641.76772592597,2,0,2,4,1,2,11,1,False,,synthetic,True,2,True
2026-09-17T13:56:41.483705+00:00,synthetic,synth_gen_GUESSING_HINT,synthetic,1181,19,3670.0,156.4,4,0.7564,0.1303,3,13,3,51319.0643820192,2,0,4,1,1,2,33,40,False,,synthetic,True,2,True
2026-09-17T13:56:41.483705+00:00,synthetic,synth_gen_GUESSING_HINT,synthetic,1182,16,3119.8,106.9,2,0.5998,0.5146,2,14,2,78483.21150015129,2,0,1,0,1,2,28,22,False,,synthetic,True,2,True
2026-09-17T13:56:41.483705+00:00,synthetic,synth_gen_GUESSING_HINT,synthetic,1183,33,3164.6,130.5,3,1,0.3409,1,2,4,9217.041613860853,2,0,4,6,1,2,29,25,False,,synthetic,True,2,True
2026-09-17T13:56:41.483705+00:00,synthetic,synth_gen_GUESSING_HINT,synthetic,1184,28,504.1,68.3,2,0.1664,0.2122,1,5,4,70485.43472825935,2,0,4,11,1,2,6,3,False,,synthetic,True,2,True
2026-09-17T13:56:41.483705+00:00,synthetic,synth_gen_GUESSING_HINT,synthetic,1185,7,500,99.9,3,0.6841,0.1492,2,8,2,71013.29858511215,2,0,3,4,1,2,45,33,False,,synthetic,True,2,True
2026-09-17T13:56:41.483705+00:00,synthetic,synth_gen_GUESSING_HINT,synthetic,1186,32,2725.1,72.6,3,0.2731,0.203,2,7,3,51609.97811764074,2,0,1,15,1,2,26,19,False,,synthetic,True,2,True
2026-09-17T13:56:41.483705+00:00,synthetic,synth_gen_GUESSING_HINT,synthetic,1187,34,1227.9,70.3,3,0.5606,0.7655,2,3,3,22328.251723051726,2,0,1,4,1,2,47,36,False,,synthetic,True,2,True
2026-09-17T13:56:41.483705+00:00,synthetic,synth_gen_GUESSING_HINT,synthetic,1188,37,1130.2,88.9,4,0.6578,0.5872,1,2,2,485.0924647741277,2,0,2,17,1,2,54,62,False,,synthetic,True,2,True
2026-09-17T13:56:41.483705+00:00,synthetic,synth_gen_GUESSING_HINT,synthetic,1189,18,3262.3,107.3,4,0.4127,0.2899,1,11,3,57037.617099703566,2,0,5,4,1,2,21,17,False,,synthetic,True,2,True
2026-09-17T13:56:41.483705+00:00,synthetic,synth_gen_GUESSING_HINT,synthetic,1190,19,3137.6,116.6,2,0.9745,0.2622,3,13,1,15951.23704102133,2,0,3,14,1,2,36,41,False,,synthetic,True,2,True
2026-09-17T13:56:41.483705+00:00,synthetic,synth_gen_GUESSING_HINT,synthetic,1191,24,1723.1,114.4,2,0.2254,0.3417,3,13,2,63045.75733287427,2,0,3,15,1,2,53,61,False,,synthetic,True,2,True
2026-09-17T13:56:41.483705+00:00,synthetic,synth_gen_GUESSING_HINT,synthetic,1192,21,1159.8,155.8,3,0.0309,0.1537,1,8,4,47217.04451719171,2,0,5,3,1,2,6,2,False,,synthetic,True,2,True
2026-09-17T13:56:41.483705+00:00,synthetic,synth_gen_GUESSING_HINT,synthetic,1193,19,1956.9,104.6,3,0.5411,0.1605,1,11,4,78221.6281820148,2,0,3,8,1,2,55,53,False,,synthetic,True,2,True
2026-09-17T13:56:41.483705+00:00,synthetic,synth_gen_GUESSING_HINT,synthetic,1194,48,1328.5,75.6,3,0.8373,0.0808,1,4,5,38462.553999766154,2,0,5,5,1,2,48,57,False,,synthetic,True,2,True
2026-09-17T13:56:41.483705+00:00,synthetic,synth_gen_GUESSING_HINT,synthetic,1195,4,798.0,54.6,3,0.8171,0.4573,1,5,1,79765.09494886287,2,0,3,18,1,2,57,52,False,,synthetic,True,2,True
2026-09-17T13:56:41.483705+00:00,synthetic,synth_gen_GUESSING_HINT,synthetic,1196,25,2566.4,156.1,3,0.6484,0.148,3,13,5,4657.714634064765,2,0,1,5,1,2,48,56,False,,synthetic,True,2,True
2026-09-17T13:56:41.483705+00:00,synthetic,synth_gen_GUESSING_HINT,synthetic,1197,11,3468.3,222.9,3,0.3172,0.7148,1,14,1,75572.93228477449,2,0,1,13,1,2,37,36,False,,synthetic,True,2,True
2026-09-17T13:56:41.483705+00:00,synthetic,synth_gen_GUESSING_HINT,synthetic,1198,43,2082.4,166.4,3,0.6733,0,2,8,3,55737.562400704,2,0,1,18,1,2,45,47,False,,synthetic,True,2,True
2026-09-17T13:56:41.483705+00:00,synthetic,synth_gen_GUESSING_HINT,synthetic,1199,15,1147.5,209.2,2,0.767,0.5336,1,11,1,83750.84182024769,2,0,5,0,1,2,18,17,False,,synthetic,True,2,True
2026-09-17T13:56:41.483705+00:00,synthetic,synth_gen_GUESSING_HINT,synthetic,1200,24,500,177.7,2,0.5996,0,1,10,1,61491.01955060083,2,0,4,3,1,2,39,47,False,,synthetic,True,2,True
2026-09-17T13:56:41.483705+00:00,synthetic,synth_gen_GUESSING_HINT,synthetic,1201,47,2857.0,102.4,4,0.6964,0.1216,3,9,1,78481.85744186965,2,0,3,9,1,2,6,15,False,,synthetic,True,2,True
2026-09-17T13:56:41.483705+00:00,synthetic,synth_gen_GUESSING_HINT,synthetic,1202,18,543.3,46.9,2,0.8818,0,1,8,4,63038.795467548094,2,0,5,13,1,2,45,44,False,,synthetic,True,2,True
2026-09-17T13:56:41.483705+00:00,synthetic,synth_gen_GUESSING_HINT,synthetic,1203,17,4523.2,165.4,4,1,0.2135,2,15,2,9024.227409889281,2,0,1,4,1,2,10,3,False,,synthetic,True,2,True
2026-09-17T13:56:41.483705+00:00,synthetic,synth_gen_GUESSING_HINT,synthetic,1204,8,1982.9,86.0,2,0.201,0,1,9,3,45456.19098644558,2,0,3,18,1,2,16,24,False,,synthetic,True,2,True
2026-09-17T13:56:41.483705+00:00,synthetic,synth_gen_GUESSING_HINT,synthetic,1205,40,3495.1,93.0,2,0.0839,0.427,1,11,4,33046.96735889657,2,0,3,16,1,2,21,16,False,,synthetic,True,2,True
2026-09-17T13:56:41.483705+00:00,synthetic,synth_gen_GUESSING_HINT,synthetic,1206,46,2694.1,65.4,4,0.1783,0.5437,2,15,5,26515.495384152102,2,0,3,2,1,2,9,8,False,,synthetic,True,2,True
2026-09-17T13:56:41.483705+00:00,synthetic,synth_gen_GUESSING_HINT,synthetic,1207,19,3114.1,71.1,3,0.2528,0.373,1,15,4,20876.41273820703,2,0,4,3,1,2,38,46,False,,synthetic,True,2,True
2026-09-17T13:56:41.483705+00:00,synthetic,synth_gen_GUESSING_HINT,synthetic,1208,24,3630.1,125.5,2,0.3845,0.3283,1,11,5,29112.47229643113,2,0,4,5,1,2,57,51,False,,synthetic,True,2,True
2026-09-17T13:56:41.483705+00:00,synthetic,synth_gen_GUESSING_HINT,synthetic,1209,28,3104.0,227.6,3,0.6638,0.448,3,9,3,73456.2810997585,2,0,5,16,1,2,30,31,False,,synthetic,True,2,True
2026-09-17T13:56:41.483705+00:00,synthetic,synth_gen_GUESSING_HINT,synthetic,1210,32,1031.1,53.4,3,0.4025,0.0802,2,12,1,3623.0858095860867,2,0,4,2,1,2,59,56,False,,synthetic,True,2,True
2026-09-17T13:56:41.483705+00:00,synthetic,synth_gen_GUESSING_HINT,synthetic,1211,3,813.5,51.7,2,0.7026,0.2935,2,3,2,53282.85456138453,2,0,5,4,1,2,3,10,False,,synthetic,True,2,True
2026-09-17T13:56:41.483705+00:00,synthetic,synth_gen_GUESSING_HINT,synthetic,1212,13,3003.0,109.6,3,1,0.7729,3,13,1,73131.42626957851,2,0,3,12,1,2,51,55,False,,synthetic,True,2,True
2026-09-17T13:56:41.483705+00:00,synthetic,synth_gen_GUESSING_HINT,synthetic,1213,40,4896.8,81.7,4,0.2698,0.0105,3,8,3,46889.45391834672,2,0,1,12,1,2,11,12,False,,synthetic,True,2,True
2026-09-17T13:56:41.483705+00:00,synthetic,synth_gen_GUESSING_HINT,synthetic,1214,19,1784.0,96.9,2,0.3496,0.4469,3,14,3,32490.653052508227,2,0,3,2,1,2,55,48,False,,synthetic,True,2,True
2026-09-17T13:56:41.483705+00:00,synthetic,synth_gen_GUESSING_HINT,synthetic,1215,17,1969.5,70.2,2,0.4737,0.2796,3,14,1,7808.741945827629,2,0,1,1,1,2,42,39,False,,synthetic,True,2,True
2026-09-17T13:56:41.483705+00:00,synthetic,synth_gen_GUESSING_HINT,synthetic,1216,35,3393.8,47.7,3,0.3127,0.0642,1,3,5,13818.950281316536,2,0,4,19,1,2,5,11,False,,synthetic,True,2,True
2026-09-17T13:56:41.483705+00:00,synthetic,synth_gen_GUESSING_HINT,synthetic,1217,18,1117.1,46.6,2,0.3458,0.2789,2,10,2,74971.58934370588,2,0,1,6,1,2,3,12,False,,synthetic,True,2,True
2026-09-17T13:56:41.483705+00:00,synthetic,synth_gen_GUESSING_HINT,synthetic,1218,7,2567.7,192.4,3,1,0.3153,1,5,1,26549.92382824556,2,0,3,7,1,2,8,2,False,,synthetic,True,2,True
2026-09-17T13:56:41.483705+00:00,synthetic,synth_gen_GUESSING_HINT,synthetic,1219,13,900.2,210.1,3,0.5005,0.3194,1,9,2,33076.57214277926,2,0,2,11,1,2,36,44,False,,synthetic,True,2,True
2026-09-17T13:56:41.483705+00:00,synthetic,synth_gen_GUESSING_HINT,synthetic,1220,35,5329.1,62.1,4,1,0,1,10,4,78981.28442613382,2,0,4,11,1,2,63,62,False,,synthetic,True,2,True
2026-09-17T13:56:41.483705+00:00,synthetic,synth_gen_GUESSING_HINT,synthetic,1221,17,2168.9,52.3,3,0.3059,0.3579,1,14,1,18821.51983205548,2,0,1,2,1,2,37,34,False,,synthetic,True,2,True
2026-09-17T13:56:41.483705+00:00,synthetic,synth_gen_GUESSING_HINT,synthetic,1222,4,5781.8,88.7,4,0.822,0.2752,1,9,1,28165.316522904977,2,0,3,5,1,2,59,61,False,,synthetic,True,2,True
2026-09-17T13:56:41.483705+00:00,synthetic,synth_gen_GUESSING_HINT,synthetic,1223,39,3613.1,41.1,4,0.5434,0.4129,3,11,4,69852.18582760314,2,0,2,6,1,2,16,30,False,,synthetic,True,2,True
2026-09-17T13:56:41.483705+00:00,synthetic,synth_gen_GUESSING_HINT,synthetic,1224,26,1028.0,71.8,3,0.2292,0.352,3,7,5,83669.06913023221,2,0,5,10,1,2,47,43,False,,synthetic,True,2,True
2026-09-17T13:56:41.483705+00:00,synthetic,synth_gen_GUESSING_HINT,synthetic,1225,41,2432.3,83.2,3,0.5532,0.3362,3,5,4,72513.71652388012,2,0,3,16,1,2,28,16,False,,synthetic,True,2,True
2026-09-17T13:56:41.483705+00:00,synthetic,synth_gen_GUESSING_HINT,synthetic,1226,11,802.2,120.4,3,0.7682,0.0741,3,11,3,48617.27016398754,2,0,4,3,1,2,51,49,False,,synthetic,True,2,True
2026-09-17T13:56:41.483705+00:00,synthetic,synth_gen_GUESSING_HINT,synthetic,1227,43,2138.9,94.1,3,0.7368,0.0526,1,15,5,40805.423923624956,2,0,4,2,1,2,15,13,False,,synthetic,True,2,True
2026-09-17T13:56:41.483705+00:00,synthetic,synth_gen_GUESSING_HINT,synthetic,1228,3,1801.7,55.2,2,0.5281,0,1,4,1,66789.86512290874,2,0,4,7,1,2,32,41,False,,synthetic,True,2,True
2026-09-17T13:56:41.483705+00:00,synthetic,synth_gen_GUESSING_HINT,synthetic,1229,32,2645.0,86.1,2,0.2799,0.0425,2,4,4,4970.065967847782,2,0,5,2,1,2,22,29,False,,synthetic,True,2,True
2026-09-17T13:56:41.483705+00:00,synthetic,synth_gen_GUESSING_HINT,synthetic,1230,39,1442.0,95.9,3,0,0.1683,2,10,1,42563.36728285837,2,0,4,19,1,2,28,16,False,,synthetic,True,2,True
2026-09-17T13:56:41.483705+00:00,synthetic,synth_gen_GUESSING_HINT,synthetic,1231,44,2860.7,30,2,0.3606,0.4489,3,12,1,75143.14285109569,2,0,2,12,1,2,16,28,False,,synthetic,True,2,True
2026-09-17T13:56:41.483705+00:00,synthetic,synth_gen_GUESSING_HINT,synthetic,1232,22,1429.5,47.2,4,0.6164,0.2993,1,10,1,36149.87099047883,2,0,1,14,1,2,53,55,False,,synthetic,True,2,True
2026-09-17T13:56:41.483705+00:00,synthetic,synth_gen_GUESSING_HINT,synthetic,1233,48,1109.6,47.8,3,0.8124,0.104,1,2,2,6211.404598766061,2,0,5,16,1,2,29,18,False,,synthetic,True,2,True
2026-09-17T13:56:41.483705+00:00,synthetic,synth_gen_GUESSING_HINT,synthetic,1234,31,2310.0,78.8,4,0.3042,0.2317,2,2,1,34044.33103565629,2,0,3,18,1,2,45,37,False,,synthetic,True,2,True
2026-09-17T13:56:41.483705+00:00,synthetic,synth_gen_GUESSING_HINT,synthetic,1235,43,3776.9,93.1,2,0.7296,0.3721,3,6,5,77631.48592745654,2,0,5,0,1,2,13,4,False,,synthetic,True,2,True
2026-09-17T13:56:41.483705+00:00,synthetic,synth_gen_GUESSING_HINT,synthetic,1236,46,7856.9,122.7,2,0,0.468,3,7,5,19570.593840130885,2,0,4,2,1,2,29,27,False,,synthetic,True,2,True
2026-09-17T13:56:41.483705+00:00,synthetic,synth_gen_GUESSING_HINT,synthetic,1237,40,2027.5,183.8,3,0.2269,0.2802,3,15,5,16731.236049720486,2,0,3,4,1,2,61,60,False,,synthetic,True,2,True
2026-09-17T13:56:41.483705+00:00,synthetic,synth_gen_GUESSING_HINT,synthetic,1238,22,3808.7,96.0,3,0.6135,0.2319,3,9,5,75624.6778889057,2,0,4,3,1,2,49,54,False,,synthetic,True,2,True
2026-09-17T13:56:41.483705+00:00,synthetic,synth_gen_GUESSING_HINT,synthetic,1239,36,2486.6,72.4,2,0.334,0.8215,3,2,3,29345.250995233004,2,0,5,0,1,2,33,35,False,,synthetic,True,2,True
2026-09-17T13:56:41.483705+00:00,synthetic,synth_gen_GUESSING_HINT,synthetic,1240,37,1098.8,98.5,4,1,0.3016,1,5,5,49056.27544371203,2,0,4,4,1,2,62,56,False,,synthetic,True,2,True
2026-09-17T13:56:41.483705+00:00,synthetic,synth_gen_GUESSING_HINT,synthetic,1241,34,2999.0,117.0,4,1,0.236,1,11,1,19898.794091526648,2,0,2,8,1,2,44,46,False,,synthetic,True,2,True
