created_at,user_id,session_id,device_id,attempt_index,char_id,response_time,press_duration,retry_count,prev_accuracy,prev_mastery,hint_count,session_number,difficulty_level,time_since_last_practice,prev_confidence,current_streak,wrong_streak,prev_mistakes,teaching_action,confidence_state,expected_pattern,entered_pattern,is_correct,press_order,source,is_synthetic,spec_version,braille_map_verified
2026-03-06T18:35:04.894905+00:00,SYN000,syn_SYN000_1,synth_dev_0,0,29.0,1111.5501726111438,73.3481500244758,0.0,0.0,0.0,0.0,1.0,1.0,604800.0,1.0,0.0,1.0,0.0,0,1,46,42,False,"[4, 2, 6]",synthetic,True,2,True
2026-03-06T18:35:15.666540+00:00,SYN000,syn_SYN000_1,synth_dev_0,1,29.0,1656.714906558292,60.69192241975316,1.0,0.0,0.0,0.0,1.0,1.0,10.771634765625,1.0,1.0,0.0,1.0,2,1,46,46,True,"[3, 6, 2, 4]",synthetic,True,2,True
2026-03-06T18:35:23.563131+00:00,SYN000,syn_SYN000_1,synth_dev_0,2,26.0,5377.630211709292,107.25902995774933,0.0,0.0,0.0,0.0,1.0,1.0,604800.0,1.0,0.0,1.0,0.0,0,1,30,26,False,"[2, 5, 4]",synthetic,True,2,True
2026-03-06T18:35:29.559137+00:00,SYN000,syn_SYN000_1,synth_dev_0,3,26.0,1021.1664704135773,59.43896574443451,1.0,0.0,0.0,0.0,1.0,1.0,5.996006103515625,1.0,1.0,0.0,1.0,2,1,30,30,True,"[2, 5, 3, 4]",synthetic,True,2,True
2026-03-06T18:35:36.008340+00:00,SYN000,syn_SYN000_1,synth_dev_0,4,4.0,5387.692942928154,68.02442952495812,0.0,0.0,0.0,0.0,1.0,1.0,604800.0,1.0,0.0,1.0,0.0,0,1,37,41,False,"[6, 1, 4]",synthetic,True,2,True
2026-03-06T18:35:42.081251+00:00,SYN000,syn_SYN000_1,synth_dev_0,5,4.0,2846.674995960111,141.4055156108022,1.0,0.0,0.0,0.0,1.0,1.0,6.0729111328125,1.0,0.0,2.0,1.0,1,1,37,5,False,"[1, 3]",synthetic,True,2,True
2026-03-06T18:35:49.337928+00:00,SYN000,syn_SYN000_1,synth_dev_0,6,4.0,2888.0798030096676,60.578886262577555,2.0,0.0,0.0,1.0,1.0,1.0,7.256677001953125,1.0,0.0,3.0,2.0,1,2,37,35,False,"[2, 6, 1]",synthetic,True,2,True
2026-03-06T18:35:59.960870+00:00,SYN000,syn_SYN000_1,synth_dev_0,7,4.0,1864.4315607892402,95.17456473311498,3.0,0.0,0.0,2.0,1.0,1.0,10.622942138671876,2.0,0.0,4.0,3.0,1,2,37,33,False,"[1, 6]",synthetic,True,2,True
2026-03-06T18:36:06.504341+00:00,SYN000,syn_SYN000_1,synth_dev_0,8,4.0,3109.845422171368,66.49314260881151,0.0,0.0,0.0,0.0,1.0,1.0,6.543470703125,2.0,0.0,5.0,4.0,0,1,37,33,False,"[1, 6]",synthetic,True,2,True
2026-03-06T18:36:15.103447+00:00,SYN000,syn_SYN000_1,synth_dev_0,9,4.0,5133.509056730195,72.58566629951389,1.0,0.0,0.0,0.0,1.0,1.0,8.599106201171875,1.0,1.0,0.0,5.0,2,1,37,37,True,"[6, 3, 1]",synthetic,True,2,True
2026-03-06T18:36:19.356238+00:00,SYN000,syn_SYN000_1,synth_dev_0,10,4.0,1206.6355646035013,199.80490049110372,0.0,0.16666666666666666,0.25,0.0,1.0,1.0,4.252790771484375,1.0,2.0,0.0,5.0,2,0,37,37,True,"[6, 1, 3]",synthetic,True,2,True
2026-03-06T18:36:29.744817+00:00,SYN000,syn_SYN000_1,synth_dev_0,11,36.0,795.5450807129388,89.2952558109477,0.0,0.0,0.0,0.0,1.0,1.0,604800.0,1.0,0.0,1.0,0.0,0,1,61,17,False,"[1, 5]",synthetic,True,2,True
2026-03-06T18:36:35.321389+00:00,SYN000,syn_SYN000_1,synth_dev_0,12,36.0,4487.861965500579,166.86025961542703,1.0,0.0,0.0,0.0,1.0,1.0,5.57657177734375,1.0,1.0,0.0,1.0,2,1,61,61,True,"[3, 6, 5, 1, 4]",synthetic,True,2,True
2026-03-06T18:36:38.939114+00:00,SYN000,syn_SYN000_1,synth_dev_0,13,42.0,1475.259660999409,171.54406249811507,0.0,0.0,0.0,0.0,1.0,1.0,604800.0,1.0,0.0,1.0,0.0,0,1,19,44,False,"[6, 3, 4]",synthetic,True,2,True
2026-03-06T18:36:52.865895+00:00,SYN000,syn_SYN000_1,synth_dev_0,14,42.0,1453.3570517520716,72.4251182976339,1.0,0.0,0.0,0.0,1.0,1.0,13.926781005859375,1.0,1.0,0.0,1.0,2,1,19,19,True,"[1, 2, 5]",synthetic,True,2,True
2026-03-06T18:36:59.014308+00:00,SYN000,syn_SYN000_1,synth_dev_0,15,24.0,5054.411230660367,262.18264146723465,0.0,0.0,0.0,0.0,1.0,1.0,604800.0,1.0,0.0,1.0,0.0,0,1,63,62,False,"[4, 6, 5, 2, 3]",synthetic,True,2,True
2026-03-06T18:37:11.333192+00:00,SYN000,syn_SYN000_1,synth_dev_0,16,24.0,2160.6178819567203,71.41189234988808,1.0,0.0,0.0,0.0,1.0,1.0,12.31888427734375,1.0,1.0,0.0,1.0,2,1,63,63,True,"[4, 3, 2, 6, 1, 5]",synthetic,True,2,True
2026-03-06T18:37:22.070173+00:00,SYN000,syn_SYN000_1,synth_dev_0,17,10.0,9591.439473275144,44.03495461929995,0.0,0.0,0.0,0.0,1.0,1.0,604800.0,1.0,1.0,0.0,0.0,2,2,42,42,True,"[6, 4, 2]",synthetic,True,2,True
2026-03-06T18:37:33.686056+00:00,SYN000,syn_SYN000_1,synth_dev_0,18,35.0,1574.3731682228586,67.14582549018358,0.0,0.0,0.0,0.0,1.0,1.0,604800.0,1.0,0.0,1.0,0.0,0,1,13,9,False,"[1, 4]",synthetic,True,2,True
2026-03-06T19:48:41.556324+00:00,SYN000,syn_SYN000_2,synth_dev_0,0,6.0,5421.011763534245,101.27863345812074,0.0,0.0,0.0,0.0,2.0,1.0,604800.0,1.0,1.0,0.0,0.0,2,1,23,23,True,"[5, 3, 1, 2]",synthetic,True,2,True
2026-03-06T19:48:46.962400+00:00,SYN000,syn_SYN000_2,synth_dev_0,1,49.0,2534.884672392089,62.724069565902866,0.0,0.0,0.0,0.0,2.0,1.0,604800.0,1.0,0.0,1.0,0.0,0,1,4,63,False,"[1, 5, 4, 6, 2, 3]",synthetic,True,2,True
2026-03-06T19:48:55.859438+00:00,SYN000,syn_SYN000_2,synth_dev_0,2,49.0,1544.3807702811011,57.07406937092572,1.0,0.0,0.0,0.0,2.0,1.0,8.8970380859375,1.0,1.0,0.0,1.0,2,1,4,4,True,[3],synthetic,True,2,True
2026-03-06T19:49:05.741522+00:00,SYN000,syn_SYN000_2,synth_dev_0,3,5.0,1488.8276275762396,54.611870397513485,0.0,0.0,0.0,0.0,2.0,1.0,604800.0,1.0,0.0,1.0,0.0,0,1,51,59,False,"[6, 2, 1, 5, 4]",synthetic,True,2,True
2026-03-06T19:49:12.970928+00:00,SYN000,syn_SYN000_2,synth_dev_0,4,5.0,4673.729294776268,71.59902668576099,1.0,0.0,0.0,0.0,2.0,1.0,7.229406005859375,1.0,1.0,0.0,1.0,2,1,51,51,True,"[1, 6, 5, 2]",synthetic,True,2,True
2026-03-06T19:49:17.390731+00:00,SYN000,syn_SYN000_2,synth_dev_0,5,42.0,2381.9669835365085,83.94773235805893,0.0,0.5,0.25,0.0,2.0,1.0,4344.52483618164,1.0,2.0,0.0,1.0,2,0,19,19,True,"[5, 1, 2]",synthetic,True,2,True
2026-03-06T19:49:30.445967+00:00,SYN000,syn_SYN000_2,synth_dev_0,6,32.0,1975.128879849037,98.04732342538983,0.0,0.0,0.0,0.0,2.0,1.0,604800.0,1.0,0.0,1.0,0.0,0,1,22,6,False,"[3, 2]",synthetic,True,2,True
2026-03-06T19:49:44.394284+00:00,SYN000,syn_SYN000_2,synth_dev_0,7,32.0,1190.365459555413,97.62993719280581,1.0,0.0,0.0,0.0,2.0,1.0,13.94831689453125,1.0,1.0,0.0,1.0,2,1,22,22,True,"[3, 5, 2]",synthetic,True,2,True
2026-03-06T19:49:56.522395+00:00,SYN000,syn_SYN000_2,synth_dev_0,8,9.0,7384.553264688883,76.15718135801721,0.0,0.0,0.0,0.0,2.0,1.0,604800.0,1.0,1.0,0.0,0.0,2,2,21,21,True,"[3, 5, 1]",synthetic,True,2,True
2026-03-06T19:50:10.441701+00:00,SYN000,syn_SYN000_2,synth_dev_0,9,5.0,14990.0,136.6627390113537,0.0,0.5,0.25,0.0,2.0,1.0,57.47077294921875,1.0,0.0,1.0,1.0,0,2,51,60,False,"[6, 3, 5, 4]",synthetic,True,2,True
2026-03-06T19:50:17.966591+00:00,SYN000,syn_SYN000_2,synth_dev_0,10,5.0,2739.189603945541,22.724412820216326,1.0,0.3333333333333333,0.1625,0.0,2.0,1.0,7.524889892578125,2.0,1.0,0.0,2.0,2,1,51,51,True,"[5, 6, 2, 1]",synthetic,True,2,True
2026-03-06T19:50:26.428936+00:00,SYN000,syn_SYN000_2,synth_dev_0,11,8.0,9334.242652452614,137.07336301707505,0.0,0.0,0.0,0.0,2.0,1.0,604800.0,1.0,1.0,0.0,0.0,2,2,12,12,True,"[3, 4]",synthetic,True,2,True
2026-03-06T19:50:29.802818+00:00,SYN000,syn_SYN000_2,synth_dev_0,12,38.0,1741.1588759986653,126.0938709363162,0.0,0.0,0.0,0.0,2.0,1.0,604800.0,1.0,0.0,1.0,0.0,0,1,7,23,False,"[2, 1, 5, 3]",synthetic,True,2,True
2026-03-06T19:50:39.147590+00:00,SYN000,syn_SYN000_2,synth_dev_0,13,38.0,2326.311641662628,54.0221313442385,1.0,0.0,0.0,0.0,2.0,1.0,9.344771728515624,1.0,1.0,0.0,1.0,2,1,7,7,True,"[1, 2, 3]",synthetic,True,2,True
2026-03-06T19:50:43.773789+00:00,SYN000,syn_SYN000_2,synth_dev_0,14,15.0,3008.481720791945,42.366873112667676,0.0,0.0,0.0,0.0,2.0,1.0,604800.0,1.0,0.0,1.0,0.0,0,1,44,12,False,"[4, 3]",synthetic,True,2,True
2026-03-06T19:50:47.160306+00:00,SYN000,syn_SYN000_2,synth_dev_0,15,15.0,14990.0,136.93557221425408,1.0,0.0,0.0,0.0,2.0,1.0,3.38651708984375,1.0,1.0,0.0,1.0,2,2,44,44,True,"[4, 3, 6]",synthetic,True,2,True
2026-03-06T19:50:59.570317+00:00,SYN000,syn_SYN000_2,synth_dev_0,16,33.0,514.2789777419741,85.01130341144024,0.0,0.0,0.0,0.0,2.0,1.0,604800.0,1.0,1.0,0.0,0.0,2,0,3,3,True,"[2, 1]",synthetic,True,2,True
2026-03-06T19:51:05.204257+00:00,SYN000,syn_SYN000_2,synth_dev_0,17,41.0,2104.9923009309246,91.61556624401044,0.0,0.0,0.0,0.0,2.0,1.0,604800.0,1.0,0.0,1.0,0.0,0,1,14,12,False,"[4, 3]",synthetic,True,2,True
2026-03-07T23:51:20.103982+00:00,SYN000,syn_SYN000_3,synth_dev_0,0,0.0,5549.43206536846,135.261261322503,0.0,0.0,0.0,0.0,3.0,1.0,604800.0,1.0,0.0,1.0,0.0,0,1,1,60,False,"[3, 6, 5, 4]",synthetic,True,2,True
2026-03-07T23:51:31.771781+00:00,SYN000,syn_SYN000_3,synth_dev_0,1,0.0,4055.9879258386363,108.257968810941,1.0,0.0,0.0,0.0,3.0,1.0,11.667799072265625,1.0,1.0,0.0,1.0,2,1,1,1,True,[1],synthetic,True,2,True
2026-03-07T23:51:44.359620+00:00,SYN000,syn_SYN000_3,synth_dev_0,2,41.0,7432.461271119373,74.17219862174535,0.0,0.0,0.0,0.0,3.0,1.0,100836.0982770996,1.0,0.0,3.0,2.0,0,2,14,30,False,"[3, 4, 5, 2]",synthetic,True,2,True
2026-03-07T23:51:51.792712+00:00,SYN000,syn_SYN000_3,synth_dev_0,3,41.0,1115.9595578864312,102.25695241551094,1.0,0.0,0.0,0.0,3.0,1.0,7.433091796875,2.0,1.0,0.0,3.0,2,1,14,14,True,"[3, 2, 4]",synthetic,True,2,True
2026-03-07T23:51:58.551922+00:00,SYN000,syn_SYN000_3,synth_dev_0,4,12.0,5292.142721018051,109.44576436549448,0.0,0.0,0.0,0.0,3.0,1.0,604800.0,1.0,1.0,0.0,0.0,2,1,45,45,True,"[1, 3, 6, 4]",synthetic,True,2,True
2026-03-07T23:52:01.593988+00:00,SYN000,syn_SYN000_3,synth_dev_0,5,12.0,2557.6486606810395,75.60246375906188,0.0,1.0,0.25,0.0,3.0,1.0,3.04206591796875,1.0,0.0,1.0,0.0,0,1,45,47,False,"[2, 1, 4, 3, 6]",synthetic,True,2,True
2026-03-07T23:52:10.510525+00:00,SYN000,syn_SYN000_3,synth_dev_0,6,12.0,4409.769081268797,99.02406052432448,1.0,0.5,0.1625,0.0,3.0,1.0,8.916536865234375,1.0,1.0,0.0,1.0,2,1,45,45,True,"[1, 6, 4, 3]",synthetic,True,2,True
2026-03-07T23:52:15.979466+00:00,SYN000,syn_SYN000_3,synth_dev_0,7,17.0,1577.5119582768243,48.080179712830486,0.0,0.0,0.0,0.0,3.0,1.0,604800.0,1.0,0.0,1.0,0.0,0,1,33,41,False,"[1, 4, 6]",synthetic,True,2,True
2026-03-07T23:52:27.793909+00:00,SYN000,syn_SYN000_3,synth_dev_0,8,17.0,8604.38290101036,113.66743813060891,1.0,0.0,0.0,0.0,3.0,1.0,11.814443115234376,1.0,0.0,2.0,1.0,1,2,33,55,False,"[6, 1, 2, 3, 5]",synthetic,True,2,True
2026-03-07T23:52:38.193499+00:00,SYN000,syn_SYN000_3,synth_dev_0,9,17.0,470.65063678066105,71.82743383474912,2.0,0.0,0.0,1.0,3.0,1.0,10.39958984375,2.0,1.0,0.0,2.0,2,2,33,33,True,"[1, 6]",synthetic,True,2,True
2026-03-07T23:52:41.393939+00:00,SYN000,syn_SYN000_3,synth_dev_0,10,11.0,5442.06196224357,36.22865313302458,0.0,0.0,0.0,0.0,3.0,1.0,604800.0,1.0,0.0,1.0,0.0,0,1,5,4,False,[3],synthetic,True,2,True
2026-03-07T23:52:54.178236+00:00,SYN000,syn_SYN000_3,synth_dev_0,11,11.0,2722.53713889015,60.623407085850914,1.0,0.0,0.0,0.0,3.0,1.0,12.784297119140625,1.0,0.0,2.0,1.0,1,1,5,7,False,"[2, 3, 1]",synthetic,True,2,True
2026-03-07T23:53:02.877650+00:00,SYN000,syn_SYN000_3,synth_dev_0,12,11.0,1558.760924188028,34.80042011924287,2.0,0.0,0.0,1.0,3.0,1.0,8.699413818359375,1.0,1.0,0.0,2.0,2,2,5,5,True,"[3, 1]",synthetic,True,2,True
2026-03-07T23:53:06.823192+00:00,SYN000,syn_SYN000_3,synth_dev_0,13,14.0,6562.918870961419,104.9327666489544,0.0,0.0,0.0,0.0,3.0,1.0,604800.0,1.0,0.0,1.0,0.0,0,2,35,39,False,"[2, 1, 3, 6]",synthetic,True,2,True
2026-03-07T23:53:20.638011+00:00,SYN000,syn_SYN000_3,synth_dev_0,14,14.0,14990.0,44.18782824403498,1.0,0.0,0.0,0.0,3.0,1.0,13.814819091796876,2.0,0.0,2.0,1.0,1,2,35,33,False,"[6, 1]",synthetic,True,2,True
2026-03-07T23:53:29.278835+00:00,SYN000,syn_SYN000_3,synth_dev_0,15,14.0,2708.6588310793354,244.22812302840137,2.0,0.0,0.0,1.0,3.0,1.0,8.640823974609376,2.0,1.0,0.0,2.0,2,2,35,35,True,"[6, 2, 1]",synthetic,True,2,True
2026-03-07T23:53:42.661784+00:00,SYN000,syn_SYN000_3,synth_dev_0,16,49.0,2681.0489116067033,181.81813069891498,0.0,0.5,0.25,0.0,3.0,1.0,101086.80234594726,1.0,2.0,0.0,1.0,2,1,4,4,True,[3],synthetic,True,2,True
2026-03-07T23:53:49.061149+00:00,SYN000,syn_SYN000_3,synth_dev_0,17,19.0,257.874592105523,145.4167366325527,0.0,0.0,0.0,0.0,3.0,1.0,604800.0,1.0,0.0,1.0,0.0,0,1,53,52,False,"[6, 5, 3]",synthetic,True,2,True
2026-03-07T23:53:55.932903+00:00,SYN000,syn_SYN000_3,synth_dev_0,18,19.0,772.9898296594807,94.98772493408599,1.0,0.0,0.0,0.0,3.0,1.0,6.871754150390625,1.0,0.0,2.0,1.0,1,1,53,61,False,"[6, 3, 1, 5, 4]",synthetic,True,2,True
2026-03-08T05:26:01.945616+00:00,SYN000,syn_SYN000_4,synth_dev_0,0,8.0,3598.028919713093,68.5600979913263,0.0,1.0,0.25,0.0,4.0,1.0,120935.51667993164,2.0,0.0,1.0,0.0,0,1,12,8,False,[4],synthetic,True,2,True
2026-03-08T05:26:06.088724+00:00,SYN000,syn_SYN000_4,synth_dev_0,1,8.0,14990.0,86.47527001008733,1.0,0.5,0.1625,0.0,4.0,1.0,4.14310791015625,1.0,1.0,0.0,1.0,2,2,12,12,True,"[3, 4]",synthetic,True,2,True
2026-03-08T05:26:11.810801+00:00,SYN000,syn_SYN000_4,synth_dev_0,2,34.0,8383.125808299046,168.17413422459228,0.0,0.0,0.0,0.0,4.0,1.0,604800.0,1.0,0.0,1.0,0.0,0,2,39,7,False,"[1, 2, 3]",synthetic,True,2,True
2026-03-08T05:26:24.208448+00:00,SYN000,syn_SYN000_4,synth_dev_0,3,34.0,5203.749321144185,93.23513223828974,1.0,0.0,0.0,0.0,4.0,1.0,12.39764697265625,2.0,1.0,0.0,1.0,2,1,39,39,True,"[6, 1, 2, 3]",synthetic,True,2,True
2026-03-08T05:26:30.596501+00:00,SYN000,syn_SYN000_4,synth_dev_0,4,24.0,8030.4824919294215,89.99125088231558,0.0,0.5,0.25,0.0,4.0,1.0,125359.26330908203,1.0,2.0,0.0,1.0,2,2,63,63,True,"[4, 1, 3, 2, 5, 6]",synthetic,True,2,True
2026-03-08T05:26:33.648039+00:00,SYN000,syn_SYN000_4,synth_dev_0,5,27.0,2582.4061536301315,170.47487202878224,0.0,0.0,0.0,0.0,4.0,1.0,604800.0,1.0,0.0,1.0,0.0,0,1,57,61,False,"[4, 5, 1, 6, 3]",synthetic,True,2,True
2026-03-08T05:26:39.618294+00:00,SYN000,syn_SYN000_4,synth_dev_0,6,27.0,4047.497172012078,118.84489117102495,1.0,0.0,0.0,0.0,4.0,1.0,5.9702548828125,1.0,1.0,0.0,1.0,2,1,57,57,True,"[6, 1, 5, 4]",synthetic,True,2,True
2026-03-08T05:26:52.151073+00:00,SYN000,syn_SYN000_4,synth_dev_0,7,25.0,3204.0801451845336,189.00181715065813,0.0,0.0,0.0,0.0,4.0,1.0,604800.0,1.0,0.0,1.0,0.0,0,1,60,28,False,"[3, 4, 5]",synthetic,True,2,True
2026-03-08T05:27:01.207572+00:00,SYN000,syn_SYN000_4,synth_dev_0,8,25.0,563.9559955966004,67.84944821932372,1.0,0.0,0.0,0.0,4.0,1.0,9.0564990234375,1.0,1.0,0.0,1.0,2,1,60,60,True,"[6, 5, 4, 3]",synthetic,True,2,True
2026-03-08T05:27:04.561310+00:00,SYN000,syn_SYN000_4,synth_dev_0,9,19.0,2380.036806847217,78.74267394897485,0.0,0.0,0.0,0.0,4.0,1.0,19988.62840698242,1.0,0.0,3.0,2.0,0,1,53,52,False,"[5, 3, 6]",synthetic,True,2,True
2026-03-08T05:27:11.521089+00:00,SYN000,syn_SYN000_4,synth_dev_0,10,19.0,1182.447029819082,128.27619290143446,1.0,0.0,0.0,0.0,4.0,1.0,6.959779052734375,1.0,0.0,4.0,3.0,1,1,53,52,False,"[6, 3, 5]",synthetic,True,2,True
2026-03-08T05:27:25.311819+00:00,SYN000,syn_SYN000_4,synth_dev_0,11,19.0,3102.5622477300262,56.593876264184836,2.0,0.0,0.0,1.0,4.0,1.0,13.79072998046875,1.0,1.0,0.0,4.0,2,2,53,53,True,"[3, 5, 6, 1]",synthetic,True,2,True
2026-03-08T05:27:30.223734+00:00,SYN000,syn_SYN000_4,synth_dev_0,12,42.0,1707.3610381242563,107.61668022271172,0.0,0.6666666666666666,0.4375,0.0,4.0,1.0,121092.83300268554,0.0,3.0,0.0,1.0,2,0,19,19,True,"[5, 1, 2]",synthetic,True,2,True
2026-03-08T05:27:40.715739+00:00,SYN000,syn_SYN000_4,synth_dev_0,13,2.0,5875.452905758339,83.38357200362496,0.0,0.0,0.0,0.0,4.0,1.0,604800.0,1.0,0.0,1.0,0.0,0,1,10,2,False,[2],synthetic,True,2,True
2026-03-08T05:27:52.874759+00:00,SYN000,syn_SYN000_4,synth_dev_0,14,2.0,5248.8617963665065,172.27602715725425,1.0,0.0,0.0,0.0,4.0,1.0,12.15902001953125,1.0,0.0,2.0,1.0,1,1,10,26,False,"[4, 2, 5]",synthetic,True,2,True
2026-03-08T05:27:59.723362+00:00,SYN000,syn_SYN000_4,synth_dev_0,15,2.0,936.1576851532205,102.16292090721603,2.0,0.0,0.0,1.0,4.0,1.0,6.84860302734375,1.0,1.0,0.0,2.0,2,2,10,10,True,"[2, 4]",synthetic,True,2,True
2026-03-08T05:28:13.312169+00:00,SYN000,syn_SYN000_4,synth_dev_0,16,44.0,3708.7517754372907,160.00976984743335,0.0,0.0,0.0,0.0,4.0,1.0,604800.0,1.0,0.0,1.0,0.0,0,1,55,53,False,"[5, 6, 3, 1]",synthetic,True,2,True
2026-03-08T05:28:27.013570+00:00,SYN000,syn_SYN000_4,synth_dev_0,17,44.0,3344.597113004265,140.41499794002166,1.0,0.0,0.0,0.0,4.0,1.0,13.70140087890625,1.0,1.0,0.0,1.0,2,1,55,55,True,"[2, 6, 3, 5, 1]",synthetic,True,2,True
2026-03-08T05:28:30.580887+00:00,SYN000,syn_SYN000_4,synth_dev_0,18,46.0,4655.752602697979,103.1636855109508,0.0,0.0,0.0,0.0,4.0,1.0,604800.0,1.0,1.0,0.0,0.0,2,1,30,30,True,"[3, 5, 4, 2]",synthetic,True,2,True
2026-03-06T17:13:11.571216+00:00,SYN001,syn_SYN001_1,synth_dev_1,0,22.0,2080.9391744183254,66.0851568068389,0.0,0.0,0.0,0.0,1.0,1.0,604800.0,1.0,0.0,1.0,0.0,0,1,58,59,False,"[4, 1, 2, 5, 6]",synthetic,True,2,True
2026-03-06T17:13:23.594334+00:00,SYN001,syn_SYN001_1,synth_dev_1,1,22.0,523.9551495890596,141.08917192047542,1.0,0.0,0.0,0.0,1.0,1.0,12.023117919921875,1.0,1.0,0.0,1.0,2,1,58,58,True,"[5, 2, 6, 4]",synthetic,True,2,True
2026-03-06T17:13:27.210300+00:00,SYN001,syn_SYN001_1,synth_dev_1,2,2.0,4353.113186147513,151.3504689509822,0.0,0.0,0.0,0.0,1.0,1.0,604800.0,1.0,0.0,1.0,0.0,0,1,10,26,False,"[2, 4, 5]",synthetic,True,2,True
2026-03-06T17:13:39.455749+00:00,SYN001,syn_SYN001_1,synth_dev_1,3,2.0,7224.183292486087,147.71040049621118,1.0,0.0,0.0,0.0,1.0,1.0,12.245448974609374,1.0,0.0,2.0,1.0,1,2,10,2,False,[2],synthetic,True,2,True
2026-03-06T17:13:46.533321+00:00,SYN001,syn_SYN001_1,synth_dev_1,4,2.0,5676.561141361636,22.113527060311828,2.0,0.0,0.0,1.0,1.0,1.0,7.07757177734375,2.0,1.0,0.0,2.0,2,2,10,10,True,"[4, 2]",synthetic,True,2,True
2026-03-06T17:13:52.987438+00:00,SYN001,syn_SYN001_1,synth_dev_1,5,21.0,1735.458524942307,48.2557406399873,0.0,0.0,0.0,0.0,1.0,1.0,604800.0,1.0,0.0,1.0,0.0,0,1,62,63,False,"[3, 5, 2, 4, 1, 6]",synthetic,True,2,True
2026-03-06T17:14:06.911955+00:00,SYN001,syn_SYN001_1,synth_dev_1,6,21.0,4008.4844076598674,77.80704499235856,1.0,0.0,0.0,0.0,1.0,1.0,13.92451708984375,1.0,0.0,2.0,1.0,1,1,62,60,False,"[6, 5, 3, 4]",synthetic,True,2,True
2026-03-06T17:14:14.837741+00:00,SYN001,syn_SYN001_1,synth_dev_1,7,21.0,14990.0,55.19017348704665,2.0,0.0,0.0,1.0,1.0,1.0,7.925785888671875,1.0,0.0,3.0,2.0,1,2,62,60,False,"[6, 5, 4, 3]",synthetic,True,2,True
2026-03-06T17:14:26.181723+00:00,SYN001,syn_SYN001_1,synth_dev_1,8,21.0,1468.9961946915048,96.34733087630642,3.0,0.0,0.0,2.0,1.0,1.0,11.343982177734375,2.0,1.0,0.0,3.0,2,2,62,62,True,"[3, 4, 2, 5, 6]",synthetic,True,2,True
2026-03-06T17:14:39.330057+00:00,SYN001,syn_SYN001_1,synth_dev_1,9,39.0,1941.5499365363953,95.26601797809343,0.0,0.0,0.0,0.0,1.0,1.0,604800.0,1.0,1.0,0.0,0.0,2,0,41,41,True,"[6, 1, 4]",synthetic,True,2,True
2026-03-06T17:14:46.714983+00:00,SYN001,syn_SYN001_1,synth_dev_1,10,15.0,1073.968219503983,50.905983349839246,0.0,0.0,0.0,0.0,1.0,1.0,604800.0,1.0,0.0,1.0,0.0,0,1,44,45,False,"[3, 6, 1, 4]",synthetic,True,2,True
2026-03-06T17:14:51.075659+00:00,SYN001,syn_SYN001_1,synth_dev_1,11,15.0,1529.7180233598356,95.43067918724563,1.0,0.0,0.0,0.0,1.0,1.0,4.360676025390625,1.0,1.0,0.0,1.0,2,1,44,44,True,"[3, 6, 4]",synthetic,True,2,True
2026-03-06T17:14:57.902927+00:00,SYN001,syn_SYN001_1,synth_dev_1,12,17.0,345.4544659308386,161.76311395046346,0.0,0.0,0.0,0.0,1.0,1.0,604800.0,1.0,0.0,1.0,0.0,0,1,33,32,False,[6],synthetic,True,2,True
2026-03-06T17:15:05.585638+00:00,SYN001,syn_SYN001_1,synth_dev_1,13,17.0,3912.6036429864243,30.077138344516918,1.0,0.0,0.0,0.0,1.0,1.0,7.6827109375,1.0,0.0,2.0,1.0,1,1,33,41,False,"[1, 4, 6]",synthetic,True,2,True
2026-03-06T17:15:17.303458+00:00,SYN001,syn_SYN001_1,synth_dev_1,14,17.0,2362.6356167425924,32.534621360381955,2.0,0.0,0.0,1.0,1.0,1.0,11.717820068359375,1.0,0.0,3.0,2.0,1,2,33,35,False,"[2, 1, 6]",synthetic,True,2,True
2026-03-13T19:57:24.995556+00:00,SYN001,syn_SYN001_2,synth_dev_1,0,31.0,2383.378187612874,116.6750750970218,0.0,0.0,0.0,0.0,2.0,1.0,604800.0,1.0,1.0,0.0,0.0,2,0,15,15,True,"[4, 1, 2, 3]",synthetic,True,2,True
2026-03-13T19:57:32.075557+00:00,SYN001,syn_SYN001_2,synth_dev_1,1,44.0,6394.4659866116535,104.9966653010051,0.0,0.0,0.0,0.0,2.0,1.0,604800.0,1.0,0.0,1.0,0.0,0,2,55,51,False,"[5, 6, 2, 1]",synthetic,True,2,True
2026-03-13T19:57:39.792981+00:00,SYN001,syn_SYN001_2,synth_dev_1,2,44.0,725.4285397292218,90.05075993314951,1.0,0.0,0.0,0.0,2.0,1.0,7.717424072265625,2.0,1.0,0.0,1.0,2,1,55,55,True,"[6, 1, 3, 5, 2]",synthetic,True,2,True
2026-03-13T19:57:42.807310+00:00,SYN001,syn_SYN001_2,synth_dev_1,3,41.0,7282.527265013385,75.21885651188246,0.0,0.0,0.0,0.0,2.0,1.0,604800.0,1.0,1.0,0.0,0.0,2,2,14,14,True,"[4, 2, 3]",synthetic,True,2,True
2026-03-13T19:57:50.397959+00:00,SYN001,syn_SYN001_2,synth_dev_1,4,48.0,1831.0979723875473,41.20117944198987,0.0,0.0,0.0,0.0,2.0,1.0,604800.0,1.0,0.0,1.0,0.0,0,1,32,18,False,"[5, 2]",synthetic,True,2,True
2026-03-13T19:58:00.288167+00:00,SYN001,syn_SYN001_2,synth_dev_1,6,48.0,2575.8341435119987,91.33641705587523,2.0,0.0,0.0,1.0,2.0,1.0,4.12185498046875,1.0,0.0,3.0,2.0,1,2,32,48,False,"[5, 6]",synthetic,True,2,True
2026-03-13T19:58:11.351903+00:00,SYN001,syn_SYN001_2,synth_dev_1,7,48.0,14990.0,84.9063492196868,3.0,0.0,0.0,2.0,2.0,1.0,11.063736083984375,2.0,1.0,0.0,3.0,2,2,32,32,True,[6],synthetic,True,2,True
2026-03-13T19:58:17.372562+00:00,SYN001,syn_SYN001_2,synth_dev_1,8,9.0,1381.141749819398,71.24591595150103,0.0,0.0,0.0,0.0,2.0,1.0,604800.0,1.0,0.0,1.0,0.0,0,1,21,5,False,"[1, 3]",synthetic,True,2,True
2026-03-13T19:58:25.173149+00:00,SYN001,syn_SYN001_2,synth_dev_1,9,9.0,7486.181778580739,36.73215679509498,1.0,0.0,0.0,0.0,2.0,1.0,7.800587158203125,1.0,0.0,2.0,1.0,1,2,21,20,False,"[5, 3]",synthetic,True,2,True
2026-03-13T19:58:33.721581+00:00,SYN001,syn_SYN001_2,synth_dev_1,10,9.0,14990.0,134.3434495945667,2.0,0.0,0.0,1.0,2.0,1.0,8.548431884765625,2.0,0.0,3.0,2.0,1,2,21,53,False,"[5, 6, 3, 1]",synthetic,True,2,True
2026-03-13T19:58:38.137913+00:00,SYN001,syn_SYN001_2,synth_dev_1,11,9.0,3965.046033951957,112.58098744513703,3.0,0.0,0.0,2.0,2.0,1.0,4.41633203125,2.0,1.0,0.0,3.0,2,2,21,21,True,"[3, 5, 1]",synthetic,True,2,True
2026-03-13T19:58:44.139212+00:00,SYN001,syn_SYN001_2,synth_dev_1,12,15.0,4927.783399841915,65.614406608134,0.0,0.5,0.25,0.0,2.0,1.0,614633.0635529786,1.0,2.0,0.0,1.0,2,1,44,44,True,"[4, 3, 6]",synthetic,True,2,True
2026-03-13T19:58:50.010601+00:00,SYN001,syn_SYN001_2,synth_dev_1,13,30.0,6665.256179242106,142.56724848403593,0.0,0.0,0.0,0.0,2.0,1.0,604800.0,1.0,0.0,1.0,0.0,0,2,29,61,False,"[3, 4, 5, 1, 6]",synthetic,True,2,True
2026-03-13T19:58:53.113121+00:00,SYN001,syn_SYN001_2,synth_dev_1,14,30.0,4168.934440794933,140.7252872149576,1.0,0.0,0.0,0.0,2.0,1.0,3.10252001953125,2.0,0.0,2.0,1.0,1,1,29,21,False,"[3, 1, 5]",synthetic,True,2,True
2026-03-14T05:36:57.699591+00:00,SYN001,syn_SYN001_3,synth_dev_1,0,23.0,6215.079056496298,47.33695564308117,0.0,0.0,0.0,0.0,3.0,1.0,604800.0,1.0,1.0,0.0,0.0,2,2,43,43,True,"[1, 2, 6, 4]",synthetic,True,2,True
2026-03-14T05:37:11.531739+00:00,SYN001,syn_SYN001_3,synth_dev_1,1,22.0,2435.743712691619,98.00538908348906,0.0,0.5,0.25,0.0,3.0,1.0,649427.9374050293,1.0,0.0,1.0,1.0,0,1,58,59,False,"[1, 6, 5, 4, 2]",synthetic,True,2,True
2026-03-14T05:37:16.709152+00:00,SYN001,syn_SYN001_3,synth_dev_1,2,22.0,2702.3715316931143,102.48468218230742,1.0,0.3333333333333333,0.1625,0.0,3.0,1.0,5.1774130859375,1.0,1.0,0.0,2.0,2,1,58,58,True,"[4, 6, 2, 5]",synthetic,True,2,True
2026-03-14T05:37:23.578105+00:00,SYN001,syn_SYN001_3,synth_dev_1,3,25.0,5506.751359047256,46.89122364492225,0.0,0.0,0.0,0.0,3.0,1.0,604800.0,1.0,1.0,0.0,0.0,2,1,60,60,True,"[4, 6, 3, 5]",synthetic,True,2,True
2026-03-14T05:37:32.133626+00:00,SYN001,syn_SYN001_3,synth_dev_1,4,19.0,14455.707806755023,82.06584493159502,0.0,0.0,0.0,0.0,3.0,1.0,604800.0,1.0,0.0,1.0,0.0,0,2,53,58,False,"[2, 6, 4, 5]",synthetic,True,2,True
2026-03-14T05:37:36.710726+00:00,SYN001,syn_SYN001_3,synth_dev_1,5,19.0,2421.1936864797685,67.73113934578608,1.0,0.0,0.0,0.0,3.0,1.0,4.57710009765625,2.0,0.0,2.0,1.0,1,1,53,23,False,"[2, 3, 5, 1]",synthetic,True,2,True
2026-03-14T05:37:50.179341+00:00,SYN001,syn_SYN001_3,synth_dev_1,6,19.0,895.16267279962,68.1188867353307,2.0,0.0,0.0,1.0,3.0,1.0,13.468614990234375,1.0,0.0,3.0,2.0,1,2,53,52,False,"[5, 6, 3]",synthetic,True,2,True
2026-03-14T05:38:02.471468+00:00,SYN001,syn_SYN001_3,synth_dev_1,7,19.0,2140.7558847608734,117.29622481529002,3.0,0.0,0.0,2.0,3.0,1.0,12.292126953125,2.0,1.0,0.0,3.0,2,2,53,53,True,"[1, 6, 5, 3]",synthetic,True,2,True
2026-03-14T05:38:15.864483+00:00,SYN001,syn_SYN001_3,synth_dev_1,8,16.0,2348.8396505194883,97.83468565717604,0.0,0.0,0.0,0.0,3.0,1.0,604800.0,1.0,0.0,1.0,0.0,0,1,9,8,False,[4],synthetic,True,2,True
2026-03-14T05:38:20.381902+00:00,SYN001,syn_SYN001_3,synth_dev_1,9,16.0,1978.755635227862,91.01187574943161,1.0,0.0,0.0,0.0,3.0,1.0,4.5174189453125,1.0,0.0,2.0,1.0,1,1,9,8,False,[4],synthetic,True,2,True
2026-03-14T05:38:23.836568+00:00,SYN001,syn_SYN001_3,synth_dev_1,10,16.0,676.3885616430734,75.75058242365846,2.0,0.0,0.0,1.0,3.0,1.0,3.454666015625,1.0,0.0,3.0,2.0,1,2,9,51,False,"[5, 1, 6, 2]",synthetic,True,2,True
2026-03-14T05:38:30.944318+00:00,SYN001,syn_SYN001_3,synth_dev_1,11,16.0,1703.1290724999585,130.8623735010076,3.0,0.0,0.0,2.0,3.0,1.0,7.10775,2.0,1.0,0.0,3.0,2,2,9,9,True,"[4, 1]",synthetic,True,2,True
2026-03-14T05:38:38.777922+00:00,SYN001,syn_SYN001_3,synth_dev_1,12,17.0,344.6776995695874,94.38612267938285,0.0,0.0,0.0,0.0,3.0,1.0,649401.4744638671,2.0,0.0,4.0,3.0,0,1,33,49,False,"[1, 6, 5]",synthetic,True,2,True
2026-03-14T05:38:43.194279+00:00,SYN001,syn_SYN001_3,synth_dev_1,13,17.0,748.0372917472777,106.07243145801864,1.0,0.0,0.0,0.0,3.0,1.0,4.416357177734375,1.0,0.0,5.0,4.0,1,1,33,35,False,"[6, 1, 2]",synthetic,True,2,True
2026-03-14T05:38:55.288735+00:00,SYN001,syn_SYN001_3,synth_dev_1,14,17.0,5424.167818777123,90.53184091015925,2.0,0.0,0.0,1.0,3.0,1.0,12.094455810546876,1.0,1.0,0.0,5.0,2,2,33,33,True,"[1, 6]",synthetic,True,2,True
2026-03-21T06:56:03.212999+00:00,SYN001,syn_SYN001_4,synth_dev_1,0,27.0,766.6298575087186,77.69186734977093,0.0,0.0,0.0,0.0,4.0,1.0,604800.0,1.0,0.0,1.0,0.0,0,1,57,59,False,"[2, 5, 6, 1, 4]",synthetic,True,2,True
2026-03-21T06:56:11.837096+00:00,SYN001,syn_SYN001_4,synth_dev_1,1,27.0,2818.8537206506053,107.4182537398278,1.0,0.0,0.0,0.0,4.0,1.0,8.624096923828125,1.0,0.0,2.0,1.0,1,1,57,47,False,"[3, 6, 1, 4, 2]",synthetic,True,2,True
2026-03-21T06:56:23.954723+00:00,SYN001,syn_SYN001_4,synth_dev_1,2,27.0,891.492636014161,74.95898334772649,2.0,0.0,0.0,1.0,4.0,1.0,12.117626953125,1.0,0.0,3.0,2.0,1,2,57,23,False,"[5, 1, 2, 3]",synthetic,True,2,True
2026-03-21T06:56:37.660526+00:00,SYN001,syn_SYN001_4,synth_dev_1,3,27.0,330.20464182031753,58.413190266666106,3.0,0.0,0.0,2.0,4.0,1.0,13.70580322265625,2.0,1.0,0.0,3.0,2,2,57,57,True,"[5, 1, 6, 4]",synthetic,True,2,True
2026-03-21T06:56:50.886359+00:00,SYN001,syn_SYN001_4,synth_dev_1,4,31.0,1179.3743518880842,76.65321438784903,0.0,1.0,0.25,0.0,4.0,1.0,644365.8908027344,0.0,0.0,1.0,0.0,0,1,15,11,False,"[4, 1, 2]",synthetic,True,2,True
2026-03-21T06:57:02.009997+00:00,SYN001,syn_SYN001_4,synth_dev_1,5,31.0,632.5020745651092,99.25480233524306,1.0,0.5,0.1625,0.0,4.0,1.0,11.123637939453126,1.0,0.0,2.0,1.0,1,1,15,31,False,"[1, 4, 5, 2, 3]",synthetic,True,2,True
2026-03-21T06:57:15.111326+00:00,SYN001,syn_SYN001_4,synth_dev_1,6,31.0,9864.724389785733,86.628521754023,2.0,0.3333333333333333,0.10562500000000001,1.0,4.0,1.0,13.1013291015625,1.0,0.0,3.0,2.0,1,2,15,31,False,"[4, 1, 2, 5, 3]",synthetic,True,2,True
2026-03-21T06:57:23.661061+00:00,SYN001,syn_SYN001_4,synth_dev_1,7,31.0,5477.840917218112,125.2530046714941,3.0,0.25,0.06865625,2.0,4.0,1.0,8.549735107421874,2.0,0.0,4.0,3.0,1,2,15,31,False,"[3, 2, 1, 5, 4]",synthetic,True,2,True
2026-03-21T06:57:30.335666+00:00,SYN001,syn_SYN001_4,synth_dev_1,8,31.0,2481.9204777177165,32.90636558140312,0.0,0.2,0.0446265625,0.0,4.0,1.0,6.67460498046875,2.0,1.0,0.0,4.0,2,0,15,15,True,"[1, 2, 3, 4]",synthetic,True,2,True
2026-03-21T06:57:40.962961+00:00,SYN001,syn_SYN001_4,synth_dev_1,9,25.0,14990.0,74.18775151431338,0.0,1.0,0.25,0.0,4.0,1.0,609617.384855957,1.0,0.0,1.0,0.0,0,2,60,27,False,"[5, 1, 4, 2]",synthetic,True,2,True
2026-03-21T06:57:54.093288+00:00,SYN001,syn_SYN001_4,synth_dev_1,10,25.0,609.9156210802234,56.13421614584539,1.0,0.5,0.1625,0.0,4.0,1.0,13.130326904296876,2.0,0.0,2.0,1.0,1,1,60,61,False,"[6, 3, 5, 4, 1]",synthetic,True,2,True
2026-03-21T06:57:58.987195+00:00,SYN001,syn_SYN001_4,synth_dev_1,11,25.0,3135.506722744514,90.6357882709186,2.0,0.3333333333333333,0.10562500000000001,1.0,4.0,1.0,4.8939072265625,1.0,0.0,3.0,2.0,1,2,60,61,False,"[5, 3, 6, 1, 4]",synthetic,True,2,True
2026-03-21T06:58:05.567958+00:00,SYN001,syn_SYN001_4,synth_dev_1,12,25.0,4292.06779948022,81.85512668137605,3.0,0.25,0.06865625,2.0,4.0,1.0,6.580762939453125,2.0,1.0,0.0,3.0,2,2,60,60,True,"[6, 5, 4, 3]",synthetic,True,2,True
2026-03-21T06:58:27.629373+00:00,SYN001,syn_SYN001_4,synth_dev_1,14,37.0,2240.1353976589976,79.14748165982378,1.0,0.0,0.0,0.0,4.0,1.0,9.787089111328125,1.0,1.0,0.0,1.0,2,1,23,23,True,"[2, 1, 5, 3]",synthetic,True,2,True
2026-03-03T17:22:13.989327+00:00,SYN002,syn_SYN002_1,synth_dev_2,0,20.0,6956.140240255229,62.318819630448445,0.0,0.0,0.0,0.0,1.0,1.0,604800.0,1.0,1.0,0.0,0.0,2,2,18,18,True,"[2, 5]",synthetic,True,2,True
2026-03-03T17:22:20.341729+00:00,SYN002,syn_SYN002_1,synth_dev_2,1,47.0,969.0581135953565,193.78722191407243,0.0,0.0,0.0,0.0,1.0,1.0,604800.0,1.0,0.0,1.0,0.0,0,1,48,32,False,[6],synthetic,True,2,True
2026-03-03T17:22:30.998944+00:00,SYN002,syn_SYN002_1,synth_dev_2,2,47.0,2318.8368780591663,117.24728265118046,1.0,0.0,0.0,0.0,1.0,1.0,10.657215087890625,1.0,0.0,2.0,1.0,1,1,48,51,False,"[6, 1, 5, 2]",synthetic,True,2,True
2026-03-03T17:22:41.288173+00:00,SYN002,syn_SYN002_1,synth_dev_2,3,47.0,2345.104560343659,43.12068229553945,2.0,0.0,0.0,1.0,1.0,1.0,10.289228759765624,1.0,1.0,0.0,2.0,2,2,48,48,True,"[6, 5]",synthetic,True,2,True
2026-03-03T17:22:44.682168+00:00,SYN002,syn_SYN002_1,synth_dev_2,4,26.0,8054.185389662854,188.66898967027169,0.0,0.0,0.0,0.0,1.0,1.0,604800.0,1.0,1.0,0.0,0.0,2,2,30,30,True,"[3, 5, 4, 2]",synthetic,True,2,True
2026-03-03T17:22:53.794137+00:00,SYN002,syn_SYN002_1,synth_dev_2,5,2.0,4427.469335114662,77.86129443985901,0.0,0.0,0.0,0.0,1.0,1.0,604800.0,1.0,1.0,0.0,0.0,2,1,10,10,True,"[4, 2]",synthetic,True,2,True
2026-03-03T17:23:03.687971+00:00,SYN002,syn_SYN002_1,synth_dev_2,6,32.0,10632.256574766863,71.04630195841862,0.0,0.0,0.0,0.0,1.0,1.0,604800.0,1.0,0.0,1.0,0.0,0,2,22,20,False,"[3, 5]",synthetic,True,2,True
2026-03-03T17:23:10.207579+00:00,SYN002,syn_SYN002_1,synth_dev_2,7,32.0,7712.148556981206,89.34463841349294,1.0,0.0,0.0,0.0,1.0,1.0,6.519607666015625,2.0,0.0,2.0,1.0,1,2,22,44,False,"[4, 3, 6]",synthetic,True,2,True
2026-03-03T17:23:15.563920+00:00,SYN002,syn_SYN002_1,synth_dev_2,8,32.0,1404.8074693967708,68.78650646481324,2.0,0.0,0.0,1.0,1.0,1.0,5.356341064453125,2.0,0.0,3.0,2.0,1,2,22,30,False,"[2, 5, 4, 3]",synthetic,True,2,True
2026-03-03T17:23:18.595994+00:00,SYN002,syn_SYN002_1,synth_dev_2,9,32.0,3518.068933654485,154.21546488502577,3.0,0.0,0.0,2.0,1.0,1.0,3.032073974609375,2.0,1.0,0.0,3.0,2,2,22,22,True,"[5, 2, 3]",synthetic,True,2,True
2026-03-03T17:23:30.280959+00:00,SYN002,syn_SYN002_1,synth_dev_2,10,28.0,6159.115508116793,108.61108748727672,0.0,0.0,0.0,0.0,1.0,1.0,604800.0,1.0,0.0,1.0,0.0,0,2,25,24,False,"[4, 5]",synthetic,True,2,True
2026-03-03T17:23:36.517307+00:00,SYN002,syn_SYN002_1,synth_dev_2,11,28.0,1996.893096802426,118.47248002848814,1.0,0.0,0.0,0.0,1.0,1.0,6.23634814453125,2.0,1.0,0.0,1.0,2,1,25,25,True,"[4, 5, 1]",synthetic,True,2,True
2026-03-03T17:23:44.977524+00:00,SYN002,syn_SYN002_1,synth_dev_2,12,16.0,527.576593630546,67.91292101248298,0.0,0.0,0.0,0.0,1.0,1.0,604800.0,1.0,0.0,1.0,0.0,0,1,9,11,False,"[1, 2, 4]",synthetic,True,2,True
2026-03-03T17:23:48.988262+00:00,SYN002,syn_SYN002_1,synth_dev_2,13,16.0,2661.3502846571205,67.90260710766192,1.0,0.0,0.0,0.0,1.0,1.0,4.010738037109375,1.0,0.0,2.0,1.0,1,1,9,11,False,"[4, 1, 2]",synthetic,True,2,True
2026-03-03T17:23:56.456253+00:00,SYN002,syn_SYN002_1,synth_dev_2,14,16.0,3271.0606438825544,98.52479868893452,2.0,0.0,0.0,1.0,1.0,1.0,7.467990966796875,1.0,0.0,3.0,2.0,1,2,9,8,False,[4],synthetic,True,2,True
2026-03-03T17:24:07.130264+00:00,SYN002,syn_SYN002_1,synth_dev_2,15,16.0,4122.646091535086,61.81976888015894,3.0,0.0,0.0,2.0,1.0,1.0,10.67401123046875,2.0,1.0,0.0,3.0,2,2,9,9,True,"[1, 4]",synthetic,True,2,True
2026-03-03T20:45:10.874124+00:00,SYN002,syn_SYN002_2,synth_dev_2,0,19.0,412.83236897546396,112.23808008827017,0.0,0.0,0.0,0.0,2.0,1.0,604800.0,1.0,0.0,1.0,0.0,0,1,53,49,False,"[1, 5, 6]",synthetic,True,2,True
2026-03-03T20:45:13.912844+00:00,SYN002,syn_SYN002_2,synth_dev_2,1,19.0,2907.4392369927846,204.54251453194945,1.0,0.0,0.0,0.0,2.0,1.0,3.038719970703125,1.0,0.0,2.0,1.0,1,1,53,59,False,"[1, 5, 4, 2, 6]",synthetic,True,2,True
2026-03-03T20:45:25.139052+00:00,SYN002,syn_SYN002_2,synth_dev_2,2,19.0,6024.178583227163,56.53821697073024,2.0,0.0,0.0,1.0,2.0,1.0,11.2262080078125,1.0,0.0,3.0,2.0,1,2,53,37,False,"[1, 3, 6]",synthetic,True,2,True
2026-03-03T20:45:36.992910+00:00,SYN002,syn_SYN002_2,synth_dev_2,3,19.0,2215.1506943720606,80.54991096301463,3.0,0.0,0.0,2.0,2.0,1.0,11.85385791015625,2.0,0.0,4.0,3.0,1,2,53,49,False,"[5, 1, 6]",synthetic,True,2,True
2026-03-03T20:46:01.388691+00:00,SYN002,syn_SYN002_2,synth_dev_2,5,39.0,11017.499770765739,77.4253881336914,0.0,0.0,0.0,0.0,2.0,1.0,604800.0,1.0,0.0,1.0,0.0,0,2,41,33,False,"[6, 1]",synthetic,True,2,True
2026-03-03T20:46:06.997221+00:00,SYN002,syn_SYN002_2,synth_dev_2,6,39.0,2244.0183808913903,150.96196615904694,1.0,0.0,0.0,0.0,2.0,1.0,5.608530029296875,2.0,0.0,2.0,1.0,1,1,41,43,False,"[4, 2, 1, 6]",synthetic,True,2,True
2026-03-03T20:46:12.965397+00:00,SYN002,syn_SYN002_2,synth_dev_2,7,39.0,13862.060347353085,96.00147825517632,2.0,0.0,0.0,1.0,2.0,1.0,5.968176025390625,1.0,1.0,0.0,2.0,2,2,41,41,True,"[4, 1, 6]",synthetic,True,2,True
2026-03-03T20:46:23.666595+00:00,SYN002,syn_SYN002_2,synth_dev_2,8,27.0,10366.839426506165,72.89733922971048,0.0,0.0,0.0,0.0,2.0,1.0,604800.0,1.0,0.0,1.0,0.0,0,2,57,49,False,"[5, 1, 6]",synthetic,True,2,True
2026-03-03T20:46:27.557586+00:00,SYN002,syn_SYN002_2,synth_dev_2,9,27.0,2396.4772317184224,50.77027829268075,1.0,0.0,0.0,0.0,2.0,1.0,3.890990966796875,2.0,1.0,0.0,1.0,2,1,57,57,True,"[6, 5, 1, 4]",synthetic,True,2,True
2026-03-03T20:46:31.337614+00:00,SYN002,syn_SYN002_2,synth_dev_2,10,24.0,2349.6567720211765,170.25898318503232,0.0,0.0,0.0,0.0,2.0,1.0,604800.0,1.0,0.0,1.0,0.0,0,1,63,13,False,"[3, 1, 4]",synthetic,True,2,True
2026-03-03T20:46:45.136100+00:00,SYN002,syn_SYN002_2,synth_dev_2,11,24.0,1125.805313736468,72.96256095578956,1.0,0.0,0.0,0.0,2.0,1.0,13.798486083984375,1.0,0.0,2.0,1.0,1,1,63,41,False,"[4, 6, 1]",synthetic,True,2,True
2026-03-03T20:46:51.519068+00:00,SYN002,syn_SYN002_2,synth_dev_2,12,24.0,6452.068385629116,80.47250617490769,2.0,0.0,0.0,1.0,2.0,1.0,6.382968017578125,1.0,1.0,0.0,2.0,2,2,63,63,True,"[1, 4, 2, 5, 3, 6]",synthetic,True,2,True
2026-03-03T20:47:03.683771+00:00,SYN002,syn_SYN002_2,synth_dev_2,13,1.0,7555.715973799632,110.91149828424832,0.0,0.0,0.0,0.0,2.0,1.0,604800.0,1.0,0.0,1.0,0.0,0,2,28,60,False,"[5, 4, 6, 3]",synthetic,True,2,True
2026-03-03T20:47:09.642002+00:00,SYN002,syn_SYN002_2,synth_dev_2,14,1.0,1235.4551338868096,146.37683742496722,1.0,0.0,0.0,0.0,2.0,1.0,5.958231201171875,2.0,1.0,0.0,1.0,2,1,28,28,True,"[3, 5, 4]",synthetic,True,2,True
2026-03-03T20:47:22.423596+00:00,SYN002,syn_SYN002_2,synth_dev_2,15,7.0,332.53961098285487,82.09260304742786,0.0,0.0,0.0,0.0,2.0,1.0,604800.0,1.0,0.0,1.0,0.0,0,1,17,19,False,"[2, 1, 5]",synthetic,True,2,True
2026-03-03T23:30:32.502933+00:00,SYN002,syn_SYN002_3,synth_dev_2,0,30.0,9393.118011232586,79.9780327835175,0.0,0.0,0.0,0.0,3.0,1.0,604800.0,1.0,0.0,1.0,0.0,0,2,29,25,False,"[5, 1, 4]",synthetic,True,2,True
2026-03-03T23:30:35.514439+00:00,SYN002,syn_SYN002_3,synth_dev_2,1,30.0,2254.1018647720684,89.90681314134397,1.0,0.0,0.0,0.0,3.0,1.0,3.011506103515625,2.0,1.0,0.0,1.0,2,1,29,29,True,"[1, 3, 5, 4]",synthetic,True,2,True
2026-03-03T23:30:40.817605+00:00,SYN002,syn_SYN002_3,synth_dev_2,2,49.0,1094.0813895741187,90.56602379913463,0.0,0.0,0.0,0.0,3.0,1.0,604800.0,1.0,0.0,1.0,0.0,0,1,4,20,False,"[3, 5]",synthetic,True,2,True
2026-03-03T23:30:53.378809+00:00,SYN002,syn_SYN002_3,synth_dev_2,3,49.0,1368.1403842276923,89.86648405441788,1.0,0.0,0.0,0.0,3.0,1.0,12.5612041015625,1.0,0.0,2.0,1.0,1,1,4,36,False,"[6, 3]",synthetic,True,2,True
2026-03-03T23:31:05.282253+00:00,SYN002,syn_SYN002_3,synth_dev_2,4,49.0,2826.9773641057213,75.44606210779138,2.0,0.0,0.0,1.0,3.0,1.0,11.90344384765625,1.0,0.0,3.0,2.0,1,2,4,5,False,"[3, 1]",synthetic,True,2,True
2026-03-03T23:31:12.124957+00:00,SYN002,syn_SYN002_3,synth_dev_2,5,49.0,4243.706559331724,80.03015989149262,3.0,0.0,0.0,2.0,3.0,1.0,6.8427041015625,2.0,1.0,0.0,3.0,2,2,4,4,True,[3],synthetic,True,2,True
2026-03-03T23:31:17.066106+00:00,SYN002,syn_SYN002_3,synth_dev_2,6,2.0,5005.511477917888,187.0232592861495,0.0,1.0,0.25,0.0,3.0,1.0,22103.27196923828,1.0,0.0,1.0,0.0,0,1,10,11,False,"[2, 4, 1]",synthetic,True,2,True
2026-03-03T23:31:20.826041+00:00,SYN002,syn_SYN002_3,synth_dev_2,7,2.0,534.2540655879463,208.50432894289085,1.0,0.5,0.1625,0.0,3.0,1.0,3.759934814453125,1.0,1.0,0.0,1.0,2,1,10,10,True,"[4, 2]",synthetic,True,2,True
2026-03-03T23:31:25.899908+00:00,SYN002,syn_SYN002_3,synth_dev_2,8,1.0,2490.7576145743747,161.79667799336445,0.0,0.5,0.25,0.0,3.0,1.0,9856.257905761719,1.0,2.0,0.0,1.0,2,0,28,28,True,"[4, 3, 5]",synthetic,True,2,True
2026-03-03T23:31:37.947275+00:00,SYN002,syn_SYN002_3,synth_dev_2,9,4.0,3236.9876027604587,52.14040762883773,0.0,0.0,0.0,0.0,3.0,1.0,604800.0,1.0,1.0,0.0,0.0,2,1,37,37,True,"[6, 3, 1]",synthetic,True,2,True
2026-03-03T23:31:49.283082+00:00,SYN002,syn_SYN002_3,synth_dev_2,10,13.0,5695.892413891154,108.23328990670771,0.0,0.0,0.0,0.0,3.0,1.0,604800.0,1.0,1.0,0.0,0.0,2,1,27,27,True,"[4, 1, 2, 5]",synthetic,True,2,True
2026-03-03T23:32:00.786523+00:00,SYN002,syn_SYN002_3,synth_dev_2,11,17.0,2019.344128986146,105.63014769799916,0.0,0.0,0.0,0.0,3.0,1.0,604800.0,1.0,1.0,0.0,0.0,2,0,33,33,True,"[6, 1]",synthetic,True,2,True
2026-03-03T23:32:08.079215+00:00,SYN002,syn_SYN002_3,synth_dev_2,12,26.0,4699.36931033377,96.90484664701661,0.0,1.0,0.25,0.0,3.0,1.0,22163.397047119142,2.0,0.0,1.0,0.0,0,1,30,14,False,"[4, 2, 3]",synthetic,True,2,True
2026-03-03T23:32:21.015728+00:00,SYN002,syn_SYN002_3,synth_dev_2,13,26.0,1076.9162087906668,63.488090782055394,1.0,0.5,0.1625,0.0,3.0,1.0,12.936512939453126,1.0,0.0,2.0,1.0,1,1,30,62,False,"[4, 6, 2, 5, 3]",synthetic,True,2,True
2026-03-03T23:32:24.253608+00:00,SYN002,syn_SYN002_3,synth_dev_2,14,26.0,1828.063582921406,134.84666707043436,2.0,0.3333333333333333,0.10562500000000001,1.0,3.0,1.0,3.2378798828125,1.0,1.0,0.0,2.0,2,2,30,30,True,"[4, 5, 2, 3]",synthetic,True,2,True
2026-03-03T23:32:34.967757+00:00,SYN002,syn_SYN002_3,synth_dev_2,15,41.0,3051.8407048277513,114.80963137733501,0.0,0.0,0.0,0.0,3.0,1.0,604800.0,1.0,1.0,0.0,0.0,2,1,14,14,True,"[2, 3, 4]",synthetic,True,2,True
2026-03-03T18:22:13.803436+00:00,SYN003,syn_SYN003_1,synth_dev_0,0,11.0,14990.0,91.22636810413272,0.0,0.0,0.0,0.0,1.0,1.0,604800.0,1.0,0.0,1.0,0.0,0,2,5,37,False,"[6, 1, 3]",synthetic,True,2,True
2026-03-03T18:22:27.555169+00:00,SYN003,syn_SYN003_1,synth_dev_0,1,11.0,1778.3875766492822,76.92108179084694,1.0,0.0,0.0,0.0,1.0,1.0,13.751733154296875,2.0,1.0,0.0,1.0,2,1,5,5,True,"[3, 1]",synthetic,True,2,True
2026-03-03T18:22:58.831150+00:00,SYN003,syn_SYN003_1,synth_dev_0,4,17.0,3586.1127013742075,103.43145128143486,0.0,0.0,0.0,0.0,1.0,1.0,604800.0,1.0,1.0,0.0,0.0,2,1,33,33,True,"[1, 6]",synthetic,True,2,True
2026-03-03T18:23:10.381145+00:00,SYN003,syn_SYN003_1,synth_dev_0,5,28.0,14990.0,69.06839921799431,0.0,0.0,0.0,0.0,1.0,1.0,604800.0,1.0,1.0,0.0,0.0,2,2,25,25,True,"[5, 1, 4]",synthetic,True,2,True
2026-03-03T18:23:15.287698+00:00,SYN003,syn_SYN003_1,synth_dev_0,6,24.0,1168.744457132983,157.9952090311797,0.0,0.0,0.0,0.0,1.0,1.0,604800.0,1.0,0.0,1.0,0.0,0,1,63,4,False,[3],synthetic,True,2,True
2026-03-03T18:23:24.356953+00:00,SYN003,syn_SYN003_1,synth_dev_0,7,24.0,3211.0347522411244,69.11500229075594,1.0,0.0,0.0,0.0,1.0,1.0,9.0692548828125,1.0,1.0,0.0,1.0,2,1,63,63,True,"[4, 5, 2, 6, 3, 1]",synthetic,True,2,True
2026-03-03T18:23:35.828931+00:00,SYN003,syn_SYN003_1,synth_dev_0,8,33.0,4438.5094175060685,98.33740193472717,0.0,0.0,0.0,0.0,1.0,1.0,604800.0,1.0,1.0,0.0,0.0,2,1,3,3,True,"[2, 1]",synthetic,True,2,True
2026-03-03T18:23:46.607985+00:00,SYN003,syn_SYN003_1,synth_dev_0,10,25.0,2741.451253378121,189.06016471573145,0.0,0.0,0.0,0.0,1.0,1.0,604800.0,1.0,0.0,1.0,0.0,0,1,60,44,False,"[6, 4, 3]",synthetic,True,2,True
2026-03-03T18:23:52.225883+00:00,SYN003,syn_SYN003_1,synth_dev_0,11,25.0,1759.2332553861602,140.46554379351488,1.0,0.0,0.0,0.0,1.0,1.0,5.61789794921875,1.0,1.0,0.0,1.0,2,1,60,60,True,"[4, 6, 3, 5]",synthetic,True,2,True
2026-03-03T18:23:58.486390+00:00,SYN003,syn_SYN003_1,synth_dev_0,12,15.0,1933.1334648472725,59.40322756982731,0.0,0.0,0.0,0.0,1.0,1.0,604800.0,1.0,0.0,1.0,0.0,0,1,44,3,False,"[2, 1]",synthetic,True,2,True
2026-03-03T18:24:12.452326+00:00,SYN003,syn_SYN003_1,synth_dev_0,13,15.0,6095.23291389672,165.7136659437077,1.0,0.0,0.0,0.0,1.0,1.0,13.96593603515625,1.0,1.0,0.0,1.0,2,2,44,44,True,"[6, 4, 3]",synthetic,True,2,True
2026-03-03T18:24:21.923590+00:00,SYN003,syn_SYN003_1,synth_dev_0,14,28.0,2200.1432729550884,89.10461487956849,0.0,1.0,0.25,0.0,1.0,1.0,71.54244482421875,2.0,2.0,0.0,0.0,2,0,25,25,True,"[5, 1, 4]",synthetic,True,2,True
2026-03-03T18:24:25.788031+00:00,SYN003,syn_SYN003_1,synth_dev_0,15,9.0,1726.7072506652516,109.96949178673584,0.0,0.0,0.0,0.0,1.0,1.0,604800.0,1.0,0.0,1.0,0.0,0,1,21,20,False,"[3, 5]",synthetic,True,2,True
2026-03-03T18:24:30.196292+00:00,SYN003,syn_SYN003_1,synth_dev_0,16,9.0,2489.279721273382,82.59328508104083,1.0,0.0,0.0,0.0,1.0,1.0,4.408260986328125,1.0,0.0,2.0,1.0,1,1,21,17,False,"[5, 1]",synthetic,True,2,True
2026-03-03T18:24:40.363533+00:00,SYN003,syn_SYN003_1,synth_dev_0,17,9.0,4453.741544547437,148.05626342782858,2.0,0.0,0.0,1.0,1.0,1.0,10.167240966796875,1.0,1.0,0.0,2.0,2,2,21,21,True,"[3, 1, 5]",synthetic,True,2,True
2026-03-03T18:24:47.868221+00:00,SYN003,syn_SYN003_1,synth_dev_0,18,34.0,3921.8406416981184,61.90210426403091,0.0,0.0,0.0,0.0,1.0,1.0,604800.0,1.0,0.0,1.0,0.0,0,1,39,17,False,"[5, 1]",synthetic,True,2,True
2026-03-03T18:25:12.198551+00:00,SYN003,syn_SYN003_1,synth_dev_0,20,34.0,9668.615763355065,252.45127615374872,2.0,0.0,0.0,1.0,1.0,1.0,11.66180908203125,1.0,0.0,3.0,2.0,1,2,39,55,False,"[5, 3, 6, 1, 2]",synthetic,True,2,True
2026-03-03T18:25:22.413327+00:00,SYN003,syn_SYN003_1,synth_dev_0,21,34.0,963.8210261691517,47.69464630313408,3.0,0.0,0.0,2.0,1.0,1.0,10.21477587890625,2.0,0.0,4.0,3.0,1,2,39,7,False,"[2, 3, 1]",synthetic,True,2,True
2026-03-03T18:25:26.514502+00:00,SYN003,syn_SYN003_1,synth_dev_0,22,34.0,2169.3546342379427,109.83724278409507,0.0,0.0,0.0,0.0,1.0,1.0,4.101175048828125,2.0,0.0,5.0,4.0,0,1,39,37,False,"[3, 1, 6]",synthetic,True,2,True
2026-03-03T18:25:36.359269+00:00,SYN003,syn_SYN003_1,synth_dev_0,23,34.0,12968.464974812397,105.69840082042322,1.0,0.0,0.0,0.0,1.0,1.0,9.844766845703125,1.0,0.0,6.0,5.0,1,2,39,55,False,"[6, 5, 3, 1, 2]",synthetic,True,2,True
2026-03-04T03:21:42.865746+00:00,SYN003,syn_SYN003_2,synth_dev_0,0,42.0,11672.961203129506,106.83443113881572,0.0,0.0,0.0,0.0,2.0,1.0,604800.0,1.0,1.0,0.0,0.0,2,2,19,19,True,"[2, 1, 5]",synthetic,True,2,True
2026-03-04T03:21:54.673092+00:00,SYN003,syn_SYN003_2,synth_dev_0,1,21.0,2067.584670668656,208.87327081677861,0.0,0.0,0.0,0.0,2.0,1.0,604800.0,1.0,1.0,0.0,0.0,2,0,62,62,True,"[6, 2, 4, 5, 3]",synthetic,True,2,True
2026-03-04T03:22:00.318430+00:00,SYN003,syn_SYN003_2,synth_dev_0,2,4.0,2312.7139503746516,38.141222954606114,0.0,0.0,0.0,0.0,2.0,1.0,604800.0,1.0,1.0,0.0,0.0,2,0,37,37,True,"[1, 6, 3]",synthetic,True,2,True
2026-03-04T03:22:04.787176+00:00,SYN003,syn_SYN003_2,synth_dev_0,3,24.0,823.0947215704566,116.31202383032311,0.0,0.5,0.25,0.0,2.0,1.0,32320.43022290039,1.0,2.0,0.0,1.0,2,0,63,63,True,"[5, 1, 6, 4, 2, 3]",synthetic,True,2,True
2026-03-04T03:22:11.514199+00:00,SYN003,syn_SYN003_2,synth_dev_0,4,8.0,12588.135392928723,124.85627397900295,0.0,0.0,0.0,0.0,2.0,1.0,604800.0,1.0,0.0,1.0,0.0,0,2,12,14,False,"[4, 2, 3]",synthetic,True,2,True
2026-03-04T03:22:25.299635+00:00,SYN003,syn_SYN003_2,synth_dev_0,5,8.0,2448.780842414039,100.95536892696698,1.0,0.0,0.0,0.0,2.0,1.0,13.78543603515625,2.0,1.0,0.0,1.0,2,1,12,12,True,"[3, 4]",synthetic,True,2,True
2026-03-04T03:22:33.382700+00:00,SYN003,syn_SYN003_2,synth_dev_0,6,40.0,2564.535504032218,49.555047611655276,0.0,0.0,0.0,0.0,2.0,1.0,604800.0,1.0,1.0,0.0,0.0,2,1,47,47,True,"[1, 2, 6, 3, 4]",synthetic,True,2,True
2026-03-04T03:22:43.544016+00:00,SYN003,syn_SYN003_2,synth_dev_0,7,49.0,5083.585060667026,124.02664701587169,0.0,0.0,0.0,0.0,2.0,1.0,604800.0,1.0,0.0,1.0,0.0,0,1,4,20,False,"[5, 3]",synthetic,True,2,True
2026-03-04T03:22:49.718115+00:00,SYN003,syn_SYN003_2,synth_dev_0,8,49.0,10502.979243740763,157.61354266131855,1.0,0.0,0.0,0.0,2.0,1.0,6.17409912109375,1.0,1.0,0.0,1.0,2,2,4,4,True,[3],synthetic,True,2,True
2026-03-04T03:23:00.183240+00:00,SYN003,syn_SYN003_2,synth_dev_0,9,21.0,7065.82969133427,50.37041593856045,0.0,1.0,0.25,0.0,2.0,1.0,65.51014819335937,0.0,2.0,0.0,0.0,2,2,62,62,True,"[3, 2, 4, 6, 5]",synthetic,True,2,True
2026-03-04T03:23:08.818227+00:00,SYN003,syn_SYN003_2,synth_dev_0,10,48.0,5871.148343700691,71.49659651827557,0.0,0.0,0.0,0.0,2.0,1.0,604800.0,1.0,0.0,1.0,0.0,0,1,32,40,False,"[6, 4]",synthetic,True,2,True
2026-03-04T03:23:19.301563+00:00,SYN003,syn_SYN003_2,synth_dev_0,11,48.0,11395.946846450292,87.22450719385199,1.0,0.0,0.0,0.0,2.0,1.0,10.4833359375,1.0,0.0,2.0,1.0,1,2,32,34,False,"[2, 6]",synthetic,True,2,True
2026-03-04T03:23:29.808784+00:00,SYN003,syn_SYN003_2,synth_dev_0,12,48.0,2953.1026803437644,189.81113588641125,2.0,0.0,0.0,1.0,2.0,1.0,10.507220947265624,2.0,0.0,3.0,2.0,1,2,32,34,False,"[6, 2]",synthetic,True,2,True
2026-03-04T03:23:36.899530+00:00,SYN003,syn_SYN003_2,synth_dev_0,13,48.0,1571.05401727516,50.97709592738447,3.0,0.0,0.0,2.0,2.0,1.0,7.09074609375,2.0,0.0,4.0,3.0,1,2,32,33,False,"[6, 1]",synthetic,True,2,True
2026-03-04T03:23:42.636831+00:00,SYN003,syn_SYN003_2,synth_dev_0,14,48.0,5682.452357151723,158.2074019333215,0.0,0.0,0.0,0.0,2.0,1.0,5.737301025390625,2.0,1.0,0.0,4.0,2,1,32,32,True,[6],synthetic,True,2,True
2026-03-04T03:23:52.405633+00:00,SYN003,syn_SYN003_2,synth_dev_0,15,32.0,11632.076630945765,170.32596330723104,0.0,0.0,0.0,0.0,2.0,1.0,604800.0,1.0,0.0,1.0,0.0,0,2,22,6,False,"[2, 3]",synthetic,True,2,True
2026-03-04T03:24:02.686260+00:00,SYN003,syn_SYN003_2,synth_dev_0,16,32.0,1873.2770939638203,184.86853546939355,1.0,0.0,0.0,0.0,2.0,1.0,10.280626953125,2.0,0.0,2.0,1.0,1,1,22,30,False,"[3, 4, 2, 5]",synthetic,True,2,True
2026-03-04T03:24:06.802464+00:00,SYN003,syn_SYN003_2,synth_dev_0,17,32.0,124.5053807192795,71.84877674523567,2.0,0.0,0.0,1.0,2.0,1.0,4.1162041015625,1.0,1.0,0.0,2.0,2,2,22,22,True,"[5, 3, 2]",synthetic,True,2,True
2026-03-04T03:24:17.028275+00:00,SYN003,syn_SYN003_2,synth_dev_0,18,12.0,5423.303702988767,79.48391480549805,0.0,0.0,0.0,0.0,2.0,1.0,604800.0,1.0,0.0,1.0,0.0,0,1,45,41,False,"[1, 4, 6]",synthetic,True,2,True
2026-03-04T03:24:27.443357+00:00,SYN003,syn_SYN003_2,synth_dev_0,19,12.0,436.1746105493784,66.0183762752175,1.0,0.0,0.0,0.0,2.0,1.0,10.41508203125,1.0,0.0,2.0,1.0,1,1,45,41,False,"[6, 4, 1]",synthetic,True,2,True
2026-03-04T03:24:37.287589+00:00,SYN003,syn_SYN003_2,synth_dev_0,20,12.0,14990.0,76.45143675039633,2.0,0.0,0.0,1.0,2.0,1.0,9.844232177734375,1.0,0.0,3.0,2.0,1,2,45,13,False,"[1, 3, 4]",synthetic,True,2,True
2026-03-04T03:24:50.480790+00:00,SYN003,syn_SYN003_2,synth_dev_0,21,12.0,2203.483120739373,71.16912267939652,3.0,0.0,0.0,2.0,2.0,1.0,13.19320068359375,2.0,0.0,4.0,3.0,1,2,45,47,False,"[4, 1, 3, 6, 2]",synthetic,True,2,True
2026-03-04T03:24:56.758598+00:00,SYN003,syn_SYN003_2,synth_dev_0,22,12.0,14990.0,170.86322161677035,0.0,0.0,0.0,0.0,2.0,1.0,6.277808349609375,2.0,0.0,5.0,4.0,0,2,45,61,False,"[6, 4, 3, 5, 1]",synthetic,True,2,True
2026-03-04T03:25:04.836708+00:00,SYN003,syn_SYN003_2,synth_dev_0,23,12.0,1521.4205331866053,152.6107437737701,1.0,0.0,0.0,0.0,2.0,1.0,8.07810986328125,2.0,1.0,0.0,5.0,2,1,45,45,True,"[3, 6, 4, 1]",synthetic,True,2,True
2026-03-04T09:25:08.552889+00:00,SYN003,syn_SYN003_3,synth_dev_0,0,48.0,2611.7203526202466,72.54367695910231,0.0,0.2,0.25,0.0,3.0,1.0,21685.916058105468,1.0,2.0,0.0,4.0,2,1,32,32,True,[6],synthetic,True,2,True
2026-03-04T09:25:17.105370+00:00,SYN003,syn_SYN003_3,synth_dev_0,1,9.0,1416.0365821115297,73.4684771674321,0.0,0.3333333333333333,0.25,0.0,3.0,1.0,54036.7418371582,2.0,2.0,0.0,2.0,2,0,21,21,True,"[1, 3, 5]",synthetic,True,2,True
2026-03-04T09:25:23.735579+00:00,SYN003,syn_SYN003_3,synth_dev_0,2,32.0,1433.088306139987,90.65485855958197,0.0,0.3333333333333333,0.25,0.0,3.0,1.0,21676.933114990235,2.0,0.0,1.0,2.0,0,1,22,29,False,"[5, 4, 3, 1]",synthetic,True,2,True
2026-03-04T09:25:37.308800+00:00,SYN003,syn_SYN003_3,synth_dev_0,3,32.0,1664.2437752135033,74.62018792007326,1.0,0.25,0.1625,0.0,3.0,1.0,13.573220947265625,1.0,1.0,0.0,3.0,2,1,22,22,True,"[3, 2, 5]",synthetic,True,2,True
2026-03-04T09:25:41.185446+00:00,SYN003,syn_SYN003_3,synth_dev_0,4,31.0,2517.161265966409,64.93198854584759,0.0,0.0,0.0,0.0,3.0,1.0,604800.0,1.0,0.0,1.0,0.0,0,1,15,11,False,"[4, 2, 1]",synthetic,True,2,True
2026-03-04T09:25:54.697172+00:00,SYN003,syn_SYN003_3,synth_dev_0,5,31.0,3473.544910029387,239.39038213082046,1.0,0.0,0.0,0.0,3.0,1.0,13.511725830078126,1.0,1.0,0.0,1.0,2,1,15,15,True,"[4, 2, 1, 3]",synthetic,True,2,True
2026-03-04T09:26:05.505225+00:00,SYN003,syn_SYN003_3,synth_dev_0,6,13.0,7994.270026567213,156.12400797793822,0.0,0.0,0.0,0.0,3.0,1.0,604800.0,1.0,1.0,0.0,0.0,2,2,27,27,True,"[1, 2, 5, 4]",synthetic,True,2,True
2026-03-04T09:26:10.120336+00:00,SYN003,syn_SYN003_3,synth_dev_0,7,19.0,2461.7932607497564,88.36240647042727,0.0,0.0,0.0,0.0,3.0,1.0,604800.0,1.0,1.0,0.0,0.0,2,0,53,53,True,"[5, 6, 3, 1]",synthetic,True,2,True
2026-03-04T09:26:20.598860+00:00,SYN003,syn_SYN003_3,synth_dev_0,8,46.0,4584.816915029297,84.43670502373595,0.0,0.0,0.0,0.0,3.0,1.0,604800.0,1.0,0.0,1.0,0.0,0,1,30,22,False,"[2, 5, 3]",synthetic,True,2,True
2026-03-04T09:26:32.929677+00:00,SYN003,syn_SYN003_3,synth_dev_0,9,46.0,788.559658168164,208.21638638686235,1.0,0.0,0.0,0.0,3.0,1.0,12.33081689453125,1.0,0.0,2.0,1.0,1,1,30,33,False,"[1, 6]",synthetic,True,2,True
2026-03-04T09:26:39.555194+00:00,SYN003,syn_SYN003_3,synth_dev_0,10,46.0,11757.69411721258,29.887449608391563,2.0,0.0,0.0,1.0,3.0,1.0,6.625516845703125,1.0,0.0,3.0,2.0,1,2,30,31,False,"[1, 4, 2, 3, 5]",synthetic,True,2,True
2026-03-04T09:26:48.334618+00:00,SYN003,syn_SYN003_3,synth_dev_0,11,46.0,1137.2108511889153,77.95787916222639,3.0,0.0,0.0,2.0,3.0,1.0,8.77942431640625,2.0,1.0,0.0,3.0,2,2,30,30,True,"[2, 4, 5, 3]",synthetic,True,2,True
2026-03-04T09:26:59.983300+00:00,SYN003,syn_SYN003_3,synth_dev_0,12,27.0,5782.182889783998,47.09623939633149,0.0,0.0,0.0,0.0,3.0,1.0,604800.0,1.0,0.0,1.0,0.0,0,1,57,48,False,"[5, 6]",synthetic,True,2,True
2026-03-04T09:27:04.332886+00:00,SYN003,syn_SYN003_3,synth_dev_0,13,27.0,3351.751076466669,271.6796634193047,1.0,0.0,0.0,0.0,3.0,1.0,4.3495859375,1.0,1.0,0.0,1.0,2,1,57,57,True,"[6, 5, 4, 1]",synthetic,True,2,True
2026-03-04T09:27:14.512541+00:00,SYN003,syn_SYN003_3,synth_dev_0,14,45.0,2362.582483103808,95.93058135193682,0.0,0.0,0.0,0.0,3.0,1.0,604800.0,1.0,0.0,1.0,0.0,0,1,34,2,False,[2],synthetic,True,2,True
2026-03-04T09:27:23.460161+00:00,SYN003,syn_SYN003_3,synth_dev_0,16,45.0,748.4439546122642,119.7809961120005,2.0,0.0,0.0,1.0,3.0,1.0,5.1445947265625,1.0,0.0,3.0,2.0,1,2,34,35,False,"[1, 6, 2]",synthetic,True,2,True
2026-03-04T09:27:29.847664+00:00,SYN003,syn_SYN003_3,synth_dev_0,17,45.0,1567.304984937979,90.71181284349326,3.0,0.0,0.0,2.0,3.0,1.0,6.387503173828125,2.0,1.0,0.0,3.0,2,2,34,34,True,"[2, 6]",synthetic,True,2,True
2026-03-04T09:27:39.960409+00:00,SYN003,syn_SYN003_3,synth_dev_0,18,37.0,14990.0,122.52323056718951,0.0,0.0,0.0,0.0,3.0,1.0,604800.0,1.0,1.0,0.0,0.0,2,2,23,23,True,"[1, 5, 3, 2]",synthetic,True,2,True
2026-03-04T09:27:51.922764+00:00,SYN003,syn_SYN003_3,synth_dev_0,19,43.0,14990.0,48.533542435292524,0.0,0.0,0.0,0.0,3.0,1.0,604800.0,1.0,0.0,1.0,0.0,0,2,59,58,False,"[5, 2, 4, 6]",synthetic,True,2,True
2026-03-04T09:28:00.770556+00:00,SYN003,syn_SYN003_3,synth_dev_0,20,43.0,497.9880816967049,228.0561654562085,1.0,0.0,0.0,0.0,3.0,1.0,8.847791748046875,2.0,0.0,2.0,1.0,1,1,59,63,False,"[2, 3, 5, 4, 1, 6]",synthetic,True,2,True
2026-03-04T09:28:07.714220+00:00,SYN003,syn_SYN003_3,synth_dev_0,21,43.0,6443.785309645182,86.16733954582496,2.0,0.0,0.0,1.0,3.0,1.0,6.9436640625,1.0,0.0,3.0,2.0,1,2,59,12,False,"[3, 4]",synthetic,True,2,True
2026-03-04T09:28:17.702391+00:00,SYN003,syn_SYN003_3,synth_dev_0,22,43.0,5556.2624097210755,104.47115266402949,3.0,0.0,0.0,2.0,3.0,1.0,9.9881708984375,2.0,0.0,4.0,3.0,1,2,59,51,False,"[6, 2, 1, 5]",synthetic,True,2,True
2026-03-04T09:28:26.631597+00:00,SYN003,syn_SYN003_3,synth_dev_0,23,43.0,14764.207663873725,122.94754183990932,0.0,0.0,0.0,0.0,3.0,1.0,8.9292060546875,2.0,0.0,5.0,4.0,0,2,59,46,False,"[2, 6, 4, 3]",synthetic,True,2,True
2026-03-04T18:06:29.756911+00:00,SYN003,syn_SYN003_4,synth_dev_0,0,23.0,846.6753537727421,133.70806617247763,0.0,0.0,0.0,0.0,4.0,1.0,604800.0,1.0,1.0,0.0,0.0,2,0,43,43,True,"[1, 6, 4, 2]",synthetic,True,2,True
2026-03-04T18:06:34.016044+00:00,SYN003,syn_SYN003_4,synth_dev_0,1,49.0,2924.7015545324093,178.84695699710687,0.0,0.5,0.25,0.0,4.0,1.0,53024.29792895508,2.0,2.0,0.0,1.0,2,1,4,4,True,[3],synthetic,True,2,True
2026-03-04T18:06:45.262978+00:00,SYN003,syn_SYN003_4,synth_dev_0,2,44.0,4652.745185969857,159.40187408937965,0.0,0.0,0.0,0.0,4.0,1.0,604800.0,1.0,0.0,1.0,0.0,0,1,55,63,False,"[6, 1, 3, 4, 5, 2]",synthetic,True,2,True
2026-03-04T18:06:51.291149+00:00,SYN003,syn_SYN003_4,synth_dev_0,3,44.0,757.3173093740048,175.09513267007546,1.0,0.0,0.0,0.0,4.0,1.0,6.0281708984375,1.0,0.0,2.0,1.0,1,1,55,53,False,"[5, 1, 6, 3]",synthetic,True,2,True
2026-03-04T18:07:04.080467+00:00,SYN003,syn_SYN003_4,synth_dev_0,4,44.0,653.2714750172155,156.0004934348366,2.0,0.0,0.0,1.0,4.0,1.0,12.789318115234375,1.0,0.0,3.0,2.0,1,2,55,53,False,"[1, 5, 6, 3]",synthetic,True,2,True
2026-03-04T18:07:16.636589+00:00,SYN003,syn_SYN003_4,synth_dev_0,5,44.0,1655.1394470646774,57.19556847483524,3.0,0.0,0.0,2.0,4.0,1.0,12.5561220703125,2.0,1.0,0.0,3.0,2,2,55,55,True,"[3, 6, 1, 5, 2]",synthetic,True,2,True
2026-03-04T18:07:25.246107+00:00,SYN003,syn_SYN003_4,synth_dev_0,6,20.0,3606.95376344288,66.90066614128774,0.0,0.0,0.0,0.0,4.0,1.0,604800.0,1.0,1.0,0.0,0.0,2,1,18,18,True,"[5, 2]",synthetic,True,2,True
2026-03-04T18:07:30.261433+00:00,SYN003,syn_SYN003_4,synth_dev_0,7,33.0,2922.6130098184835,192.03885972075113,0.0,1.0,0.25,0.0,4.0,1.0,85434.43250170899,1.0,2.0,0.0,0.0,2,1,3,3,True,"[1, 2]",synthetic,True,2,True
2026-03-04T18:07:33.908376+00:00,SYN003,syn_SYN003_4,synth_dev_0,8,36.0,14512.399267670216,188.63708753316152,0.0,0.0,0.0,0.0,4.0,1.0,604800.0,1.0,1.0,0.0,0.0,2,2,61,61,True,"[6, 1, 5, 3, 4]",synthetic,True,2,True
2026-03-04T18:07:44.101608+00:00,SYN003,syn_SYN003_4,synth_dev_0,9,4.0,3237.806897678005,110.26344764264296,0.0,1.0,0.25,0.0,4.0,1.0,53143.78317822266,0.0,2.0,0.0,0.0,2,1,37,37,True,"[3, 6, 1]",synthetic,True,2,True
2026-03-04T18:07:57.871666+00:00,SYN003,syn_SYN003_4,synth_dev_0,11,36.0,2110.3115488349167,67.22287783564477,0.0,1.0,0.25,0.0,4.0,1.0,23.9632900390625,2.0,2.0,0.0,0.0,2,0,61,61,True,"[6, 3, 4, 1, 5]",synthetic,True,2,True
2026-03-04T18:08:10.204337+00:00,SYN003,syn_SYN003_4,synth_dev_0,12,44.0,3828.784853506597,206.21536622711503,0.0,0.25,0.25,0.0,4.0,1.0,53.567747802734374,2.0,2.0,0.0,3.0,2,1,55,55,True,"[2, 5, 6, 1, 3]",synthetic,True,2,True
2026-03-04T18:08:20.239266+00:00,SYN003,syn_SYN003_4,synth_dev_0,13,40.0,2006.2791169140455,89.62032924528728,0.0,1.0,0.25,0.0,4.0,1.0,53146.856565917966,1.0,2.0,0.0,0.0,2,0,47,47,True,"[6, 3, 1, 2, 4]",synthetic,True,2,True
2026-03-04T18:08:26.797267+00:00,SYN003,syn_SYN003_4,synth_dev_0,14,23.0,2202.405660061045,105.45623091722338,0.0,1.0,0.25,0.0,4.0,1.0,117.04035571289063,0.0,2.0,0.0,0.0,2,0,43,43,True,"[2, 4, 1, 6]",synthetic,True,2,True
2026-03-04T18:08:30.092106+00:00,SYN003,syn_SYN003_4,synth_dev_0,15,7.0,5029.007650181018,143.05802560350637,0.0,0.0,0.0,0.0,4.0,1.0,604800.0,1.0,1.0,0.0,0.0,2,1,17,17,True,"[1, 5]",synthetic,True,2,True
2026-03-04T18:08:35.078839+00:00,SYN003,syn_SYN003_4,synth_dev_0,16,22.0,1619.1264246912708,165.06770774353984,0.0,0.0,0.0,0.0,4.0,1.0,604800.0,1.0,0.0,1.0,0.0,0,1,58,62,False,"[5, 4, 3, 2, 6]",synthetic,True,2,True
2026-03-04T18:08:48.118646+00:00,SYN003,syn_SYN003_4,synth_dev_0,17,22.0,1568.5083005428992,124.22440680842155,1.0,0.0,0.0,0.0,4.0,1.0,13.039806884765625,1.0,1.0,0.0,1.0,2,1,58,58,True,"[2, 4, 6, 5]",synthetic,True,2,True
2026-03-04T18:08:51.312629+00:00,SYN003,syn_SYN003_4,synth_dev_0,18,49.0,1084.9127285450827,52.877664658919336,0.0,0.6666666666666666,0.4375,0.0,4.0,1.0,137.2965849609375,1.0,0.0,1.0,1.0,0,1,4,5,False,"[1, 3]",synthetic,True,2,True
2026-03-04T18:08:58.788559+00:00,SYN003,syn_SYN003_4,synth_dev_0,19,49.0,1495.3775528261656,105.34683127910186,1.0,0.5,0.28437500000000004,0.0,4.0,1.0,7.47593017578125,1.0,1.0,0.0,2.0,2,1,4,4,True,[3],synthetic,True,2,True
2026-03-04T18:09:08.112950+00:00,SYN003,syn_SYN003_4,synth_dev_0,20,1.0,2741.534968452782,161.05834281729994,0.0,0.0,0.0,0.0,4.0,1.0,604800.0,1.0,0.0,1.0,0.0,0,1,28,30,False,"[2, 4, 5, 3]",synthetic,True,2,True
2026-03-04T18:09:18.904360+00:00,SYN003,syn_SYN003_4,synth_dev_0,21,1.0,3591.9079420426306,57.838309754491654,1.0,0.0,0.0,0.0,4.0,1.0,10.791409912109375,1.0,1.0,0.0,1.0,2,1,28,28,True,"[4, 5, 3]",synthetic,True,2,True
2026-03-04T18:09:24.965688+00:00,SYN003,syn_SYN003_4,synth_dev_0,22,0.0,6166.265643087399,72.12758651462276,0.0,0.0,0.0,0.0,4.0,1.0,604800.0,1.0,0.0,1.0,0.0,0,2,1,9,False,"[1, 4]",synthetic,True,2,True
2026-03-04T18:09:32.447062+00:00,SYN003,syn_SYN003_4,synth_dev_0,23,0.0,3436.4040289120185,112.60569457478772,1.0,0.0,0.0,0.0,4.0,1.0,7.4813740234375,2.0,1.0,0.0,1.0,2,1,1,1,True,[1],synthetic,True,2,True
2026-03-06T21:32:45.353917+00:00,SYN003,syn_SYN003_5,synth_dev_0,0,18.0,9322.723333885684,248.7999148071543,0.0,0.5,0.25,0.0,5.0,1.0,270598.8498310547,1.0,0.0,1.0,1.0,0,2,26,10,False,"[4, 2]",synthetic,True,2,True
2026-03-06T21:32:56.572035+00:00,SYN003,syn_SYN003_5,synth_dev_0,1,18.0,584.4428600617357,87.50290088871904,1.0,0.3333333333333333,0.1625,0.0,5.0,1.0,11.2181181640625,2.0,1.0,0.0,2.0,2,1,26,26,True,"[2, 5, 4]",synthetic,True,2,True
2026-03-06T21:33:06.231416+00:00,SYN003,syn_SYN003_5,synth_dev_0,2,28.0,2507.5623443186973,75.75878590995072,0.0,1.0,0.4375,0.0,5.0,1.0,270524.30782617186,0.0,3.0,0.0,0.0,2,1,25,25,True,"[5, 1, 4]",synthetic,True,2,True
2026-03-06T21:33:18.865977+00:00,SYN003,syn_SYN003_5,synth_dev_0,3,20.0,7943.007564946573,72.57926394557566,0.0,1.0,0.25,0.0,5.0,1.0,185153.61986987304,1.0,0.0,1.0,0.0,0,2,18,2,False,[2],synthetic,True,2,True
2026-03-06T21:33:25.532868+00:00,SYN003,syn_SYN003_5,synth_dev_0,4,20.0,2246.6410485618576,40.17574819055956,1.0,0.5,0.1625,0.0,5.0,1.0,6.666890869140625,2.0,1.0,0.0,1.0,2,1,18,18,True,"[2, 5]",synthetic,True,2,True
2026-03-06T21:33:38.215060+00:00,SYN003,syn_SYN003_5,synth_dev_0,5,22.0,10231.677182172241,122.09067852746568,0.0,0.5,0.25,0.0,5.0,1.0,185090.0964140625,1.0,2.0,0.0,1.0,2,2,58,58,True,"[2, 4, 6, 5]",synthetic,True,2,True
2026-03-06T21:33:48.859797+00:00,SYN003,syn_SYN003_5,synth_dev_0,6,15.0,14990.0,159.04466773503847,0.0,0.5,0.25,0.0,5.0,1.0,270576.40747094725,2.0,2.0,0.0,1.0,2,2,44,44,True,"[4, 6, 3]",synthetic,True,2,True
2026-03-06T21:34:01.988113+00:00,SYN003,syn_SYN003_5,synth_dev_0,7,21.0,11372.7638291539,104.05368402262668,0.0,1.0,0.4375,0.0,5.0,1.0,238261.80487304687,2.0,3.0,0.0,0.0,2,2,62,62,True,"[4, 3, 5, 2, 6]",synthetic,True,2,True
2026-03-06T21:34:14.855208+00:00,SYN003,syn_SYN003_5,synth_dev_0,8,39.0,2830.9081951814287,117.77799848864991,0.0,0.0,0.0,0.0,5.0,1.0,604800.0,1.0,0.0,1.0,0.0,0,1,41,43,False,"[4, 2, 1, 6]",synthetic,True,2,True
2026-03-06T21:34:20.649419+00:00,SYN003,syn_SYN003_5,synth_dev_0,9,39.0,1890.51178164591,86.8742461385336,1.0,0.0,0.0,0.0,5.0,1.0,5.794211181640625,1.0,0.0,2.0,1.0,1,1,41,40,False,"[4, 6]",synthetic,True,2,True
2026-03-06T21:34:26.634884+00:00,SYN003,syn_SYN003_5,synth_dev_0,10,39.0,2093.619241168718,168.17124513661128,2.0,0.0,0.0,1.0,5.0,1.0,5.98546484375,1.0,1.0,0.0,2.0,2,2,41,41,True,"[4, 6, 1]",synthetic,True,2,True
2026-03-06T21:34:37.070634+00:00,SYN003,syn_SYN003_5,synth_dev_0,11,10.0,4076.6786541340593,226.0807342099009,0.0,0.0,0.0,0.0,5.0,1.0,604800.0,1.0,0.0,1.0,0.0,0,1,42,34,False,"[2, 6]",synthetic,True,2,True
2026-03-06T21:34:43.538220+00:00,SYN003,syn_SYN003_5,synth_dev_0,12,10.0,1091.0349680253873,166.95890273301114,1.0,0.0,0.0,0.0,5.0,1.0,6.467586181640625,1.0,0.0,2.0,1.0,1,1,42,10,False,"[2, 4]",synthetic,True,2,True
2026-03-06T21:34:54.977232+00:00,SYN003,syn_SYN003_5,synth_dev_0,13,10.0,1258.6635779601747,64.78661575592412,2.0,0.0,0.0,1.0,5.0,1.0,11.439011962890625,1.0,0.0,3.0,2.0,1,2,42,34,False,"[2, 6]",synthetic,True,2,True
2026-03-06T21:35:06.996829+00:00,SYN003,syn_SYN003_5,synth_dev_0,14,10.0,860.5736449769884,70.05083500434964,3.0,0.0,0.0,2.0,5.0,1.0,12.01959716796875,2.0,0.0,4.0,3.0,1,2,42,10,False,"[2, 4]",synthetic,True,2,True
2026-03-06T21:35:14.110849+00:00,SYN003,syn_SYN003_5,synth_dev_0,15,10.0,2325.000090119416,97.48638966919697,0.0,0.0,0.0,0.0,5.0,1.0,7.114019775390625,2.0,0.0,5.0,4.0,0,1,42,34,False,"[6, 2]",synthetic,True,2,True
2026-03-06T21:35:24.745689+00:00,SYN003,syn_SYN003_5,synth_dev_0,16,10.0,311.6623594505903,187.26659901597085,1.0,0.0,0.0,0.0,5.0,1.0,10.634840087890625,1.0,0.0,6.0,5.0,1,1,42,10,False,"[2, 4]",synthetic,True,2,True
2026-03-06T21:35:44.971704+00:00,SYN003,syn_SYN003_5,synth_dev_0,18,10.0,1158.9287615287294,96.63538138509328,3.0,0.0,0.0,2.0,5.0,1.0,6.46289306640625,2.0,1.0,0.0,7.0,2,2,42,42,True,"[4, 6, 2]",synthetic,True,2,True
2026-03-06T21:35:48.815193+00:00,SYN003,syn_SYN003_5,synth_dev_0,19,30.0,1720.481436489495,157.51851537907186,0.0,0.0,0.0,0.0,5.0,1.0,604800.0,1.0,1.0,0.0,0.0,2,0,29,29,True,"[1, 5, 3, 4]",synthetic,True,2,True
2026-03-06T21:36:01.630938+00:00,SYN003,syn_SYN003_5,synth_dev_0,20,12.0,4335.282169857598,105.84963811246493,0.0,0.16666666666666666,0.25,0.0,5.0,1.0,238256.79422998047,1.0,0.0,1.0,5.0,0,1,45,61,False,"[5, 1, 6, 4, 3]",synthetic,True,2,True
2026-03-06T21:36:16.503976+00:00,SYN003,syn_SYN003_5,synth_dev_0,22,12.0,3530.242061628012,103.53799408764749,2.0,0.125,0.10562500000000001,1.0,5.0,1.0,4.658115966796875,2.0,1.0,0.0,7.0,2,2,45,45,True,"[3, 4, 1, 6]",synthetic,True,2,True
2026-03-06T21:36:30.171312+00:00,SYN003,syn_SYN003_5,synth_dev_0,23,19.0,5493.713858018512,198.794456578923,0.0,1.0,0.25,0.0,5.0,1.0,216620.0509760742,0.0,0.0,1.0,0.0,0,1,53,61,False,"[6, 3, 5, 1, 4]",synthetic,True,2,True
2026-03-02T18:42:05.095875+00:00,SYN004,syn_SYN004_1,synth_dev_1,0,22.0,13907.993513776371,199.98331099350492,0.0,0.0,0.0,0.0,1.0,1.0,604800.0,1.0,1.0,0.0,0.0,2,2,58,58,True,"[4, 2, 5, 6]",synthetic,True,2,True
2026-03-02T18:42:15.787615+00:00,SYN004,syn_SYN004_1,synth_dev_1,1,7.0,7313.497580197025,110.8887691515345,0.0,0.0,0.0,0.0,1.0,1.0,604800.0,1.0,0.0,1.0,0.0,0,2,17,1,False,[1],synthetic,True,2,True
2026-03-02T18:42:22.306092+00:00,SYN004,syn_SYN004_1,synth_dev_1,2,7.0,4698.087935214406,79.83443700350774,1.0,0.0,0.0,0.0,1.0,1.0,6.51847705078125,2.0,1.0,0.0,1.0,2,1,17,17,True,"[5, 1]",synthetic,True,2,True
2026-03-02T18:42:35.491001+00:00,SYN004,syn_SYN004_1,synth_dev_1,3,44.0,14990.0,92.79495533046337,0.0,0.0,0.0,0.0,1.0,1.0,604800.0,1.0,0.0,1.0,0.0,0,2,55,63,False,"[5, 3, 2, 4, 1, 6]",synthetic,True,2,True
2026-03-02T18:42:41.030057+00:00,SYN004,syn_SYN004_1,synth_dev_1,4,44.0,5998.348258340064,159.92283916578782,1.0,0.0,0.0,0.0,1.0,1.0,5.539055908203125,2.0,0.0,2.0,1.0,1,1,55,51,False,"[1, 5, 6, 2]",synthetic,True,2,True
2026-03-02T18:42:46.907044+00:00,SYN004,syn_SYN004_1,synth_dev_1,5,44.0,14990.0,167.38869857414608,2.0,0.0,0.0,1.0,1.0,1.0,5.876987060546875,1.0,0.0,3.0,2.0,1,2,55,63,False,"[6, 3, 2, 5, 4, 1]",synthetic,True,2,True
2026-03-02T18:42:55.434516+00:00,SYN004,syn_SYN004_1,synth_dev_1,6,44.0,8569.532740789786,59.687532795129606,3.0,0.0,0.0,2.0,1.0,1.0,8.527471923828125,2.0,0.0,4.0,3.0,1,2,55,63,False,"[5, 1, 6, 2, 3, 4]",synthetic,True,2,True
2026-03-02T18:43:06.243946+00:00,SYN004,syn_SYN004_1,synth_dev_1,7,44.0,6551.763038696401,199.02377954024442,0.0,0.0,0.0,0.0,1.0,1.0,10.80943017578125,2.0,0.0,5.0,4.0,0,2,55,63,False,"[2, 6, 3, 4, 1, 5]",synthetic,True,2,True
2026-03-02T18:43:18.850645+00:00,SYN004,syn_SYN004_1,synth_dev_1,8,44.0,11033.53212328976,140.2371717686202,1.0,0.0,0.0,0.0,1.0,1.0,12.606698974609374,2.0,0.0,6.0,5.0,1,2,55,63,False,"[1, 2, 6, 5, 4, 3]",synthetic,True,2,True
2026-03-02T18:43:23.586915+00:00,SYN004,syn_SYN004_1,synth_dev_1,9,44.0,7275.571657279743,100.5108818022445,2.0,0.0,0.0,1.0,1.0,1.0,4.73627001953125,2.0,0.0,7.0,6.0,1,2,55,12,False,"[3, 4]",synthetic,True,2,True
2026-03-02T18:43:32.863460+00:00,SYN004,syn_SYN004_1,synth_dev_1,10,44.0,2270.0299242177966,245.92145099857782,3.0,0.0,0.0,2.0,1.0,1.0,9.276544921875,2.0,0.0,8.0,7.0,1,2,55,51,False,"[1, 5, 6, 2]",synthetic,True,2,True
2026-03-02T18:43:39.172493+00:00,SYN004,syn_SYN004_1,synth_dev_1,11,44.0,14990.0,165.731474922509,0.0,0.0,0.0,0.0,1.0,1.0,6.309032958984375,2.0,0.0,9.0,8.0,0,2,55,48,False,"[5, 6]",synthetic,True,2,True
2026-03-02T18:43:44.582330+00:00,SYN004,syn_SYN004_1,synth_dev_1,12,44.0,391.3213979973134,347.5175797223087,1.0,0.0,0.0,0.0,1.0,1.0,5.409837158203125,2.0,0.0,10.0,9.0,1,1,55,63,False,"[2, 1, 4, 5, 3, 6]",synthetic,True,2,True
2026-03-02T18:43:53.831721+00:00,SYN004,syn_SYN004_1,synth_dev_1,13,44.0,2782.875596001955,119.1287549942808,2.0,0.0,0.0,1.0,1.0,1.0,9.249390869140624,1.0,0.0,11.0,10.0,1,2,55,39,False,"[2, 3, 6, 1]",synthetic,True,2,True
2026-03-02T18:43:58.341306+00:00,SYN004,syn_SYN004_1,synth_dev_1,14,44.0,5397.735200688984,179.4679079638379,3.0,0.0,0.0,2.0,1.0,1.0,4.5095849609375,2.0,1.0,0.0,11.0,2,2,55,55,True,"[6, 3, 2, 5, 1]",synthetic,True,2,True
2026-03-04T01:27:08.830275+00:00,SYN004,syn_SYN004_2,synth_dev_1,0,30.0,2930.058208055324,168.96884849778627,0.0,0.0,0.0,0.0,2.0,1.0,604800.0,1.0,0.0,1.0,0.0,0,1,29,61,False,"[3, 1, 6, 5, 4]",synthetic,True,2,True
2026-03-04T01:27:13.487570+00:00,SYN004,syn_SYN004_2,synth_dev_1,1,30.0,14990.0,116.04748029789529,1.0,0.0,0.0,0.0,2.0,1.0,4.657294921875,1.0,0.0,2.0,1.0,1,2,29,13,False,"[1, 3, 4]",synthetic,True,2,True
2026-03-04T01:27:24.501855+00:00,SYN004,syn_SYN004_2,synth_dev_1,2,30.0,272.9268278636841,154.31696705161508,2.0,0.0,0.0,1.0,2.0,1.0,11.014284912109375,2.0,0.0,3.0,2.0,1,2,29,61,False,"[6, 5, 1, 3, 4]",synthetic,True,2,True
2026-03-04T01:27:35.170093+00:00,SYN004,syn_SYN004_2,synth_dev_1,3,30.0,1686.7972331918882,133.84860126668073,3.0,0.0,0.0,2.0,2.0,1.0,10.668238037109376,2.0,0.0,4.0,3.0,1,2,29,21,False,"[1, 5, 3]",synthetic,True,2,True
2026-03-04T01:27:47.441044+00:00,SYN004,syn_SYN004_2,synth_dev_1,4,30.0,14990.0,117.834209839541,0.0,0.0,0.0,0.0,2.0,1.0,12.270951171875,2.0,0.0,5.0,4.0,0,2,29,13,False,"[1, 3, 4]",synthetic,True,2,True
2026-03-04T01:27:53.766006+00:00,SYN004,syn_SYN004_2,synth_dev_1,5,30.0,2368.6226823630122,100.55098783191302,1.0,0.0,0.0,0.0,2.0,1.0,6.3249619140625,2.0,1.0,0.0,5.0,2,1,29,29,True,"[3, 5, 4, 1]",synthetic,True,2,True
2026-03-04T01:28:05.260708+00:00,SYN004,syn_SYN004_2,synth_dev_1,6,24.0,7791.081036607275,108.11039015993295,0.0,0.0,0.0,0.0,2.0,1.0,604800.0,1.0,0.0,1.0,0.0,0,2,63,23,False,"[5, 1, 2, 3]",synthetic,True,2,True
2026-03-04T01:28:14.682188+00:00,SYN004,syn_SYN004_2,synth_dev_1,7,24.0,3035.3102327165684,104.85550044659989,1.0,0.0,0.0,0.0,2.0,1.0,9.42147998046875,2.0,0.0,2.0,1.0,1,1,63,32,False,[6],synthetic,True,2,True
2026-03-04T01:28:24.109420+00:00,SYN004,syn_SYN004_2,synth_dev_1,8,24.0,1660.957226596688,98.32431573237916,2.0,0.0,0.0,1.0,2.0,1.0,9.427232177734375,1.0,0.0,3.0,2.0,1,2,63,3,False,"[1, 2]",synthetic,True,2,True
2026-03-04T01:28:47.703109+00:00,SYN004,syn_SYN004_2,synth_dev_1,10,24.0,7628.4735773970115,151.8451770092962,0.0,0.0,0.0,0.0,2.0,1.0,11.7155810546875,2.0,1.0,0.0,4.0,2,2,63,63,True,"[6, 1, 2, 3, 4, 5]",synthetic,True,2,True
2026-03-04T01:29:01.002940+00:00,SYN004,syn_SYN004_2,synth_dev_1,11,40.0,14990.0,92.52394344926878,0.0,0.0,0.0,0.0,2.0,1.0,604800.0,1.0,0.0,1.0,0.0,0,2,47,63,False,"[4, 6, 1, 2, 5, 3]",synthetic,True,2,True
2026-03-04T01:29:07.848571+00:00,SYN004,syn_SYN004_2,synth_dev_1,12,40.0,4482.492270311677,190.12042833811455,1.0,0.0,0.0,0.0,2.0,1.0,6.845631103515625,2.0,1.0,0.0,1.0,2,1,47,47,True,"[4, 6, 3, 2, 1]",synthetic,True,2,True
2026-03-04T01:29:12.022815+00:00,SYN004,syn_SYN004_2,synth_dev_1,13,33.0,8231.51888566877,130.42718474216608,0.0,0.0,0.0,0.0,2.0,1.0,604800.0,1.0,1.0,0.0,0.0,2,2,3,3,True,"[2, 1]",synthetic,True,2,True
2026-03-04T01:29:15.439380+00:00,SYN004,syn_SYN004_2,synth_dev_1,14,32.0,3968.7537560554574,170.85909216200946,0.0,0.0,0.0,0.0,2.0,1.0,604800.0,1.0,0.0,1.0,0.0,0,1,22,54,False,"[5, 3, 6, 2]",synthetic,True,2,True
2026-03-09T04:25:19.010777+00:00,SYN004,syn_SYN004_3,synth_dev_1,0,38.0,2996.896049353508,83.83369652343151,0.0,0.0,0.0,0.0,3.0,1.0,604800.0,1.0,0.0,1.0,0.0,0,1,7,3,False,"[2, 1]",synthetic,True,2,True
2026-03-09T04:25:26.902348+00:00,SYN004,syn_SYN004_3,synth_dev_1,1,38.0,1971.262202701658,140.85525978661605,1.0,0.0,0.0,0.0,3.0,1.0,7.891571044921875,1.0,1.0,0.0,1.0,2,1,7,7,True,"[2, 3, 1]",synthetic,True,2,True
2026-03-09T04:25:34.959814+00:00,SYN004,syn_SYN004_3,synth_dev_1,2,39.0,14990.0,135.17473982120475,0.0,0.0,0.0,0.0,3.0,1.0,604800.0,1.0,0.0,1.0,0.0,0,2,41,40,False,"[6, 4]",synthetic,True,2,True
2026-03-09T04:25:42.379833+00:00,SYN004,syn_SYN004_3,synth_dev_1,3,39.0,4350.685004339741,36.01369075956884,1.0,0.0,0.0,0.0,3.0,1.0,7.42001904296875,2.0,1.0,0.0,1.0,2,1,41,41,True,"[1, 6, 4]",synthetic,True,2,True
2026-03-09T04:25:53.686013+00:00,SYN004,syn_SYN004_3,synth_dev_1,4,44.0,12274.707739667912,108.42748021345196,0.0,0.08333333333333333,0.25,0.0,3.0,1.0,553315.3447070313,2.0,0.0,1.0,11.0,0,2,55,51,False,"[2, 1, 5, 6]",synthetic,True,2,True
2026-03-09T04:25:57.763494+00:00,SYN004,syn_SYN004_3,synth_dev_1,5,44.0,8875.464036776499,95.10708832775364,1.0,0.07692307692307693,0.1625,0.0,3.0,1.0,4.07748095703125,2.0,0.0,2.0,12.0,1,2,55,63,False,"[6, 1, 2, 5, 4, 3]",synthetic,True,2,True
2026-03-09T04:26:09.429204+00:00,SYN004,syn_SYN004_3,synth_dev_1,6,44.0,2109.6096805693933,56.027175952164804,2.0,0.07142857142857142,0.10562500000000001,1.0,3.0,1.0,11.665710205078126,2.0,1.0,0.0,13.0,2,2,55,55,True,"[2, 6, 5, 1, 3]",synthetic,True,2,True
2026-03-09T04:26:12.658226+00:00,SYN004,syn_SYN004_3,synth_dev_1,7,40.0,6126.75010659184,61.08438614134699,0.0,0.5,0.25,0.0,3.0,1.0,442624.80965502927,1.0,2.0,0.0,1.0,2,2,47,47,True,"[4, 6, 2, 1, 3]",synthetic,True,2,True
2026-03-09T04:26:24.298778+00:00,SYN004,syn_SYN004_3,synth_dev_1,8,31.0,14990.0,116.22188340381494,0.0,0.0,0.0,0.0,3.0,1.0,604800.0,1.0,1.0,0.0,0.0,2,2,15,15,True,"[1, 4, 3, 2]",synthetic,True,2,True
2026-03-09T04:26:28.525483+00:00,SYN004,syn_SYN004_3,synth_dev_1,9,38.0,129.5495873020435,120.7774123543888,0.0,0.5,0.25,0.0,3.0,1.0,61.623134765625,1.0,0.0,1.0,1.0,0,1,7,39,False,"[1, 3, 6, 2]",synthetic,True,2,True
2026-03-09T04:26:32.208231+00:00,SYN004,syn_SYN004_3,synth_dev_1,10,38.0,14132.310463744812,117.22404120006017,1.0,0.3333333333333333,0.1625,0.0,3.0,1.0,3.682748046875,1.0,0.0,2.0,2.0,1,2,7,39,False,"[6, 1, 3, 2]",synthetic,True,2,True
2026-03-09T04:26:41.239413+00:00,SYN004,syn_SYN004_3,synth_dev_1,11,38.0,2034.977769867594,159.02908334394857,2.0,0.25,0.10562500000000001,1.0,3.0,1.0,9.03118212890625,2.0,0.0,3.0,3.0,1,2,7,5,False,"[1, 3]",synthetic,True,2,True
2026-03-09T04:26:53.749109+00:00,SYN004,syn_SYN004_3,synth_dev_1,12,38.0,3360.5565115687677,121.99906234891063,3.0,0.2,0.06865625,2.0,3.0,1.0,12.509696044921874,2.0,0.0,4.0,4.0,1,2,7,23,False,"[2, 5, 3, 1]",synthetic,True,2,True
2026-03-09T04:27:02.006343+00:00,SYN004,syn_SYN004_3,synth_dev_1,13,38.0,1754.4817604677667,119.9578589714106,0.0,0.16666666666666666,0.0446265625,0.0,3.0,1.0,8.257233642578125,2.0,0.0,5.0,5.0,0,1,7,23,False,"[2, 1, 5, 3]",synthetic,True,2,True
2026-03-09T04:27:08.159653+00:00,SYN004,syn_SYN004_3,synth_dev_1,14,38.0,2315.3325867608596,133.17888886273585,1.0,0.14285714285714285,0.029007265625,0.0,3.0,1.0,6.15331005859375,1.0,0.0,6.0,6.0,1,1,7,15,False,"[3, 2, 1, 4]",synthetic,True,2,True
2026-03-10T04:33:14.017640+00:00,SYN004,syn_SYN004_4,synth_dev_1,0,48.0,2297.9100192673013,102.11865215436292,0.0,0.0,0.0,0.0,4.0,1.0,604800.0,1.0,0.0,1.0,0.0,0,1,32,36,False,"[6, 3]",synthetic,True,2,True
2026-03-10T04:33:18.049812+00:00,SYN004,syn_SYN004_4,synth_dev_1,1,48.0,9584.76012800966,111.89252942967812,1.0,0.0,0.0,0.0,4.0,1.0,4.032171875,1.0,1.0,0.0,1.0,2,2,32,32,True,[6],synthetic,True,2,True
2026-03-10T04:33:25.617202+00:00,SYN004,syn_SYN004_4,synth_dev_1,2,39.0,5766.57573100102,65.35000368992517,0.0,0.5,0.25,0.0,4.0,1.0,86863.23736914062,1.0,2.0,0.0,1.0,2,1,41,41,True,"[1, 4, 6]",synthetic,True,2,True
2026-03-10T04:33:29.969375+00:00,SYN004,syn_SYN004_4,synth_dev_1,3,40.0,4615.848488547354,117.79704310475739,0.0,0.6666666666666666,0.4375,0.0,4.0,1.0,86837.31114892579,2.0,0.0,1.0,1.0,0,1,47,39,False,"[2, 1, 6, 3]",synthetic,True,2,True
2026-03-10T04:33:33.435077+00:00,SYN004,syn_SYN004_4,synth_dev_1,4,40.0,14990.0,139.858906474928,1.0,0.5,0.28437500000000004,0.0,4.0,1.0,3.465701904296875,1.0,0.0,2.0,2.0,1,2,47,4,False,[3],synthetic,True,2,True
2026-03-10T04:33:50.468939+00:00,SYN004,syn_SYN004_4,synth_dev_1,6,40.0,5097.541053184273,215.05984287221668,3.0,0.3333333333333333,0.12014843750000002,2.0,4.0,1.0,13.864616943359374,2.0,1.0,0.0,4.0,2,2,47,47,True,"[2, 1, 3, 4, 6]",synthetic,True,2,True
2026-03-10T04:34:01.094772+00:00,SYN004,syn_SYN004_4,synth_dev_1,7,16.0,14990.0,202.96707264274428,0.0,0.0,0.0,0.0,4.0,1.0,604800.0,1.0,0.0,1.0,0.0,0,2,9,1,False,[1],synthetic,True,2,True
2026-03-10T04:34:13.986644+00:00,SYN004,syn_SYN004_4,synth_dev_1,8,16.0,5965.017514488198,84.1902514072893,1.0,0.0,0.0,0.0,4.0,1.0,12.891871826171876,2.0,0.0,2.0,1.0,1,1,9,20,False,"[5, 3]",synthetic,True,2,True
2026-03-10T04:34:21.081235+00:00,SYN004,syn_SYN004_4,synth_dev_1,9,16.0,3888.641207875168,83.4008000015085,2.0,0.0,0.0,1.0,4.0,1.0,7.0945908203125,1.0,0.0,3.0,2.0,1,2,9,8,False,[4],synthetic,True,2,True
2026-03-10T04:34:31.317723+00:00,SYN004,syn_SYN004_4,synth_dev_1,10,16.0,4215.422150955762,68.56072534532298,3.0,0.0,0.0,2.0,4.0,1.0,10.23648828125,2.0,0.0,4.0,3.0,1,2,9,13,False,"[1, 3, 4]",synthetic,True,2,True
2026-03-10T04:34:44.777207+00:00,SYN004,syn_SYN004_4,synth_dev_1,11,16.0,5491.379448629241,80.28171082256314,0.0,0.0,0.0,0.0,4.0,1.0,13.459483642578125,2.0,0.0,5.0,4.0,0,1,9,1,False,[1],synthetic,True,2,True
2026-03-10T04:34:56.296564+00:00,SYN004,syn_SYN004_4,synth_dev_1,12,16.0,1162.439168940383,150.03683577510196,1.0,0.0,0.0,0.0,4.0,1.0,11.519357421875,1.0,1.0,0.0,5.0,2,1,9,9,True,"[1, 4]",synthetic,True,2,True
2026-03-10T04:35:06.462676+00:00,SYN004,syn_SYN004_4,synth_dev_1,13,5.0,3864.962168211986,127.31862577023682,0.0,0.0,0.0,0.0,4.0,1.0,604800.0,1.0,0.0,1.0,0.0,0,1,51,35,False,"[1, 2, 6]",synthetic,True,2,True
2026-03-10T04:35:11.653834+00:00,SYN004,syn_SYN004_4,synth_dev_1,14,5.0,604.709645020734,147.45832193730456,1.0,0.0,0.0,0.0,4.0,1.0,5.191157958984375,1.0,0.0,2.0,1.0,1,1,51,49,False,"[5, 6, 1]",synthetic,True,2,True
2026-03-15T08:29:14.873137+00:00,SYN004,syn_SYN004_5,synth_dev_1,0,32.0,14990.0,85.76892402905841,0.0,0.0,0.0,0.0,5.0,1.0,975599.4337570801,1.0,0.0,2.0,1.0,0,2,22,54,False,"[2, 3, 5, 6]",synthetic,True,2,True
2026-03-15T08:29:20.234592+00:00,SYN004,syn_SYN004_5,synth_dev_1,1,32.0,3399.2838569933283,145.29908232003254,1.0,0.0,0.0,0.0,5.0,1.0,5.361455078125,2.0,0.0,3.0,2.0,1,1,22,18,False,"[5, 2]",synthetic,True,2,True
2026-03-15T08:29:33.623732+00:00,SYN004,syn_SYN004_5,synth_dev_1,2,32.0,9190.654712000793,127.54250106671611,2.0,0.0,0.0,1.0,5.0,1.0,13.38914013671875,1.0,0.0,4.0,3.0,1,2,22,6,False,"[2, 3]",synthetic,True,2,True
2026-03-15T08:29:37.123357+00:00,SYN004,syn_SYN004_5,synth_dev_1,3,32.0,1529.9878662296087,132.7725496412819,3.0,0.0,0.0,2.0,5.0,1.0,3.499625,2.0,0.0,5.0,4.0,1,2,22,6,False,"[3, 2]",synthetic,True,2,True
2026-03-15T08:29:40.502007+00:00,SYN004,syn_SYN004_5,synth_dev_1,4,32.0,485.7912565493822,124.94005181546775,0.0,0.0,0.0,0.0,5.0,1.0,3.37864990234375,2.0,0.0,6.0,5.0,0,1,22,17,False,"[5, 1]",synthetic,True,2,True
2026-03-15T08:29:49.364816+00:00,SYN004,syn_SYN004_5,synth_dev_1,5,32.0,4182.884517202267,184.7700387932902,1.0,0.0,0.0,0.0,5.0,1.0,8.862808837890626,1.0,0.0,7.0,6.0,1,1,22,20,False,"[3, 5]",synthetic,True,2,True
2026-03-15T08:29:57.546818+00:00,SYN004,syn_SYN004_5,synth_dev_1,6,32.0,949.6429318329642,92.54411155011908,2.0,0.0,0.0,1.0,5.0,1.0,8.182002197265625,1.0,0.0,8.0,7.0,1,2,22,6,False,"[2, 3]",synthetic,True,2,True
2026-03-15T08:30:07.212842+00:00,SYN004,syn_SYN004_5,synth_dev_1,7,32.0,2706.375162594289,101.63957113591961,3.0,0.0,0.0,2.0,5.0,1.0,9.66602392578125,2.0,1.0,0.0,8.0,2,2,22,22,True,"[5, 3, 2]",synthetic,True,2,True
2026-03-15T08:30:16.204893+00:00,SYN004,syn_SYN004_5,synth_dev_1,8,25.0,14990.0,227.51455576066914,0.0,0.0,0.0,0.0,5.0,1.0,604800.0,1.0,1.0,0.0,0.0,2,2,60,60,True,"[4, 6, 5, 3]",synthetic,True,2,True
2026-03-15T08:30:20.958122+00:00,SYN004,syn_SYN004_5,synth_dev_1,9,20.0,7970.692205130381,42.184652760598446,0.0,0.0,0.0,0.0,5.0,1.0,604800.0,1.0,0.0,1.0,0.0,0,2,18,2,False,[2],synthetic,True,2,True
2026-03-15T08:30:30.429677+00:00,SYN004,syn_SYN004_5,synth_dev_1,10,20.0,14990.0,107.5129313720808,1.0,0.0,0.0,0.0,5.0,1.0,9.471554931640625,2.0,1.0,0.0,1.0,2,2,18,18,True,"[5, 2]",synthetic,True,2,True
2026-03-15T08:30:33.627208+00:00,SYN004,syn_SYN004_5,synth_dev_1,11,6.0,6120.199645051111,162.81568916869932,0.0,0.0,0.0,0.0,5.0,1.0,604800.0,1.0,0.0,1.0,0.0,0,2,23,55,False,"[1, 5, 6, 3, 2]",synthetic,True,2,True
2026-03-15T08:30:37.978500+00:00,SYN004,syn_SYN004_5,synth_dev_1,12,6.0,1845.6661710649464,92.38748531863608,1.0,0.0,0.0,0.0,5.0,1.0,4.3512919921875,2.0,0.0,2.0,1.0,1,1,23,31,False,"[2, 1, 4, 3, 5]",synthetic,True,2,True
2026-03-15T08:30:45.549147+00:00,SYN004,syn_SYN004_5,synth_dev_1,13,6.0,2757.411806005114,157.08942614152798,2.0,0.0,0.0,1.0,5.0,1.0,7.57064697265625,1.0,0.0,3.0,2.0,1,2,23,7,False,"[2, 3, 1]",synthetic,True,2,True
2026-03-15T08:30:52.778410+00:00,SYN004,syn_SYN004_5,synth_dev_1,14,6.0,3233.1320975339895,98.89826684057265,3.0,0.0,0.0,2.0,5.0,1.0,7.229262939453125,2.0,1.0,0.0,3.0,2,2,23,23,True,"[3, 2, 5, 1]",synthetic,True,2,True
2026-03-20T18:11:56.482066+00:00,SYN004,syn_SYN004_6,synth_dev_1,0,34.0,3525.845774760489,97.98568168219279,0.0,0.0,0.0,0.0,6.0,1.0,604800.0,1.0,1.0,0.0,0.0,2,1,39,39,True,"[6, 3, 1, 2]",synthetic,True,2,True
2026-03-20T18:12:03.642190+00:00,SYN004,syn_SYN004_6,synth_dev_1,2,32.0,11606.817819480615,118.66409187682254,1.0,0.1,0.1625,0.0,6.0,1.0,3.7670810546875,1.0,0.0,2.0,9.0,1,2,22,63,False,"[6, 4, 5, 1, 3, 2]",synthetic,True,2,True
2026-03-20T18:12:09.174979+00:00,SYN004,syn_SYN004_6,synth_dev_1,3,32.0,658.3461447154365,107.43552347602298,2.0,0.09090909090909091,0.10562500000000001,1.0,6.0,1.0,5.5327890625,2.0,0.0,3.0,10.0,1,2,22,54,False,"[6, 3, 5, 2]",synthetic,True,2,True
2026-03-20T18:12:19.031143+00:00,SYN004,syn_SYN004_6,synth_dev_1,4,32.0,476.48937044930017,149.79050903571851,3.0,0.08333333333333333,0.06865625,2.0,6.0,1.0,9.8561640625,2.0,0.0,4.0,11.0,1,2,22,6,False,"[3, 2]",synthetic,True,2,True
2026-03-20T18:12:23.432012+00:00,SYN004,syn_SYN004_6,synth_dev_1,5,32.0,1438.5857265576474,160.1348033746642,0.0,0.07692307692307693,0.0446265625,0.0,6.0,1.0,4.400868896484375,2.0,0.0,5.0,12.0,0,1,22,30,False,"[4, 5, 3, 2]",synthetic,True,2,True
2026-03-20T18:12:38.635591+00:00,SYN004,syn_SYN004_6,synth_dev_1,7,32.0,14990.0,101.27610160416722,2.0,0.06666666666666667,0.018854722656250003,1.0,6.0,1.0,9.882819091796875,1.0,0.0,7.0,14.0,1,2,22,20,False,"[5, 3]",synthetic,True,2,True
2026-03-20T18:12:50.054844+00:00,SYN004,syn_SYN004_6,synth_dev_1,8,32.0,14990.0,245.22452277890721,3.0,0.0625,0.012255569726562502,2.0,6.0,1.0,11.4192529296875,2.0,0.0,8.0,15.0,1,2,22,6,False,"[3, 2]",synthetic,True,2,True
2026-03-20T18:12:59.496312+00:00,SYN004,syn_SYN004_6,synth_dev_1,9,32.0,1976.79572692942,131.55470165649734,0.0,0.058823529411764705,0.007966120322265628,0.0,6.0,1.0,9.441468017578124,2.0,0.0,9.0,16.0,0,1,22,54,False,"[3, 5, 6, 2]",synthetic,True,2,True
2026-03-20T18:13:08.982029+00:00,SYN004,syn_SYN004_6,synth_dev_1,10,32.0,1584.347007851566,347.63990409927226,1.0,0.05555555555555555,0.005177978209472658,0.0,6.0,1.0,9.485717041015626,1.0,0.0,10.0,17.0,1,1,22,46,False,"[3, 4, 6, 2]",synthetic,True,2,True
2026-03-20T18:13:15.759347+00:00,SYN004,syn_SYN004_6,synth_dev_1,11,32.0,4625.223380407777,178.76348587097576,2.0,0.05263157894736842,0.003365685836157228,1.0,6.0,1.0,6.77731787109375,1.0,1.0,0.0,18.0,2,2,22,22,True,"[5, 3, 2]",synthetic,True,2,True
2026-03-20T18:13:27.196477+00:00,SYN004,syn_SYN004_6,synth_dev_1,12,10.0,6793.4376170868545,95.38315277727834,0.0,0.0,0.0,0.0,6.0,1.0,604800.0,1.0,0.0,1.0,0.0,0,2,42,46,False,"[3, 6, 2, 4]",synthetic,True,2,True
2026-03-20T18:13:32.741646+00:00,SYN004,syn_SYN004_6,synth_dev_1,13,10.0,3916.8660120972577,113.57467648819603,1.0,0.0,0.0,0.0,6.0,1.0,5.5451689453125,2.0,0.0,2.0,1.0,1,1,42,10,False,"[4, 2]",synthetic,True,2,True
2026-03-20T18:13:44.080562+00:00,SYN004,syn_SYN004_6,synth_dev_1,14,10.0,1551.5404784550146,40.231728343833666,2.0,0.0,0.0,1.0,6.0,1.0,11.338916015625,1.0,0.0,3.0,2.0,1,2,42,5,False,"[3, 1]",synthetic,True,2,True
2026-03-01T10:42:07.563745+00:00,SYN005,syn_SYN005_1,synth_dev_2,0,20.0,4152.12897525911,76.42766445520655,0.0,0.0,0.0,0.0,1.0,1.0,604800.0,1.0,1.0,0.0,0.0,2,1,18,18,True,"[5, 2]",synthetic,True,2,True
2026-03-01T10:42:14.386213+00:00,SYN005,syn_SYN005_1,synth_dev_2,1,34.0,8532.112510238157,95.58040834940586,0.0,0.0,0.0,0.0,1.0,1.0,604800.0,1.0,0.0,1.0,0.0,0,2,39,47,False,"[1, 3, 6, 4, 2]",synthetic,True,2,True
2026-03-01T10:42:18.363159+00:00,SYN005,syn_SYN005_1,synth_dev_2,2,34.0,11502.923513940887,101.44282261465726,1.0,0.0,0.0,0.0,1.0,1.0,3.97694580078125,2.0,0.0,2.0,1.0,1,2,39,35,False,"[1, 6, 2]",synthetic,True,2,True
2026-03-01T10:42:25.524109+00:00,SYN005,syn_SYN005_1,synth_dev_2,3,34.0,408.54850091959395,167.0677748717687,2.0,0.0,0.0,1.0,1.0,1.0,7.160949951171875,2.0,0.0,3.0,2.0,1,2,39,7,False,"[1, 3, 2]",synthetic,True,2,True
2026-03-01T10:42:39.010209+00:00,SYN005,syn_SYN005_1,synth_dev_2,4,34.0,718.6534474358479,103.56896431467037,3.0,0.0,0.0,2.0,1.0,1.0,13.48610009765625,2.0,1.0,0.0,3.0,2,2,39,39,True,"[6, 3, 1, 2]",synthetic,True,2,True
2026-03-01T10:42:52.840158+00:00,SYN005,syn_SYN005_1,synth_dev_2,5,24.0,5096.013600864382,82.4619694237186,0.0,0.0,0.0,0.0,1.0,1.0,604800.0,1.0,1.0,0.0,0.0,2,1,63,63,True,"[2, 5, 4, 1, 6, 3]",synthetic,True,2,True
2026-03-01T10:43:12.138393+00:00,SYN005,syn_SYN005_1,synth_dev_2,7,36.0,609.581181981844,109.08326690854568,1.0,0.0,0.0,0.0,1.0,1.0,11.999415771484376,2.0,1.0,0.0,1.0,2,1,61,61,True,"[1, 3, 5, 4, 6]",synthetic,True,2,True
2026-03-01T10:43:21.594473+00:00,SYN005,syn_SYN005_1,synth_dev_2,8,13.0,1230.6486540282415,77.3613052587006,0.0,0.0,0.0,0.0,1.0,1.0,604800.0,1.0,0.0,1.0,0.0,0,1,27,11,False,"[1, 4, 2]",synthetic,True,2,True
2026-03-01T10:43:27.308812+00:00,SYN005,syn_SYN005_1,synth_dev_2,9,13.0,2267.7630779158544,67.88015731960503,1.0,0.0,0.0,0.0,1.0,1.0,5.714339111328125,1.0,0.0,2.0,1.0,1,1,27,19,False,"[2, 1, 5]",synthetic,True,2,True
2026-03-01T10:43:37.332875+00:00,SYN005,syn_SYN005_1,synth_dev_2,10,13.0,3908.181268322771,82.81444051190643,2.0,0.0,0.0,1.0,1.0,1.0,10.02406298828125,1.0,0.0,3.0,2.0,1,2,27,31,False,"[2, 5, 3, 4, 1]",synthetic,True,2,True
2026-03-01T10:43:46.480283+00:00,SYN005,syn_SYN005_1,synth_dev_2,11,13.0,1848.2938300734722,88.55342658932038,3.0,0.0,0.0,2.0,1.0,1.0,9.147407958984376,2.0,0.0,4.0,3.0,1,2,27,59,False,"[1, 4, 5, 6, 2]",synthetic,True,2,True
2026-03-01T10:43:58.100565+00:00,SYN005,syn_SYN005_1,synth_dev_2,12,13.0,3022.2868771307662,106.27243893726967,0.0,0.0,0.0,0.0,1.0,1.0,11.620281982421876,2.0,1.0,0.0,4.0,2,1,27,27,True,"[4, 2, 5, 1]",synthetic,True,2,True
2026-03-01T10:44:11.463356+00:00,SYN005,syn_SYN005_1,synth_dev_2,13,43.0,2740.311622034037,97.51710264235261,0.0,0.0,0.0,0.0,1.0,1.0,604800.0,1.0,0.0,1.0,0.0,0,1,59,51,False,"[2, 1, 6, 5]",synthetic,True,2,True
2026-03-01T10:44:16.087420+00:00,SYN005,syn_SYN005_1,synth_dev_2,14,43.0,732.5034971083393,51.93196988534264,1.0,0.0,0.0,0.0,1.0,1.0,4.62406396484375,1.0,1.0,0.0,1.0,2,1,59,59,True,"[2, 4, 5, 1, 6]",synthetic,True,2,True
2026-03-01T10:44:26.912944+00:00,SYN005,syn_SYN005_1,synth_dev_2,15,6.0,1882.091932451446,45.980572986613,0.0,0.0,0.0,0.0,1.0,1.0,604800.0,1.0,0.0,1.0,0.0,0,1,23,21,False,"[1, 5, 3]",synthetic,True,2,True
2026-03-01T10:44:37.387452+00:00,SYN005,syn_SYN005_1,synth_dev_2,16,6.0,4879.136974574302,168.68042462237204,1.0,0.0,0.0,0.0,1.0,1.0,10.4745078125,1.0,0.0,2.0,1.0,1,1,23,30,False,"[2, 5, 3, 4]",synthetic,True,2,True
2026-03-01T10:44:43.789628+00:00,SYN005,syn_SYN005_1,synth_dev_2,17,6.0,1306.201278309432,100.12429020002658,2.0,0.0,0.0,1.0,1.0,1.0,6.402176025390625,1.0,0.0,3.0,2.0,1,2,23,31,False,"[5, 1, 2, 3, 4]",synthetic,True,2,True
2026-03-01T10:44:50.341899+00:00,SYN005,syn_SYN005_1,synth_dev_2,18,6.0,900.589892090015,101.54157006053761,3.0,0.0,0.0,2.0,1.0,1.0,6.55227099609375,2.0,0.0,4.0,3.0,1,2,23,21,False,"[5, 1, 3]",synthetic,True,2,True
2026-03-08T18:10:01.368509+00:00,SYN005,syn_SYN005_2,synth_dev_2,0,38.0,5736.306602123893,85.62195715143247,0.0,0.0,0.0,0.0,2.0,1.0,604800.0,1.0,0.0,1.0,0.0,0,1,7,5,False,"[1, 3]",synthetic,True,2,True
2026-03-08T18:10:04.999435+00:00,SYN005,syn_SYN005_2,synth_dev_2,1,38.0,990.8726771888433,116.18407838722922,1.0,0.0,0.0,0.0,2.0,1.0,3.630926025390625,1.0,0.0,2.0,1.0,1,1,7,28,False,"[5, 4, 3]",synthetic,True,2,True
2026-03-08T18:10:17.062707+00:00,SYN005,syn_SYN005_2,synth_dev_2,2,38.0,762.7702959559398,84.41048720419435,2.0,0.0,0.0,1.0,2.0,1.0,12.06327197265625,1.0,1.0,0.0,2.0,2,2,7,7,True,"[3, 2, 1]",synthetic,True,2,True
2026-03-08T18:10:31.736018+00:00,SYN005,syn_SYN005_2,synth_dev_2,4,16.0,6104.457939491878,59.85909457102092,1.0,0.0,0.0,0.0,2.0,1.0,5.749226806640625,1.0,1.0,0.0,1.0,2,2,9,9,True,"[4, 1]",synthetic,True,2,True
2026-03-08T18:10:58.411539+00:00,SYN005,syn_SYN005_2,synth_dev_2,6,45.0,919.4506600249408,48.28017085202298,1.0,0.0,0.0,0.0,2.0,1.0,13.96977392578125,1.0,1.0,0.0,1.0,2,1,34,34,True,"[2, 6]",synthetic,True,2,True
2026-03-08T18:11:01.428741+00:00,SYN005,syn_SYN005_2,synth_dev_2,7,42.0,677.6066677265062,32.25204384566049,0.0,0.0,0.0,0.0,2.0,1.0,604800.0,1.0,0.0,1.0,0.0,0,1,19,27,False,"[2, 4, 1, 5]",synthetic,True,2,True
2026-03-08T18:11:05.349774+00:00,SYN005,syn_SYN005_2,synth_dev_2,8,42.0,4921.846892845295,84.62251195413066,1.0,0.0,0.0,0.0,2.0,1.0,3.921032958984375,1.0,1.0,0.0,1.0,2,1,19,19,True,"[1, 5, 2]",synthetic,True,2,True
2026-03-08T18:11:09.769994+00:00,SYN005,syn_SYN005_2,synth_dev_2,9,7.0,1756.8539786574838,56.452174003183636,0.0,0.0,0.0,0.0,2.0,1.0,604800.0,1.0,0.0,1.0,0.0,0,1,17,49,False,"[5, 1, 6]",synthetic,True,2,True
2026-03-08T18:11:17.595702+00:00,SYN005,syn_SYN005_2,synth_dev_2,10,7.0,239.0501820215201,57.10414794409629,1.0,0.0,0.0,0.0,2.0,1.0,7.825707763671875,1.0,0.0,2.0,1.0,1,1,17,49,False,"[1, 6, 5]",synthetic,True,2,True
2026-03-08T18:11:30.078775+00:00,SYN005,syn_SYN005_2,synth_dev_2,11,7.0,1836.962117429759,258.5317408625677,2.0,0.0,0.0,1.0,2.0,1.0,12.483072998046875,1.0,1.0,0.0,2.0,2,2,17,17,True,"[5, 1]",synthetic,True,2,True
2026-03-08T18:11:43.471078+00:00,SYN005,syn_SYN005_2,synth_dev_2,12,18.0,2190.356718414655,100.24104421475081,0.0,0.0,0.0,0.0,2.0,1.0,604800.0,1.0,1.0,0.0,0.0,2,0,26,26,True,"[2, 5, 4]",synthetic,True,2,True
2026-03-08T18:11:48.693981+00:00,SYN005,syn_SYN005_2,synth_dev_2,13,46.0,1301.507694572067,112.10738640077683,0.0,0.0,0.0,0.0,2.0,1.0,604800.0,1.0,0.0,1.0,0.0,0,1,30,14,False,"[4, 2, 3]",synthetic,True,2,True
2026-03-08T18:11:54.566458+00:00,SYN005,syn_SYN005_2,synth_dev_2,14,46.0,1943.4126305852556,80.91366337695274,1.0,0.0,0.0,0.0,2.0,1.0,5.87247705078125,1.0,0.0,2.0,1.0,1,1,30,62,False,"[2, 4, 5, 3, 6]",synthetic,True,2,True
2026-03-08T18:11:57.769815+00:00,SYN005,syn_SYN005_2,synth_dev_2,15,46.0,2300.893464412822,63.12390917234629,2.0,0.0,0.0,1.0,2.0,1.0,3.20335693359375,1.0,0.0,3.0,2.0,1,2,30,62,False,"[3, 2, 6, 4, 5]",synthetic,True,2,True
2026-03-08T18:12:01.228778+00:00,SYN005,syn_SYN005_2,synth_dev_2,16,46.0,2150.5031524975093,188.05716827198611,3.0,0.0,0.0,2.0,2.0,1.0,3.458962890625,2.0,1.0,0.0,3.0,2,2,30,30,True,"[3, 2, 4, 5]",synthetic,True,2,True
2026-03-08T18:12:05.266731+00:00,SYN005,syn_SYN005_2,synth_dev_2,17,28.0,1964.5878507909767,51.64577175678624,0.0,0.0,0.0,0.0,2.0,1.0,604800.0,1.0,0.0,1.0,0.0,0,1,25,24,False,"[4, 5]",synthetic,True,2,True
2026-03-08T18:12:17.668595+00:00,SYN005,syn_SYN005_2,synth_dev_2,18,28.0,2696.032464382522,73.2382891744143,1.0,0.0,0.0,0.0,2.0,1.0,12.401864013671876,1.0,0.0,2.0,1.0,1,1,25,29,False,"[1, 4, 5, 3]",synthetic,True,2,True
2026-03-11T18:45:21.968293+00:00,SYN005,syn_SYN005_3,synth_dev_2,0,40.0,14990.0,141.37283524799201,0.0,0.0,0.0,0.0,3.0,1.0,604800.0,1.0,0.0,1.0,0.0,0,2,47,43,False,"[4, 2, 6, 1]",synthetic,True,2,True
2026-03-11T18:45:35.732328+00:00,SYN005,syn_SYN005_3,synth_dev_2,1,40.0,14990.0,45.40169860833712,1.0,0.0,0.0,0.0,3.0,1.0,13.764034912109375,2.0,0.0,2.0,1.0,1,2,47,43,False,"[4, 6, 1, 2]",synthetic,True,2,True
2026-03-11T18:45:47.050172+00:00,SYN005,syn_SYN005_3,synth_dev_2,3,40.0,540.3851782893669,59.64542910138654,3.0,0.0,0.0,2.0,3.0,1.0,6.752606201171875,2.0,1.0,0.0,3.0,2,2,47,47,True,"[1, 2, 6, 3, 4]",synthetic,True,2,True
2026-03-11T18:45:59.950553+00:00,SYN005,syn_SYN005_3,synth_dev_2,4,18.0,3504.9353211917173,80.3493536481577,0.0,1.0,0.25,0.0,3.0,1.0,261256.47947509764,0.0,0.0,1.0,0.0,0,1,26,59,False,"[5, 2, 1, 6, 4]",synthetic,True,2,True
2026-03-11T18:46:09.222959+00:00,SYN005,syn_SYN005_3,synth_dev_2,5,18.0,120.0,124.19764053712852,1.0,0.5,0.1625,0.0,3.0,1.0,9.272406005859375,1.0,1.0,0.0,1.0,2,1,26,26,True,"[2, 5, 4]",synthetic,True,2,True
2026-03-11T18:46:12.574218+00:00,SYN005,syn_SYN005_3,synth_dev_2,6,31.0,6298.913521040514,63.68597789337852,0.0,0.0,0.0,0.0,3.0,1.0,604800.0,1.0,0.0,1.0,0.0,0,2,15,14,False,"[2, 4, 3]",synthetic,True,2,True
2026-03-11T18:46:22.728828+00:00,SYN005,syn_SYN005_3,synth_dev_2,7,31.0,3553.934246298533,120.67204540517108,1.0,0.0,0.0,0.0,3.0,1.0,10.15460986328125,2.0,1.0,0.0,1.0,2,1,15,15,True,"[1, 3, 4, 2]",synthetic,True,2,True
2026-03-11T18:46:32.407483+00:00,SYN005,syn_SYN005_3,synth_dev_2,8,19.0,11280.918574082665,59.8039504937044,0.0,0.0,0.0,0.0,3.0,1.0,604800.0,1.0,0.0,1.0,0.0,0,2,53,52,False,"[3, 6, 5]",synthetic,True,2,True
2026-03-11T18:46:41.020765+00:00,SYN005,syn_SYN005_3,synth_dev_2,9,19.0,1490.5553716193547,39.389551672593896,1.0,0.0,0.0,0.0,3.0,1.0,8.613281982421874,2.0,1.0,0.0,1.0,2,1,53,53,True,"[3, 5, 1, 6]",synthetic,True,2,True
2026-03-11T18:46:46.688504+00:00,SYN005,syn_SYN005_3,synth_dev_2,10,5.0,3591.0984243619537,89.73777435581752,0.0,0.0,0.0,0.0,3.0,1.0,604800.0,1.0,0.0,1.0,0.0,0,1,51,35,False,"[1, 2, 6]",synthetic,True,2,True
2026-03-11T18:46:58.176277+00:00,SYN005,syn_SYN005_3,synth_dev_2,11,5.0,749.7072966055787,85.89684881477812,1.0,0.0,0.0,0.0,3.0,1.0,11.48777294921875,1.0,1.0,0.0,1.0,2,1,51,51,True,"[5, 2, 6, 1]",synthetic,True,2,True
2026-03-11T18:47:01.322270+00:00,SYN005,syn_SYN005_3,synth_dev_2,12,32.0,1575.7464674679777,80.57827668038605,0.0,0.0,0.0,0.0,3.0,1.0,604800.0,1.0,0.0,1.0,0.0,0,1,22,23,False,"[5, 2, 1, 3]",synthetic,True,2,True
2026-03-11T18:47:14.532429+00:00,SYN005,syn_SYN005_3,synth_dev_2,13,32.0,3318.071294184279,88.12375279579331,1.0,0.0,0.0,0.0,3.0,1.0,13.210158935546875,1.0,0.0,2.0,1.0,1,1,22,20,False,"[3, 5]",synthetic,True,2,True
2026-03-11T18:47:23.357311+00:00,SYN005,syn_SYN005_3,synth_dev_2,14,32.0,1376.4726109585536,72.52253626518944,2.0,0.0,0.0,1.0,3.0,1.0,8.824882080078124,1.0,0.0,3.0,2.0,1,2,22,18,False,"[5, 2]",synthetic,True,2,True
2026-03-11T18:47:45.574009+00:00,SYN005,syn_SYN005_3,synth_dev_2,16,19.0,383.0026599319643,103.20055741505261,0.0,0.5,0.25,0.0,3.0,1.0,64.55324389648437,1.0,0.0,1.0,1.0,0,1,53,52,False,"[3, 5, 6]",synthetic,True,2,True
2026-03-11T18:47:59.159478+00:00,SYN005,syn_SYN005_3,synth_dev_2,17,19.0,5190.998138030558,137.05760360660278,1.0,0.3333333333333333,0.1625,0.0,3.0,1.0,13.585468994140625,1.0,0.0,2.0,2.0,1,1,53,37,False,"[1, 3, 6]",synthetic,True,2,True
2026-03-11T18:48:03.686316+00:00,SYN005,syn_SYN005_3,synth_dev_2,18,19.0,3224.338763426399,132.14984396924405,2.0,0.25,0.10562500000000001,1.0,3.0,1.0,4.526837890625,1.0,1.0,0.0,3.0,2,2,53,53,True,"[6, 1, 3, 5]",synthetic,True,2,True
2026-03-18T20:22:10.203683+00:00,SYN005,syn_SYN005_4,synth_dev_2,0,37.0,6266.6509496071585,51.1397442532786,0.0,0.0,0.0,0.0,4.0,1.0,604800.0,1.0,0.0,1.0,0.0,0,2,23,31,False,"[5, 2, 4, 1, 3]",synthetic,True,2,True
2026-03-18T20:22:13.606854+00:00,SYN005,syn_SYN005_4,synth_dev_2,1,37.0,849.7250928973759,123.68342938271539,1.0,0.0,0.0,0.0,4.0,1.0,3.403171142578125,2.0,1.0,0.0,1.0,2,1,23,23,True,"[1, 3, 2, 5]",synthetic,True,2,True
2026-03-18T20:22:18.333585+00:00,SYN005,syn_SYN005_4,synth_dev_2,2,12.0,895.6123387262872,92.72574475902539,0.0,0.0,0.0,0.0,4.0,1.0,604800.0,1.0,0.0,1.0,0.0,0,1,45,41,False,"[4, 1, 6]",synthetic,True,2,True
2026-03-18T20:22:24.046227+00:00,SYN005,syn_SYN005_4,synth_dev_2,3,12.0,129.17130339418947,185.03955753804544,1.0,0.0,0.0,0.0,4.0,1.0,5.71264208984375,1.0,0.0,2.0,1.0,1,1,45,13,False,"[3, 4, 1]",synthetic,True,2,True
2026-03-18T20:22:37.740355+00:00,SYN005,syn_SYN005_4,synth_dev_2,4,12.0,10679.866366665454,127.35319270896395,2.0,0.0,0.0,1.0,4.0,1.0,13.6941279296875,1.0,0.0,3.0,2.0,1,2,45,47,False,"[3, 1, 6, 4, 2]",synthetic,True,2,True
2026-03-18T20:22:42.465698+00:00,SYN005,syn_SYN005_4,synth_dev_2,5,12.0,1897.5062772333965,55.06351201381907,3.0,0.0,0.0,2.0,4.0,1.0,4.725343017578125,2.0,1.0,0.0,3.0,2,2,45,45,True,"[3, 6, 1, 4]",synthetic,True,2,True
2026-03-18T20:22:54.358701+00:00,SYN005,syn_SYN005_4,synth_dev_2,6,30.0,2403.981763212453,112.07584594415843,0.0,0.0,0.0,0.0,4.0,1.0,604800.0,1.0,1.0,0.0,0.0,2,0,29,29,True,"[5, 4, 3, 1]",synthetic,True,2,True
2026-03-18T20:23:00.063742+00:00,SYN005,syn_SYN005_4,synth_dev_2,7,9.0,14990.0,118.22245398349911,0.0,0.0,0.0,0.0,4.0,1.0,604800.0,1.0,0.0,1.0,0.0,0,2,21,5,False,"[1, 3]",synthetic,True,2,True
2026-03-18T20:23:04.303405+00:00,SYN005,syn_SYN005_4,synth_dev_2,8,9.0,2131.3748245297743,98.89209711922236,1.0,0.0,0.0,0.0,4.0,1.0,4.2396630859375,2.0,1.0,0.0,1.0,2,1,21,21,True,"[1, 5, 3]",synthetic,True,2,True
2026-03-18T20:23:17.216249+00:00,SYN005,syn_SYN005_4,synth_dev_2,9,21.0,1832.716136959179,129.18791692174887,0.0,0.0,0.0,0.0,4.0,1.0,604800.0,1.0,0.0,1.0,0.0,0,1,62,51,False,"[1, 5, 6, 2]",synthetic,True,2,True
2026-03-18T20:23:28.615453+00:00,SYN005,syn_SYN005_4,synth_dev_2,10,21.0,4175.990681880722,61.83803952891523,1.0,0.0,0.0,0.0,4.0,1.0,11.3992041015625,1.0,0.0,2.0,1.0,1,1,62,63,False,"[1, 5, 2, 4, 6, 3]",synthetic,True,2,True
2026-03-18T20:23:36.920955+00:00,SYN005,syn_SYN005_4,synth_dev_2,11,21.0,1357.058819703636,35.874984762662706,2.0,0.0,0.0,1.0,4.0,1.0,8.305501708984375,1.0,0.0,3.0,2.0,1,2,62,30,False,"[3, 4, 5, 2]",synthetic,True,2,True
2026-03-18T20:23:45.850508+00:00,SYN005,syn_SYN005_4,synth_dev_2,12,21.0,1413.008572228081,59.03339932961075,3.0,0.0,0.0,2.0,4.0,1.0,8.92955322265625,2.0,1.0,0.0,3.0,2,2,62,62,True,"[3, 4, 5, 6, 2]",synthetic,True,2,True
2026-03-18T20:23:53.235483+00:00,SYN005,syn_SYN005_4,synth_dev_2,13,25.0,4258.455639248307,47.5118715369017,0.0,0.0,0.0,0.0,4.0,1.0,604800.0,1.0,1.0,0.0,0.0,2,1,60,60,True,"[6, 3, 4, 5]",synthetic,True,2,True
2026-03-18T20:24:05.971995+00:00,SYN005,syn_SYN005_4,synth_dev_2,14,12.0,756.2761061018298,67.00882226321042,0.0,0.25,0.25,0.0,4.0,1.0,83.50629711914063,2.0,0.0,1.0,3.0,0,1,45,61,False,"[4, 6, 1, 3, 5]",synthetic,True,2,True
2026-03-18T20:24:10.607127+00:00,SYN005,syn_SYN005_4,synth_dev_2,15,12.0,2057.147246966776,84.6816657042042,1.0,0.2,0.1625,0.0,4.0,1.0,4.6351318359375,1.0,0.0,2.0,4.0,1,1,45,61,False,"[3, 1, 5, 6, 4]",synthetic,True,2,True
2026-03-18T20:24:14.784513+00:00,SYN005,syn_SYN005_4,synth_dev_2,16,12.0,5063.821794985424,97.6158902839195,2.0,0.16666666666666666,0.10562500000000001,1.0,4.0,1.0,4.177385986328125,1.0,0.0,3.0,5.0,1,2,45,37,False,"[3, 1, 6]",synthetic,True,2,True
2026-03-18T20:24:24.423463+00:00,SYN005,syn_SYN005_4,synth_dev_2,17,12.0,6485.27850157657,68.85902763155484,3.0,0.14285714285714285,0.06865625,2.0,4.0,1.0,9.6389501953125,2.0,0.0,4.0,6.0,1,2,45,13,False,"[1, 3, 4]",synthetic,True,2,True
2026-03-18T20:24:35.155901+00:00,SYN005,syn_SYN005_4,synth_dev_2,18,12.0,12907.363824198928,51.705935207140676,0.0,0.125,0.0446265625,0.0,4.0,1.0,10.732437744140626,2.0,0.0,5.0,7.0,0,2,45,61,False,"[3, 6, 4, 1, 5]",synthetic,True,2,True
2026-03-06T17:25:12.564957+00:00,SYN006,syn_SYN006_1,synth_dev_0,0,0.0,2167.1358118043327,102.29047578688532,0.0,0.0,0.0,0.0,1.0,1.0,604800.0,1.0,0.0,1.0,0.0,0,1,1,17,False,"[1, 5]",synthetic,True,2,True
2026-03-06T17:25:18.420843+00:00,SYN006,syn_SYN006_1,synth_dev_0,1,0.0,1733.6610464532669,96.27785543629174,1.0,0.0,0.0,0.0,1.0,1.0,5.855885986328125,1.0,1.0,0.0,1.0,2,1,1,1,True,[1],synthetic,True,2,True
2026-03-06T17:25:29.478877+00:00,SYN006,syn_SYN006_1,synth_dev_0,2,46.0,1038.3616311270357,138.20802442972519,0.0,0.0,0.0,0.0,1.0,1.0,604800.0,1.0,0.0,1.0,0.0,0,1,30,62,False,"[3, 6, 2, 4, 5]",synthetic,True,2,True
2026-03-06T17:25:33.690494+00:00,SYN006,syn_SYN006_1,synth_dev_0,3,46.0,12377.044521341248,112.66198410415991,1.0,0.0,0.0,0.0,1.0,1.0,4.2116171875,1.0,0.0,2.0,1.0,1,2,30,14,False,"[3, 4, 2]",synthetic,True,2,True
2026-03-06T17:25:39.052118+00:00,SYN006,syn_SYN006_1,synth_dev_0,4,46.0,1931.4758103436477,42.08167652444987,2.0,0.0,0.0,1.0,1.0,1.0,5.3616240234375,2.0,1.0,0.0,2.0,2,2,30,30,True,"[4, 5, 2, 3]",synthetic,True,2,True
2026-03-06T17:25:51.966025+00:00,SYN006,syn_SYN006_1,synth_dev_0,5,19.0,5128.0096997630935,123.17972526262099,0.0,0.0,0.0,0.0,1.0,1.0,604800.0,1.0,0.0,1.0,0.0,0,1,53,49,False,"[6, 1, 5]",synthetic,True,2,True
2026-03-06T17:26:00.239516+00:00,SYN006,syn_SYN006_1,synth_dev_0,6,19.0,7340.510982714398,53.79213701175577,1.0,0.0,0.0,0.0,1.0,1.0,8.273490966796874,1.0,0.0,2.0,1.0,1,2,53,61,False,"[1, 4, 6, 3, 5]",synthetic,True,2,True
2026-03-06T17:26:14.803204+00:00,SYN006,syn_SYN006_1,synth_dev_0,8,19.0,2041.164325417994,160.9126194337611,3.0,0.0,0.0,2.0,1.0,1.0,7.845469970703125,2.0,0.0,4.0,3.0,1,2,53,32,False,[6],synthetic,True,2,True
2026-03-06T17:26:22.878318+00:00,SYN006,syn_SYN006_1,synth_dev_0,9,19.0,1087.2382969367502,107.3165461305209,0.0,0.0,0.0,0.0,1.0,1.0,8.075114013671875,2.0,0.0,5.0,4.0,0,1,53,4,False,[3],synthetic,True,2,True
2026-03-06T17:26:33.714874+00:00,SYN006,syn_SYN006_1,synth_dev_0,10,19.0,1541.8538610111552,76.91646740024653,1.0,0.0,0.0,0.0,1.0,1.0,10.836555908203126,1.0,0.0,6.0,5.0,1,1,53,61,False,"[3, 1, 6, 5, 4]",synthetic,True,2,True
2026-03-06T17:26:45.274190+00:00,SYN006,syn_SYN006_1,synth_dev_0,11,19.0,1065.453484637203,169.49626065567003,2.0,0.0,0.0,1.0,1.0,1.0,11.55931591796875,1.0,1.0,0.0,6.0,2,2,53,53,True,"[6, 3, 1, 5]",synthetic,True,2,True
2026-03-06T17:26:59.194359+00:00,SYN006,syn_SYN006_1,synth_dev_0,12,40.0,1908.5777074245282,120.3914278549933,0.0,0.0,0.0,0.0,1.0,1.0,604800.0,1.0,1.0,0.0,0.0,2,0,47,47,True,"[4, 2, 3, 6, 1]",synthetic,True,2,True
2026-03-06T17:27:08.070160+00:00,SYN006,syn_SYN006_1,synth_dev_0,13,35.0,6113.399998091997,112.52742728555167,0.0,0.0,0.0,0.0,1.0,1.0,604800.0,1.0,0.0,1.0,0.0,0,2,13,9,False,"[4, 1]",synthetic,True,2,True
2026-03-06T17:27:18.036229+00:00,SYN006,syn_SYN006_1,synth_dev_0,14,35.0,8126.467643925962,196.03431782544985,1.0,0.0,0.0,0.0,1.0,1.0,9.966069091796875,2.0,1.0,0.0,1.0,2,2,13,13,True,"[4, 3, 1]",synthetic,True,2,True
2026-03-06T17:27:27.356250+00:00,SYN006,syn_SYN006_1,synth_dev_0,15,34.0,1127.416580548707,117.3006767078401,0.0,0.0,0.0,0.0,1.0,1.0,604800.0,1.0,0.0,1.0,0.0,0,1,39,35,False,"[1, 6, 2]",synthetic,True,2,True
2026-03-06T17:27:35.679868+00:00,SYN006,syn_SYN006_1,synth_dev_0,16,34.0,4413.664512111816,59.042382072631696,1.0,0.0,0.0,0.0,1.0,1.0,8.323617919921874,1.0,1.0,0.0,1.0,2,1,39,39,True,"[6, 1, 3, 2]",synthetic,True,2,True
2026-03-06T17:27:46.091617+00:00,SYN006,syn_SYN006_1,synth_dev_0,17,25.0,2445.766078197557,123.10149800163393,0.0,0.0,0.0,0.0,1.0,1.0,604800.0,1.0,1.0,0.0,0.0,2,0,60,60,True,"[4, 3, 6, 5]",synthetic,True,2,True
2026-03-06T17:27:49.439551+00:00,SYN006,syn_SYN006_1,synth_dev_0,18,5.0,6929.734770167638,82.36455929134031,0.0,0.0,0.0,0.0,1.0,1.0,604800.0,1.0,1.0,0.0,0.0,2,2,51,51,True,"[2, 6, 1, 5]",synthetic,True,2,True
2026-03-06T17:28:02.789951+00:00,SYN006,syn_SYN006_1,synth_dev_0,19,13.0,3915.1880806882314,123.72293175869683,0.0,0.0,0.0,0.0,1.0,1.0,604800.0,1.0,1.0,0.0,0.0,2,1,27,27,True,"[5, 2, 4, 1]",synthetic,True,2,True
2026-03-06T17:28:08.023423+00:00,SYN006,syn_SYN006_1,synth_dev_0,20,31.0,2870.032127511756,66.61575913917427,0.0,0.0,0.0,0.0,1.0,1.0,604800.0,1.0,1.0,0.0,0.0,2,1,15,15,True,"[2, 1, 4, 3]",synthetic,True,2,True
2026-03-06T17:28:16.686746+00:00,SYN006,syn_SYN006_1,synth_dev_0,21,2.0,1384.1258776961924,61.603063786533745,0.0,0.0,0.0,0.0,1.0,1.0,604800.0,1.0,0.0,1.0,0.0,0,1,10,11,False,"[2, 4, 1]",synthetic,True,2,True
2026-03-08T20:42:20.690846+00:00,SYN006,syn_SYN006_2,synth_dev_0,0,7.0,2848.3382618729584,96.58004230419229,0.0,0.0,0.0,0.0,2.0,1.0,604800.0,1.0,1.0,0.0,0.0,2,1,17,17,True,"[5, 1]",synthetic,True,2,True
2026-03-08T20:42:27.967164+00:00,SYN006,syn_SYN006_2,synth_dev_0,1,14.0,2689.291954856468,54.04861624322289,0.0,0.0,0.0,0.0,2.0,1.0,604800.0,1.0,0.0,1.0,0.0,0,1,35,51,False,"[5, 2, 1, 6]",synthetic,True,2,True
2026-03-08T20:42:40.972337+00:00,SYN006,syn_SYN006_2,synth_dev_0,2,14.0,475.92539059050205,32.16270288612158,1.0,0.0,0.0,0.0,2.0,1.0,13.0051728515625,1.0,0.0,2.0,1.0,1,1,35,34,False,"[2, 6]",synthetic,True,2,True
2026-03-08T20:42:44.367068+00:00,SYN006,syn_SYN006_2,synth_dev_0,3,14.0,2337.8880939875235,160.56352537568839,2.0,0.0,0.0,1.0,2.0,1.0,3.394731201171875,1.0,1.0,0.0,2.0,2,2,35,35,True,"[2, 1, 6]",synthetic,True,2,True
2026-03-08T20:42:55.371662+00:00,SYN006,syn_SYN006_2,synth_dev_0,4,12.0,4980.586588818017,74.12777109323689,0.0,0.0,0.0,0.0,2.0,1.0,604800.0,1.0,0.0,1.0,0.0,0,1,45,13,False,"[1, 4, 3]",synthetic,True,2,True
2026-03-08T20:43:06.680721+00:00,SYN006,syn_SYN006_2,synth_dev_0,5,12.0,120.0,74.4601997697508,1.0,0.0,0.0,0.0,2.0,1.0,11.30905908203125,1.0,0.0,2.0,1.0,1,1,45,22,False,"[3, 5, 2]",synthetic,True,2,True
2026-03-08T20:43:16.381504+00:00,SYN006,syn_SYN006_2,synth_dev_0,6,12.0,1256.1945039011991,62.944811062503625,2.0,0.0,0.0,1.0,2.0,1.0,9.700783203125,1.0,1.0,0.0,2.0,2,2,45,45,True,"[1, 4, 3, 6]",synthetic,True,2,True
2026-03-08T20:43:26.799385+00:00,SYN006,syn_SYN006_2,synth_dev_0,7,33.0,993.1253953328347,158.6991352616544,0.0,0.0,0.0,0.0,2.0,1.0,604800.0,1.0,0.0,1.0,0.0,0,1,3,11,False,"[4, 1, 2]",synthetic,True,2,True
2026-03-08T20:43:41.182052+00:00,SYN006,syn_SYN006_2,synth_dev_0,9,27.0,7177.395845967003,57.14440256679952,0.0,0.0,0.0,0.0,2.0,1.0,604800.0,1.0,0.0,1.0,0.0,0,2,57,51,False,"[5, 6, 2, 1]",synthetic,True,2,True
2026-03-08T20:43:54.751031+00:00,SYN006,syn_SYN006_2,synth_dev_0,10,27.0,316.6188562716119,176.007884130067,1.0,0.0,0.0,0.0,2.0,1.0,13.56897900390625,2.0,1.0,0.0,1.0,2,1,57,57,True,"[4, 1, 6, 5]",synthetic,True,2,True
2026-03-08T20:44:03.684163+00:00,SYN006,syn_SYN006_2,synth_dev_0,11,28.0,6492.618631145835,64.07281474140865,0.0,0.0,0.0,0.0,2.0,1.0,604800.0,1.0,1.0,0.0,0.0,2,2,25,25,True,"[4, 5, 1]",synthetic,True,2,True
2026-03-08T20:44:12.627622+00:00,SYN006,syn_SYN006_2,synth_dev_0,12,21.0,2309.904621174707,87.27406354639596,0.0,0.0,0.0,0.0,2.0,1.0,604800.0,1.0,0.0,1.0,0.0,0,1,62,60,False,"[6, 3, 5, 4]",synthetic,True,2,True
2026-03-08T20:44:18.585177+00:00,SYN006,syn_SYN006_2,synth_dev_0,13,21.0,9706.864252673578,67.9567242527462,1.0,0.0,0.0,0.0,2.0,1.0,5.95755517578125,1.0,0.0,2.0,1.0,1,2,62,23,False,"[5, 3, 1, 2]",synthetic,True,2,True
2026-03-08T20:44:23.123622+00:00,SYN006,syn_SYN006_2,synth_dev_0,14,21.0,2036.6331592809338,75.69690877842167,2.0,0.0,0.0,1.0,2.0,1.0,4.53844482421875,2.0,1.0,0.0,2.0,2,2,62,62,True,"[3, 2, 5, 6, 4]",synthetic,True,2,True
2026-03-08T20:44:27.133882+00:00,SYN006,syn_SYN006_2,synth_dev_0,15,8.0,3870.6360544449058,89.94593074309988,0.0,0.0,0.0,0.0,2.0,1.0,604800.0,1.0,1.0,0.0,0.0,2,1,12,12,True,"[4, 3]",synthetic,True,2,True
2026-03-08T20:44:34.926009+00:00,SYN006,syn_SYN006_2,synth_dev_0,16,3.0,2873.5448650121652,41.59244505347472,0.0,0.0,0.0,0.0,2.0,1.0,604800.0,1.0,0.0,1.0,0.0,0,1,20,4,False,[3],synthetic,True,2,True
2026-03-08T20:44:42.408521+00:00,SYN006,syn_SYN006_2,synth_dev_0,17,3.0,3814.3911841572112,90.49589257152188,1.0,0.0,0.0,0.0,2.0,1.0,7.482511962890625,1.0,1.0,0.0,1.0,2,1,20,20,True,"[5, 3]",synthetic,True,2,True
2026-03-08T20:44:47.856369+00:00,SYN006,syn_SYN006_2,synth_dev_0,18,7.0,6835.6058172307885,83.60860101109233,0.0,1.0,0.25,0.0,2.0,1.0,147.16552319335938,1.0,0.0,1.0,0.0,0,2,17,25,False,"[1, 4, 5]",synthetic,True,2,True
2026-03-08T20:44:59.659038+00:00,SYN006,syn_SYN006_2,synth_dev_0,19,7.0,3276.870958358434,67.35782886936464,1.0,0.5,0.1625,0.0,2.0,1.0,11.8026689453125,2.0,1.0,0.0,1.0,2,1,17,17,True,"[5, 1]",synthetic,True,2,True
2026-03-08T20:45:06.235487+00:00,SYN006,syn_SYN006_2,synth_dev_0,20,31.0,8250.717588111946,74.70787671085785,0.0,1.0,0.25,0.0,2.0,1.0,184618.212064209,1.0,0.0,1.0,0.0,0,2,15,47,False,"[2, 6, 4, 1, 3]",synthetic,True,2,True
2026-03-08T20:45:10.606898+00:00,SYN006,syn_SYN006_2,synth_dev_0,21,31.0,1890.024552015431,248.1377200730074,1.0,0.5,0.1625,0.0,2.0,1.0,4.371410888671875,2.0,0.0,2.0,1.0,1,1,15,31,False,"[5, 4, 3, 2, 1]",synthetic,True,2,True
2026-03-09T03:06:16.546099+00:00,SYN006,syn_SYN006_3,synth_dev_0,0,48.0,9527.255750641907,46.833544416935204,0.0,0.0,0.0,0.0,3.0,1.0,604800.0,1.0,0.0,1.0,0.0,0,2,32,30,False,"[2, 4, 5, 3]",synthetic,True,2,True
2026-03-09T03:06:22.819500+00:00,SYN006,syn_SYN006_3,synth_dev_0,1,48.0,463.48254017746916,67.40989626361753,1.0,0.0,0.0,0.0,3.0,1.0,6.273401123046875,2.0,0.0,2.0,1.0,1,1,32,36,False,"[6, 3]",synthetic,True,2,True
2026-03-09T03:06:27.420797+00:00,SYN006,syn_SYN006_3,synth_dev_0,2,48.0,2023.3004554880583,82.41342497876191,2.0,0.0,0.0,1.0,3.0,1.0,4.601297119140625,1.0,1.0,0.0,2.0,2,2,32,32,True,[6],synthetic,True,2,True
2026-03-09T03:06:38.042432+00:00,SYN006,syn_SYN006_3,synth_dev_0,3,45.0,5889.37323840076,42.11972582076613,0.0,0.0,0.0,0.0,3.0,1.0,604800.0,1.0,0.0,1.0,0.0,0,1,34,32,False,[6],synthetic,True,2,True
2026-03-09T03:06:45.345533+00:00,SYN006,syn_SYN006_3,synth_dev_0,4,45.0,388.0431114080987,105.13693019317995,1.0,0.0,0.0,0.0,3.0,1.0,7.303100830078125,1.0,0.0,2.0,1.0,1,1,34,32,False,[6],synthetic,True,2,True
2026-03-09T03:06:53.783013+00:00,SYN006,syn_SYN006_3,synth_dev_0,5,45.0,5299.278110116657,155.67524991074828,2.0,0.0,0.0,1.0,3.0,1.0,8.437480224609375,1.0,0.0,3.0,2.0,1,2,34,47,False,"[4, 2, 1, 6, 3]",synthetic,True,2,True
2026-03-09T03:07:01.049774+00:00,SYN006,syn_SYN006_3,synth_dev_0,6,45.0,864.3500035195696,92.84113270392818,3.0,0.0,0.0,2.0,3.0,1.0,7.2667607421875,2.0,0.0,4.0,3.0,1,2,34,35,False,"[6, 2, 1]",synthetic,True,2,True
2026-03-09T03:07:11.844243+00:00,SYN006,syn_SYN006_3,synth_dev_0,7,45.0,1979.256555886817,114.79145511295766,0.0,0.0,0.0,0.0,3.0,1.0,10.79446923828125,2.0,1.0,0.0,4.0,2,0,34,34,True,"[6, 2]",synthetic,True,2,True
2026-03-09T03:07:25.203934+00:00,SYN006,syn_SYN006_3,synth_dev_0,8,39.0,14990.0,83.21081332381236,0.0,0.0,0.0,0.0,3.0,1.0,604800.0,1.0,0.0,1.0,0.0,0,2,41,57,False,"[5, 6, 1, 4]",synthetic,True,2,True
2026-03-09T03:07:38.125303+00:00,SYN006,syn_SYN006_3,synth_dev_0,9,39.0,2705.7154001815775,146.2480096934777,1.0,0.0,0.0,0.0,3.0,1.0,12.921369140625,2.0,0.0,2.0,1.0,1,1,41,33,False,"[6, 1]",synthetic,True,2,True
2026-03-09T03:07:47.564083+00:00,SYN006,syn_SYN006_3,synth_dev_0,10,39.0,1157.3573604751223,237.37186884423087,2.0,0.0,0.0,1.0,3.0,1.0,9.438780029296876,1.0,0.0,3.0,2.0,1,2,41,46,False,"[4, 3, 2, 6]",synthetic,True,2,True
2026-03-09T03:07:57.674842+00:00,SYN006,syn_SYN006_3,synth_dev_0,11,39.0,4430.557235275278,111.14132850228772,3.0,0.0,0.0,2.0,3.0,1.0,10.1107587890625,2.0,1.0,0.0,3.0,2,2,41,41,True,"[6, 4, 1]",synthetic,True,2,True
2026-03-09T03:08:05.455440+00:00,SYN006,syn_SYN006_3,synth_dev_0,12,43.0,12043.389627235636,65.64206205064103,0.0,0.0,0.0,0.0,3.0,1.0,604800.0,1.0,1.0,0.0,0.0,2,2,59,59,True,"[1, 4, 6, 5, 2]",synthetic,True,2,True
2026-03-09T03:08:21.173328+00:00,SYN006,syn_SYN006_3,synth_dev_0,14,2.0,3029.2702074742715,80.42262671978918,0.0,0.0,0.0,0.0,3.0,1.0,207604.48658203124,1.0,1.0,0.0,1.0,2,1,10,10,True,"[2, 4]",synthetic,True,2,True
2026-03-09T03:08:31.801322+00:00,SYN006,syn_SYN006_3,synth_dev_0,15,38.0,3477.194173728139,133.45508312539624,0.0,0.0,0.0,0.0,3.0,1.0,604800.0,1.0,1.0,0.0,0.0,2,1,7,7,True,"[2, 3, 1]",synthetic,True,2,True
2026-03-09T03:08:36.996016+00:00,SYN006,syn_SYN006_3,synth_dev_0,16,7.0,8159.9752308769675,93.18110516793206,0.0,0.6666666666666666,0.371875,0.0,3.0,1.0,23017.336978027342,1.0,0.0,1.0,1.0,0,2,17,16,False,[5],synthetic,True,2,True
2026-03-09T03:08:43.054618+00:00,SYN006,syn_SYN006_3,synth_dev_0,17,7.0,8969.925790038174,94.7808123496207,1.0,0.5,0.24171875,0.0,3.0,1.0,6.058601806640625,2.0,1.0,0.0,2.0,2,2,17,17,True,"[5, 1]",synthetic,True,2,True
2026-03-09T03:08:51.250511+00:00,SYN006,syn_SYN006_3,synth_dev_0,18,23.0,8183.756850290224,86.07995040676165,0.0,0.0,0.0,0.0,3.0,1.0,604800.0,1.0,1.0,0.0,0.0,2,2,43,43,True,"[6, 1, 4, 2]",synthetic,True,2,True
2026-03-09T03:08:56.499864+00:00,SYN006,syn_SYN006_3,synth_dev_0,19,45.0,4785.148754679518,32.535474742665556,0.0,0.2,0.25,0.0,3.0,1.0,104.65562084960938,0.0,2.0,0.0,4.0,2,1,34,34,True,"[6, 2]",synthetic,True,2,True
2026-03-09T03:09:07.960873+00:00,SYN006,syn_SYN006_3,synth_dev_0,20,40.0,3345.8797984272787,200.1443318358844,0.0,1.0,0.25,0.0,3.0,1.0,207728.76651367187,0.0,2.0,0.0,0.0,2,1,47,47,True,"[3, 1, 4, 6, 2]",synthetic,True,2,True
2026-03-09T03:09:21.628753+00:00,SYN006,syn_SYN006_3,synth_dev_0,21,39.0,2526.057607986455,76.41488472641907,0.0,0.25,0.25,0.0,3.0,1.0,83.9539111328125,2.0,2.0,0.0,3.0,2,1,41,41,True,"[6, 4, 1]",synthetic,True,2,True
2026-03-01T10:35:08.684758+00:00,SYN007,syn_SYN007_1,synth_dev_1,0,12.0,877.7001422037455,73.8458793500032,0.0,0.0,0.0,0.0,1.0,1.0,604800.0,1.0,0.0,1.0,0.0,0,1,45,44,False,"[4, 6, 3]",synthetic,True,2,True
2026-03-01T10:35:13.481380+00:00,SYN007,syn_SYN007_1,synth_dev_1,1,12.0,1329.868477374276,127.50813010495288,1.0,0.0,0.0,0.0,1.0,1.0,4.796621826171875,1.0,1.0,0.0,1.0,2,1,45,45,True,"[3, 1, 6, 4]",synthetic,True,2,True
2026-03-01T10:35:21.588923+00:00,SYN007,syn_SYN007_1,synth_dev_1,2,45.0,2255.614040048332,107.41994396193026,0.0,0.0,0.0,0.0,1.0,1.0,604800.0,1.0,1.0,0.0,0.0,2,0,34,34,True,"[6, 2]",synthetic,True,2,True
2026-03-01T10:35:33.000436+00:00,SYN007,syn_SYN007_1,synth_dev_1,3,23.0,4159.168906087489,270.19072218684914,0.0,0.0,0.0,0.0,1.0,1.0,604800.0,1.0,0.0,1.0,0.0,0,1,43,47,False,"[2, 4, 3, 6, 1]",synthetic,True,2,True
2026-03-01T10:35:43.678449+00:00,SYN007,syn_SYN007_1,synth_dev_1,4,23.0,2970.995112536107,55.841707427520745,1.0,0.0,0.0,0.0,1.0,1.0,10.678012939453126,1.0,1.0,0.0,1.0,2,1,43,43,True,"[2, 1, 6, 4]",synthetic,True,2,True
2026-03-01T10:35:50.098969+00:00,SYN007,syn_SYN007_1,synth_dev_1,5,43.0,880.9709717969799,94.94318447929298,0.0,0.0,0.0,0.0,1.0,1.0,604800.0,1.0,0.0,1.0,0.0,0,1,59,39,False,"[2, 1, 3, 6]",synthetic,True,2,True
2026-03-01T10:35:55.577378+00:00,SYN007,syn_SYN007_1,synth_dev_1,6,43.0,775.3097252920239,65.92953257527775,1.0,0.0,0.0,0.0,1.0,1.0,5.478408935546875,1.0,0.0,2.0,1.0,1,1,59,63,False,"[5, 1, 2, 3, 4, 6]",synthetic,True,2,True
2026-03-01T10:36:00.934110+00:00,SYN007,syn_SYN007_1,synth_dev_1,7,43.0,2266.0843661251624,54.932469279704556,2.0,0.0,0.0,1.0,1.0,1.0,5.35673193359375,1.0,0.0,3.0,2.0,1,2,59,47,False,"[3, 1, 4, 2, 6]",synthetic,True,2,True
2026-03-01T10:36:09.046760+00:00,SYN007,syn_SYN007_1,synth_dev_1,8,43.0,1214.8230694161525,92.28593246793952,3.0,0.0,0.0,2.0,1.0,1.0,8.112650146484375,2.0,1.0,0.0,3.0,2,2,59,59,True,"[4, 6, 2, 5, 1]",synthetic,True,2,True
2026-03-01T10:36:20.236098+00:00,SYN007,syn_SYN007_1,synth_dev_1,9,2.0,1202.0922445182564,182.64346155293194,0.0,0.0,0.0,0.0,1.0,1.0,604800.0,1.0,0.0,1.0,0.0,0,1,10,26,False,"[4, 2, 5]",synthetic,True,2,True
2026-03-01T10:36:28.414779+00:00,SYN007,syn_SYN007_1,synth_dev_1,10,2.0,863.0831261340069,50.89351063388194,1.0,0.0,0.0,0.0,1.0,1.0,8.178680908203125,1.0,1.0,0.0,1.0,2,1,10,10,True,"[4, 2]",synthetic,True,2,True
2026-03-01T10:36:36.169372+00:00,SYN007,syn_SYN007_1,synth_dev_1,11,24.0,14990.0,142.35883238922722,0.0,0.0,0.0,0.0,1.0,1.0,604800.0,1.0,0.0,1.0,0.0,0,2,63,59,False,"[6, 5, 4, 2, 1]",synthetic,True,2,True
2026-03-01T10:36:39.333618+00:00,SYN007,syn_SYN007_1,synth_dev_1,12,24.0,477.15074303239373,179.42298402291163,1.0,0.0,0.0,0.0,1.0,1.0,3.164245849609375,2.0,0.0,2.0,1.0,1,1,63,35,False,"[2, 6, 1]",synthetic,True,2,True
2026-03-01T10:36:43.148212+00:00,SYN007,syn_SYN007_1,synth_dev_1,13,24.0,3237.72356651068,79.08169372583625,2.0,0.0,0.0,1.0,1.0,1.0,3.814593994140625,1.0,1.0,0.0,2.0,2,2,63,63,True,"[4, 5, 1, 3, 6, 2]",synthetic,True,2,True
2026-03-01T10:36:54.507603+00:00,SYN007,syn_SYN007_1,synth_dev_1,14,13.0,2814.6454801227133,113.37962202845502,0.0,0.0,0.0,0.0,1.0,1.0,604800.0,1.0,0.0,1.0,0.0,0,1,27,59,False,"[2, 5, 6, 4, 1]",synthetic,True,2,True
2026-03-01T10:37:04.837671+00:00,SYN007,syn_SYN007_1,synth_dev_1,15,13.0,952.7372024737832,186.73507518586612,1.0,0.0,0.0,0.0,1.0,1.0,10.330068115234376,1.0,1.0,0.0,1.0,2,1,27,27,True,"[2, 5, 1, 4]",synthetic,True,2,True
2026-03-01T10:37:13.761250+00:00,SYN007,syn_SYN007_1,synth_dev_1,16,25.0,10797.538551768259,78.63876130389723,0.0,0.0,0.0,0.0,1.0,1.0,604800.0,1.0,0.0,1.0,0.0,0,2,60,28,False,"[3, 5, 4]",synthetic,True,2,True
2026-03-01T10:37:19.024639+00:00,SYN007,syn_SYN007_1,synth_dev_1,17,25.0,630.2908910739515,55.60866510922378,1.0,0.0,0.0,0.0,1.0,1.0,5.263388916015625,2.0,1.0,0.0,1.0,2,1,60,60,True,"[6, 5, 4, 3]",synthetic,True,2,True
2026-03-01T10:37:24.388430+00:00,SYN007,syn_SYN007_1,synth_dev_1,18,41.0,10523.35116047045,114.05554599493844,0.0,0.0,0.0,0.0,1.0,1.0,604800.0,1.0,0.0,1.0,0.0,0,2,14,10,False,"[2, 4]",synthetic,True,2,True
2026-03-01T10:37:33.174015+00:00,SYN007,syn_SYN007_1,synth_dev_1,19,41.0,821.282294470612,57.37276394556148,1.0,0.0,0.0,0.0,1.0,1.0,8.7855849609375,2.0,1.0,0.0,1.0,2,1,14,14,True,"[2, 3, 4]",synthetic,True,2,True
2026-03-01T10:37:41.016892+00:00,SYN007,syn_SYN007_1,synth_dev_1,20,39.0,14990.0,221.6453987402275,0.0,0.0,0.0,0.0,1.0,1.0,604800.0,1.0,0.0,1.0,0.0,0,2,41,45,False,"[6, 3, 4, 1]",synthetic,True,2,True
2026-03-01T10:37:47.967963+00:00,SYN007,syn_SYN007_1,synth_dev_1,21,39.0,12957.206462604747,94.4889503394815,1.0,0.0,0.0,0.0,1.0,1.0,6.951071044921875,2.0,0.0,2.0,1.0,1,2,41,57,False,"[5, 1, 6, 4]",synthetic,True,2,True
2026-03-01T10:37:51.072625+00:00,SYN007,syn_SYN007_1,synth_dev_1,22,39.0,4429.267868478494,165.36290958722554,2.0,0.0,0.0,1.0,1.0,1.0,3.104662109375,2.0,1.0,0.0,2.0,2,2,41,41,True,"[6, 4, 1]",synthetic,True,2,True
2026-03-03T14:29:57.556328+00:00,SYN007,syn_SYN007_2,synth_dev_1,0,2.0,2293.3302891560793,62.58291240206653,0.0,0.5,0.25,0.0,2.0,1.0,186809.14154907226,1.0,2.0,0.0,1.0,2,0,10,10,True,"[4, 2]",synthetic,True,2,True
2026-03-03T14:30:02.849990+00:00,SYN007,syn_SYN007_2,synth_dev_1,1,34.0,11300.718189856125,55.96272281791066,0.0,0.0,0.0,0.0,2.0,1.0,604800.0,1.0,0.0,1.0,0.0,0,2,39,7,False,"[2, 1, 3]",synthetic,True,2,True
2026-03-03T14:30:11.137903+00:00,SYN007,syn_SYN007_2,synth_dev_1,2,34.0,2245.588644435104,77.03136055456201,1.0,0.0,0.0,0.0,2.0,1.0,8.2879130859375,2.0,0.0,2.0,1.0,1,1,39,7,False,"[3, 2, 1]",synthetic,True,2,True
2026-03-03T14:30:25.058428+00:00,SYN007,syn_SYN007_2,synth_dev_1,3,34.0,2244.565238545407,117.42709215146623,2.0,0.0,0.0,1.0,2.0,1.0,13.92052490234375,1.0,1.0,0.0,2.0,2,2,39,39,True,"[6, 2, 1, 3]",synthetic,True,2,True
2026-03-03T14:30:32.484826+00:00,SYN007,syn_SYN007_2,synth_dev_1,4,22.0,1661.4273983990838,103.77258188373565,0.0,0.0,0.0,0.0,2.0,1.0,604800.0,1.0,0.0,1.0,0.0,0,1,58,50,False,"[6, 5, 2]",synthetic,True,2,True
2026-03-03T14:30:41.774625+00:00,SYN007,syn_SYN007_2,synth_dev_1,5,22.0,8801.53990852258,100.42864006023818,1.0,0.0,0.0,0.0,2.0,1.0,9.289798828125,1.0,0.0,2.0,1.0,1,2,58,59,False,"[6, 4, 1, 2, 5]",synthetic,True,2,True
2026-03-03T14:30:53.796571+00:00,SYN007,syn_SYN007_2,synth_dev_1,6,22.0,2264.0561691323787,65.13385194366292,2.0,0.0,0.0,1.0,2.0,1.0,12.021946044921876,2.0,0.0,3.0,2.0,1,2,58,42,False,"[4, 2, 6]",synthetic,True,2,True
2026-03-03T14:31:15.399260+00:00,SYN007,syn_SYN007_2,synth_dev_1,8,29.0,5839.424012317919,46.763609527599925,0.0,0.0,0.0,0.0,2.0,1.0,604800.0,1.0,0.0,1.0,0.0,0,1,46,45,False,"[6, 3, 1, 4]",synthetic,True,2,True
2026-03-03T14:31:22.897536+00:00,SYN007,syn_SYN007_2,synth_dev_1,9,29.0,2888.704453346869,102.03394145545066,1.0,0.0,0.0,0.0,2.0,1.0,7.498276123046875,1.0,0.0,2.0,1.0,1,1,46,21,False,"[3, 5, 1]",synthetic,True,2,True
2026-03-03T14:31:27.655347+00:00,SYN007,syn_SYN007_2,synth_dev_1,10,29.0,944.8049042477796,104.83483380351812,2.0,0.0,0.0,1.0,2.0,1.0,4.75781103515625,1.0,1.0,0.0,2.0,2,2,46,46,True,"[3, 6, 2, 4]",synthetic,True,2,True
2026-03-03T14:31:36.399442+00:00,SYN007,syn_SYN007_2,synth_dev_1,11,0.0,8231.335629247817,157.55714312482158,0.0,0.0,0.0,0.0,2.0,1.0,604800.0,1.0,0.0,1.0,0.0,0,2,1,17,False,"[5, 1]",synthetic,True,2,True
2026-03-03T14:31:42.943800+00:00,SYN007,syn_SYN007_2,synth_dev_1,12,0.0,7615.947160366421,131.49767199797563,1.0,0.0,0.0,0.0,2.0,1.0,6.544358154296875,2.0,0.0,2.0,1.0,1,2,1,3,False,"[1, 2]",synthetic,True,2,True
2026-03-03T14:31:56.459210+00:00,SYN007,syn_SYN007_2,synth_dev_1,13,0.0,1178.5864656082992,151.98723103427122,2.0,0.0,0.0,1.0,2.0,1.0,13.515409912109375,2.0,1.0,0.0,2.0,2,2,1,1,True,[1],synthetic,True,2,True
2026-03-03T14:32:09.729321+00:00,SYN007,syn_SYN007_2,synth_dev_1,14,8.0,1011.7689480821954,142.73532596787535,0.0,0.0,0.0,0.0,2.0,1.0,604800.0,1.0,0.0,1.0,0.0,0,1,12,13,False,"[1, 4, 3]",synthetic,True,2,True
2026-03-03T14:32:18.539599+00:00,SYN007,syn_SYN007_2,synth_dev_1,15,8.0,415.2035565461751,75.44476059861316,1.0,0.0,0.0,0.0,2.0,1.0,8.81027783203125,1.0,0.0,2.0,1.0,1,1,12,28,False,"[4, 3, 5]",synthetic,True,2,True
2026-03-03T14:32:28.942174+00:00,SYN007,syn_SYN007_2,synth_dev_1,16,8.0,2552.415780452178,126.53711932177008,2.0,0.0,0.0,1.0,2.0,1.0,10.4025751953125,1.0,1.0,0.0,2.0,2,2,12,12,True,"[3, 4]",synthetic,True,2,True
2026-03-03T14:32:35.448890+00:00,SYN007,syn_SYN007_2,synth_dev_1,17,0.0,2060.394233688737,101.76254480152507,0.0,0.3333333333333333,0.25,0.0,2.0,1.0,38.98967993164062,2.0,2.0,0.0,2.0,2,0,1,1,True,[1],synthetic,True,2,True
2026-03-03T14:32:49.415040+00:00,SYN007,syn_SYN007_2,synth_dev_1,18,14.0,568.6254073457687,396.5055061299687,0.0,0.0,0.0,0.0,2.0,1.0,604800.0,1.0,0.0,1.0,0.0,0,1,35,34,False,"[2, 6]",synthetic,True,2,True
2026-03-03T14:32:53.979982+00:00,SYN007,syn_SYN007_2,synth_dev_1,19,14.0,5684.427132517269,83.83352714754312,1.0,0.0,0.0,0.0,2.0,1.0,4.56494189453125,1.0,1.0,0.0,1.0,2,1,35,35,True,"[6, 1, 2]",synthetic,True,2,True
2026-03-03T14:33:01.398288+00:00,SYN007,syn_SYN007_2,synth_dev_1,20,36.0,7825.882880968344,101.35304637339122,0.0,0.0,0.0,0.0,2.0,1.0,604800.0,1.0,0.0,1.0,0.0,0,2,61,60,False,"[3, 6, 4, 5]",synthetic,True,2,True
2026-03-03T14:33:06.404934+00:00,SYN007,syn_SYN007_2,synth_dev_1,21,36.0,2701.617293224058,73.10070092504256,1.0,0.0,0.0,0.0,2.0,1.0,5.006645751953125,2.0,0.0,2.0,1.0,1,1,61,60,False,"[5, 4, 6, 3]",synthetic,True,2,True
2026-03-03T14:33:09.600934+00:00,SYN007,syn_SYN007_2,synth_dev_1,22,36.0,2722.9175987387885,295.0440248579237,2.0,0.0,0.0,1.0,2.0,1.0,3.196000244140625,1.0,1.0,0.0,2.0,2,2,61,61,True,"[5, 3, 4, 1, 6]",synthetic,True,2,True
2026-03-05T19:16:23.189072+00:00,SYN007,syn_SYN007_3,synth_dev_1,0,37.0,1048.6875108157524,120.4523555487818,0.0,0.0,0.0,0.0,3.0,1.0,604800.0,1.0,0.0,1.0,0.0,0,1,23,31,False,"[2, 5, 4, 3, 1]",synthetic,True,2,True
2026-03-05T19:16:33.828481+00:00,SYN007,syn_SYN007_3,synth_dev_1,1,37.0,3030.287867240542,193.80849400997235,1.0,0.0,0.0,0.0,3.0,1.0,10.6394091796875,1.0,1.0,0.0,1.0,2,1,23,23,True,"[3, 5, 2, 1]",synthetic,True,2,True
2026-03-05T19:16:47.456257+00:00,SYN007,syn_SYN007_3,synth_dev_1,2,34.0,14990.0,110.9413888721375,0.0,0.3333333333333333,0.25,0.0,3.0,1.0,189982.39782910157,2.0,0.0,1.0,2.0,0,2,39,37,False,"[6, 3, 1]",synthetic,True,2,True
2026-03-05T19:17:00.454022+00:00,SYN007,syn_SYN007_3,synth_dev_1,4,34.0,297.0409932332735,188.6833292803159,2.0,0.2,0.10562500000000001,1.0,3.0,1.0,5.329401123046875,1.0,0.0,3.0,4.0,1,2,39,35,False,"[1, 6, 2]",synthetic,True,2,True
2026-03-05T19:17:17.740802+00:00,SYN007,syn_SYN007_3,synth_dev_1,6,34.0,5165.138189929061,81.45550763823594,0.0,0.14285714285714285,0.0446265625,0.0,3.0,1.0,6.104953857421875,2.0,0.0,5.0,6.0,0,1,39,15,False,"[2, 4, 3, 1]",synthetic,True,2,True
2026-03-05T19:17:29.884462+00:00,SYN007,syn_SYN007_3,synth_dev_1,7,34.0,5566.642414090593,111.60109111841628,1.0,0.125,0.029007265625,0.0,3.0,1.0,12.14366015625,1.0,0.0,6.0,7.0,1,1,39,55,False,"[3, 6, 5, 2, 1]",synthetic,True,2,True
2026-03-05T19:17:42.161829+00:00,SYN007,syn_SYN007_3,synth_dev_1,8,34.0,1525.2067546460078,88.16516402551245,2.0,0.1111111111111111,0.018854722656250003,1.0,3.0,1.0,12.277366943359375,1.0,1.0,0.0,8.0,2,2,39,39,True,"[1, 6, 3, 2]",synthetic,True,2,True
2026-03-05T19:17:54.383409+00:00,SYN007,syn_SYN007_3,synth_dev_1,9,26.0,1017.0386254476819,94.23971479032197,0.0,0.0,0.0,0.0,3.0,1.0,604800.0,1.0,0.0,1.0,0.0,0,1,30,32,False,[6],synthetic,True,2,True
2026-03-05T19:18:05.860929+00:00,SYN007,syn_SYN007_3,synth_dev_1,10,26.0,913.7343845042438,97.66900235647513,1.0,0.0,0.0,0.0,3.0,1.0,11.47752001953125,1.0,0.0,2.0,1.0,1,1,30,4,False,[3],synthetic,True,2,True
2026-03-05T19:18:14.506517+00:00,SYN007,syn_SYN007_3,synth_dev_1,11,26.0,833.1210486911549,106.48143797091505,2.0,0.0,0.0,1.0,3.0,1.0,8.645587890625,1.0,1.0,0.0,2.0,2,2,30,30,True,"[3, 2, 4, 5]",synthetic,True,2,True
2026-03-05T19:18:21.866944+00:00,SYN007,syn_SYN007_3,synth_dev_1,12,13.0,6855.8851466332535,30.83224669097059,0.0,0.5,0.25,0.0,3.0,1.0,376877.0292729492,1.0,0.0,1.0,1.0,0,2,27,25,False,"[5, 4, 1]",synthetic,True,2,True
2026-03-05T19:18:25.565860+00:00,SYN007,syn_SYN007_3,synth_dev_1,13,13.0,990.0723123864128,106.02388886881837,1.0,0.3333333333333333,0.1625,0.0,3.0,1.0,3.698916015625,2.0,1.0,0.0,2.0,2,1,27,27,True,"[5, 4, 2, 1]",synthetic,True,2,True
2026-03-05T19:18:38.636854+00:00,SYN007,syn_SYN007_3,synth_dev_1,14,16.0,827.8867302675275,46.960499803137054,0.0,0.0,0.0,0.0,3.0,1.0,604800.0,1.0,0.0,1.0,0.0,0,1,9,42,False,"[4, 6, 2]",synthetic,True,2,True
2026-03-05T19:18:51.266542+00:00,SYN007,syn_SYN007_3,synth_dev_1,15,16.0,8116.460308808178,96.39674664031895,1.0,0.0,0.0,0.0,3.0,1.0,12.62968798828125,1.0,1.0,0.0,1.0,2,2,9,9,True,"[4, 1]",synthetic,True,2,True
2026-03-05T19:18:55.825717+00:00,SYN007,syn_SYN007_3,synth_dev_1,16,37.0,807.1562166749078,89.82220605797893,0.0,0.5,0.25,0.0,3.0,1.0,141.99723608398438,1.0,2.0,0.0,1.0,2,0,23,23,True,"[2, 5, 3, 1]",synthetic,True,2,True
2026-03-05T19:19:01.867502+00:00,SYN007,syn_SYN007_3,synth_dev_1,17,35.0,1752.4456271274103,76.20854007929759,0.0,0.0,0.0,0.0,3.0,1.0,604800.0,1.0,0.0,1.0,0.0,0,1,13,15,False,"[1, 3, 2, 4]",synthetic,True,2,True
2026-03-05T19:19:06.199928+00:00,SYN007,syn_SYN007_3,synth_dev_1,18,35.0,1726.2216225485756,65.25443986903348,1.0,0.0,0.0,0.0,3.0,1.0,4.332426025390625,1.0,1.0,0.0,1.0,2,1,13,13,True,"[1, 3, 4]",synthetic,True,2,True
2026-03-05T19:19:14.323136+00:00,SYN007,syn_SYN007_3,synth_dev_1,19,32.0,3631.060878154222,116.06933848613764,0.0,0.0,0.0,0.0,3.0,1.0,604800.0,1.0,0.0,1.0,0.0,0,1,22,20,False,"[5, 3]",synthetic,True,2,True
2026-03-05T19:19:26.564125+00:00,SYN007,syn_SYN007_3,synth_dev_1,20,32.0,6491.135415214585,89.70545496669487,1.0,0.0,0.0,0.0,3.0,1.0,12.240989013671875,1.0,1.0,0.0,1.0,2,2,22,22,True,"[2, 5, 3]",synthetic,True,2,True
2026-03-05T19:19:38.037043+00:00,SYN007,syn_SYN007_3,synth_dev_1,21,9.0,1940.7538608746395,86.51846542588417,0.0,0.0,0.0,0.0,3.0,1.0,604800.0,1.0,0.0,1.0,0.0,0,1,21,5,False,"[3, 1]",synthetic,True,2,True
2026-03-05T19:19:49.373917+00:00,SYN007,syn_SYN007_3,synth_dev_1,22,9.0,839.1312000051488,54.347099464857926,1.0,0.0,0.0,0.0,3.0,1.0,11.336873779296875,1.0,1.0,0.0,1.0,2,1,21,21,True,"[5, 1, 3]",synthetic,True,2,True
2026-03-11T02:45:55.250013+00:00,SYN007,syn_SYN007_4,synth_dev_1,0,8.0,1965.2604367066042,91.72288091120566,0.0,0.3333333333333333,0.25,0.0,4.0,1.0,648806.3078391113,2.0,2.0,0.0,2.0,2,0,12,12,True,"[4, 3]",synthetic,True,2,True
2026-03-11T02:46:07.356383+00:00,SYN007,syn_SYN007_4,synth_dev_1,1,40.0,2784.477356663143,143.9349735806828,0.0,0.0,0.0,0.0,4.0,1.0,604800.0,1.0,1.0,0.0,0.0,2,1,47,47,True,"[4, 6, 1, 2, 3]",synthetic,True,2,True
2026-03-11T02:46:13.821234+00:00,SYN007,syn_SYN007_4,synth_dev_1,2,47.0,4040.370727650482,110.17168554535793,0.0,0.0,0.0,0.0,4.0,1.0,604800.0,1.0,1.0,0.0,0.0,2,1,48,48,True,"[6, 5]",synthetic,True,2,True
2026-03-11T02:46:22.362437+00:00,SYN007,syn_SYN007_4,synth_dev_1,3,18.0,3821.632085566159,99.65103176972492,0.0,0.0,0.0,0.0,4.0,1.0,604800.0,1.0,0.0,1.0,0.0,0,1,26,18,False,"[2, 5]",synthetic,True,2,True
2026-03-11T02:46:31.805939+00:00,SYN007,syn_SYN007_4,synth_dev_1,4,18.0,2375.0735076267397,81.67165113737424,1.0,0.0,0.0,0.0,4.0,1.0,9.443501953125,1.0,1.0,0.0,1.0,2,1,26,26,True,"[5, 4, 2]",synthetic,True,2,True
2026-03-11T02:46:40.663294+00:00,SYN007,syn_SYN007_4,synth_dev_1,5,14.0,1324.898697889748,127.36474932073642,0.0,0.5,0.25,0.0,4.0,1.0,648826.6833122559,1.0,2.0,0.0,1.0,2,0,35,35,True,"[6, 2, 1]",synthetic,True,2,True
2026-03-11T02:46:48.035488+00:00,SYN007,syn_SYN007_4,synth_dev_1,6,19.0,14990.0,132.328167447869,0.0,0.0,0.0,0.0,4.0,1.0,604800.0,1.0,0.0,1.0,0.0,0,2,53,49,False,"[1, 6, 5]",synthetic,True,2,True
2026-03-11T02:46:51.319932+00:00,SYN007,syn_SYN007_4,synth_dev_1,7,19.0,3202.291930886754,36.578224428364706,1.0,0.0,0.0,0.0,4.0,1.0,3.284444091796875,2.0,0.0,2.0,1.0,1,1,53,49,False,"[5, 1, 6]",synthetic,True,2,True
2026-03-11T02:47:09.765149+00:00,SYN007,syn_SYN007_4,synth_dev_1,9,25.0,5070.23633530007,81.18190492022136,0.0,0.5,0.25,0.0,4.0,1.0,835790.7405102539,1.0,2.0,0.0,1.0,2,1,60,60,True,"[3, 5, 6, 4]",synthetic,True,2,True
2026-03-11T02:47:20.007162+00:00,SYN007,syn_SYN007_4,synth_dev_1,10,39.0,5718.905928981004,52.75135254644152,0.0,0.3333333333333333,0.25,0.0,4.0,1.0,835768.9345371093,2.0,0.0,1.0,2.0,0,1,41,57,False,"[1, 6, 4, 5]",synthetic,True,2,True
2026-03-11T02:47:28.756475+00:00,SYN007,syn_SYN007_4,synth_dev_1,11,39.0,3518.4541676127756,155.50417043739458,1.0,0.25,0.1625,0.0,4.0,1.0,8.749312744140624,1.0,1.0,0.0,3.0,2,1,41,41,True,"[4, 6, 1]",synthetic,True,2,True
2026-03-11T02:47:39.977359+00:00,SYN007,syn_SYN007_4,synth_dev_1,12,38.0,11180.023235705516,73.30471898575861,0.0,0.0,0.0,0.0,4.0,1.0,604800.0,1.0,0.0,1.0,0.0,0,2,7,23,False,"[5, 1, 3, 2]",synthetic,True,2,True
2026-03-11T02:47:51.578691+00:00,SYN007,syn_SYN007_4,synth_dev_1,13,38.0,2428.755043507649,96.49408014856334,1.0,0.0,0.0,0.0,4.0,1.0,11.601331787109375,2.0,0.0,2.0,1.0,1,1,7,5,False,"[1, 3]",synthetic,True,2,True
2026-03-11T02:47:58.547892+00:00,SYN007,syn_SYN007_4,synth_dev_1,14,38.0,3314.838165658243,175.4507282476309,2.0,0.0,0.0,1.0,4.0,1.0,6.969201171875,1.0,0.0,3.0,2.0,1,2,7,3,False,"[1, 2]",synthetic,True,2,True
2026-03-11T02:48:07.864645+00:00,SYN007,syn_SYN007_4,synth_dev_1,15,38.0,2226.824314920197,95.4943854932354,3.0,0.0,0.0,2.0,4.0,1.0,9.3167529296875,2.0,1.0,0.0,3.0,2,2,7,7,True,"[1, 2, 3]",synthetic,True,2,True
2026-03-11T02:48:19.623328+00:00,SYN007,syn_SYN007_4,synth_dev_1,16,24.0,228.68441289210097,59.24338534963866,0.0,0.3333333333333333,0.25,0.0,4.0,1.0,835896.4751159668,2.0,0.0,1.0,2.0,0,1,63,3,False,"[2, 1]",synthetic,True,2,True
2026-03-11T02:48:23.372976+00:00,SYN007,syn_SYN007_4,synth_dev_1,17,24.0,7584.812426363659,75.45199834412331,1.0,0.25,0.1625,0.0,4.0,1.0,3.749648193359375,1.0,1.0,0.0,3.0,2,2,63,63,True,"[2, 5, 1, 3, 4, 6]",synthetic,True,2,True
2026-03-11T02:48:28.132983+00:00,SYN007,syn_SYN007_4,synth_dev_1,18,28.0,13101.157756939938,58.84249409685325,0.0,0.0,0.0,0.0,4.0,1.0,604800.0,1.0,0.0,1.0,0.0,0,2,25,17,False,"[5, 1]",synthetic,True,2,True
2026-03-11T02:48:40.714111+00:00,SYN007,syn_SYN007_4,synth_dev_1,19,28.0,4711.878919389803,129.05726235209727,1.0,0.0,0.0,0.0,4.0,1.0,12.581128173828125,2.0,1.0,0.0,1.0,2,1,25,25,True,"[1, 4, 5]",synthetic,True,2,True
2026-03-11T02:48:45.690209+00:00,SYN007,syn_SYN007_4,synth_dev_1,20,4.0,4173.061688427839,238.30244433847216,0.0,0.0,0.0,0.0,4.0,1.0,604800.0,1.0,0.0,1.0,0.0,0,1,37,33,False,"[6, 1]",synthetic,True,2,True
2026-03-11T02:48:53.403873+00:00,SYN007,syn_SYN007_4,synth_dev_1,21,4.0,2507.050404677642,110.89620970638732,1.0,0.0,0.0,0.0,4.0,1.0,7.7136640625,1.0,0.0,2.0,1.0,1,1,37,33,False,"[1, 6]",synthetic,True,2,True
2026-03-11T02:49:00.579954+00:00,SYN007,syn_SYN007_4,synth_dev_1,22,4.0,10776.463836287576,105.52217354724542,2.0,0.0,0.0,1.0,4.0,1.0,7.176080810546875,1.0,0.0,3.0,2.0,1,2,37,45,False,"[6, 4, 1, 3]",synthetic,True,2,True
2026-03-18T12:21:04.671724+00:00,SYN007,syn_SYN007_5,synth_dev_1,0,4.0,1724.8770657471928,81.71669811987041,0.0,0.0,0.0,0.0,5.0,1.0,639124.0917702636,2.0,0.0,4.0,3.0,0,1,37,45,False,"[3, 1, 6, 4]",synthetic,True,2,True
2026-03-18T12:21:17.816489+00:00,SYN007,syn_SYN007_5,synth_dev_1,1,4.0,1852.9223424364475,71.84757378136325,1.0,0.0,0.0,0.0,5.0,1.0,13.144764892578126,1.0,0.0,5.0,4.0,1,1,37,39,False,"[2, 6, 3, 1]",synthetic,True,2,True
2026-03-18T12:21:31.675434+00:00,SYN007,syn_SYN007_5,synth_dev_1,2,4.0,5228.097501955963,141.28694370796205,2.0,0.0,0.0,1.0,5.0,1.0,13.858945068359375,1.0,1.0,0.0,5.0,2,2,37,37,True,"[6, 1, 3]",synthetic,True,2,True
2026-03-18T12:21:43.813995+00:00,SYN007,syn_SYN007_5,synth_dev_1,3,43.0,8451.630249540867,154.6486435801947,0.0,0.25,0.25,0.0,5.0,1.0,1475134.7672348632,2.0,2.0,0.0,3.0,2,2,59,59,True,"[1, 2, 6, 4, 5]",synthetic,True,2,True
2026-03-18T12:21:53.468812+00:00,SYN007,syn_SYN007_5,synth_dev_1,4,36.0,13723.889917374674,124.34478690482433,0.0,0.3333333333333333,0.25,0.0,5.0,1.0,1288123.8678779297,2.0,2.0,0.0,2.0,2,2,61,61,True,"[1, 5, 6, 3, 4]",synthetic,True,2,True
2026-03-18T12:22:00.457107+00:00,SYN007,syn_SYN007_5,synth_dev_1,5,17.0,14990.0,264.2562206952494,0.0,0.0,0.0,0.0,5.0,1.0,604800.0,1.0,1.0,0.0,0.0,2,2,33,33,True,"[6, 1]",synthetic,True,2,True
2026-03-18T12:22:05.294874+00:00,SYN007,syn_SYN007_5,synth_dev_1,6,0.0,3176.5284046577763,84.2544231596988,0.0,0.5,0.4375,0.0,5.0,1.0,1288169.8459841309,0.0,3.0,0.0,2.0,2,1,1,1,True,[1],synthetic,True,2,True
2026-03-18T12:22:10.703671+00:00,SYN007,syn_SYN007_5,synth_dev_1,7,18.0,6904.068959138734,122.6737559012802,0.0,0.5,0.25,0.0,5.0,1.0,639338.8977319336,1.0,2.0,0.0,1.0,2,2,26,26,True,"[4, 5, 2]",synthetic,True,2,True
2026-03-18T12:22:21.869767+00:00,SYN007,syn_SYN007_5,synth_dev_1,8,22.0,6358.822243510784,130.23923372014775,0.0,0.25,0.25,0.0,5.0,1.0,1288277.9074416503,2.0,0.0,1.0,3.0,0,2,58,50,False,"[2, 6, 5]",synthetic,True,2,True
2026-03-18T12:22:29.660176+00:00,SYN007,syn_SYN007_5,synth_dev_1,9,22.0,1232.3100827080505,206.80310897827215,1.0,0.2,0.1625,0.0,5.0,1.0,7.7904091796875,2.0,1.0,0.0,4.0,2,1,58,58,True,"[2, 5, 6, 4]",synthetic,True,2,True
2026-03-18T12:22:45.406121+00:00,SYN007,syn_SYN007_5,synth_dev_1,11,36.0,4550.850940014246,48.3440406207324,0.0,0.5,0.4375,0.0,5.0,1.0,51.93730908203125,2.0,3.0,0.0,2.0,2,1,61,61,True,"[6, 1, 5, 4, 3]",synthetic,True,2,True
2026-03-18T12:22:50.591190+00:00,SYN007,syn_SYN007_5,synth_dev_1,12,17.0,2152.2608548655126,106.40644211466171,0.0,1.0,0.25,0.0,5.0,1.0,50.1340830078125,2.0,0.0,1.0,0.0,0,1,33,49,False,"[1, 5, 6]",synthetic,True,2,True
2026-03-18T12:22:56.372008+00:00,SYN007,syn_SYN007_5,synth_dev_1,13,17.0,7506.314374011787,58.053132434528806,1.0,0.5,0.1625,0.0,5.0,1.0,5.78081787109375,1.0,1.0,0.0,1.0,2,2,33,33,True,"[6, 1]",synthetic,True,2,True
2026-03-18T12:23:01.481478+00:00,SYN007,syn_SYN007_5,synth_dev_1,14,25.0,3662.932284387101,103.24182329586229,0.0,0.6666666666666666,0.4375,0.0,5.0,1.0,639351.7163288575,1.0,0.0,1.0,1.0,0,1,60,56,False,"[4, 6, 5]",synthetic,True,2,True
2026-03-18T12:23:07.938210+00:00,SYN007,syn_SYN007_5,synth_dev_1,15,25.0,5114.000380496669,112.68215472866862,1.0,0.5,0.28437500000000004,0.0,5.0,1.0,6.45673193359375,1.0,0.0,2.0,2.0,1,1,60,52,False,"[3, 5, 6]",synthetic,True,2,True
2026-03-18T12:23:13.028921+00:00,SYN007,syn_SYN007_5,synth_dev_1,16,25.0,610.7978453179169,35.84685021862714,2.0,0.4,0.18484375000000003,1.0,5.0,1.0,5.0907109375,1.0,0.0,3.0,3.0,1,2,60,62,False,"[4, 3, 6, 5, 2]",synthetic,True,2,True
2026-03-18T12:23:24.090392+00:00,SYN007,syn_SYN007_5,synth_dev_1,17,25.0,4860.823144583329,54.963018374316725,3.0,0.3333333333333333,0.12014843750000002,2.0,5.0,1.0,11.06147119140625,2.0,1.0,0.0,4.0,2,2,60,60,True,"[4, 3, 6, 5]",synthetic,True,2,True
2026-03-18T12:23:35.718147+00:00,SYN007,syn_SYN007_5,synth_dev_1,18,45.0,5309.633641918401,67.10323018288283,0.0,1.0,0.25,0.0,5.0,1.0,1475294.1292238769,0.0,0.0,1.0,0.0,0,1,34,4,False,[3],synthetic,True,2,True
2026-03-18T12:23:39.251510+00:00,SYN007,syn_SYN007_5,synth_dev_1,19,45.0,2463.4944045074094,57.90832886183069,1.0,0.5,0.1625,0.0,5.0,1.0,3.533363037109375,1.0,0.0,2.0,1.0,1,1,34,32,False,[6],synthetic,True,2,True
2026-03-18T12:23:44.919404+00:00,SYN007,syn_SYN007_5,synth_dev_1,20,45.0,441.6673701589539,108.23900153440093,2.0,0.3333333333333333,0.10562500000000001,1.0,5.0,1.0,5.66789404296875,1.0,1.0,0.0,2.0,2,2,34,34,True,"[6, 2]",synthetic,True,2,True
2026-03-18T12:23:50.509259+00:00,SYN007,syn_SYN007_5,synth_dev_1,21,17.0,8441.002550844227,135.27804696225274,0.0,0.6666666666666666,0.371875,0.0,5.0,1.0,54.1372509765625,2.0,2.0,0.0,1.0,2,2,33,33,True,"[6, 1]",synthetic,True,2,True
2026-03-18T12:24:00.045828+00:00,SYN007,syn_SYN007_5,synth_dev_1,22,29.0,1390.6902236680505,116.92356170773348,0.0,0.3333333333333333,0.25,0.0,5.0,1.0,1288352.390480957,2.0,0.0,1.0,2.0,0,1,46,62,False,"[5, 4, 6, 2, 3]",synthetic,True,2,True
2026-03-18T20:51:04.679678+00:00,SYN007,syn_SYN007_6,synth_dev_1,0,7.0,4599.494006940916,185.8984719773708,0.0,0.0,0.0,0.0,6.0,1.0,604800.0,1.0,0.0,1.0,0.0,0,1,17,49,False,"[1, 5, 6]",synthetic,True,2,True
2026-03-18T20:51:14.671789+00:00,SYN007,syn_SYN007_6,synth_dev_1,1,7.0,14990.0,182.15952043377808,1.0,0.0,0.0,0.0,6.0,1.0,9.99211083984375,1.0,1.0,0.0,1.0,2,2,17,17,True,"[5, 1]",synthetic,True,2,True
2026-03-18T20:51:19.430938+00:00,SYN007,syn_SYN007_6,synth_dev_1,2,33.0,1597.2761907453796,93.05375106301422,0.0,0.0,0.0,0.0,6.0,1.0,604800.0,1.0,0.0,1.0,0.0,0,1,3,35,False,"[6, 1, 2]",synthetic,True,2,True
2026-03-18T20:51:31.031348+00:00,SYN007,syn_SYN007_6,synth_dev_1,3,33.0,3567.6603587948066,99.74590979641857,1.0,0.0,0.0,0.0,6.0,1.0,11.600409912109376,1.0,1.0,0.0,1.0,2,1,3,3,True,"[2, 1]",synthetic,True,2,True
2026-03-18T20:51:37.531256+00:00,SYN007,syn_SYN007_6,synth_dev_1,4,15.0,1315.1605786105983,58.34544816323657,0.0,0.0,0.0,0.0,6.0,1.0,604800.0,1.0,0.0,1.0,0.0,0,1,44,55,False,"[3, 5, 1, 6, 2]",synthetic,True,2,True
2026-03-18T20:51:44.413323+00:00,SYN007,syn_SYN007_6,synth_dev_1,5,15.0,777.928906975801,230.78735589551508,1.0,0.0,0.0,0.0,6.0,1.0,6.882067138671875,1.0,0.0,2.0,1.0,1,1,44,46,False,"[2, 3, 4, 6]",synthetic,True,2,True
2026-03-18T20:51:53.925027+00:00,SYN007,syn_SYN007_6,synth_dev_1,6,15.0,3464.863802018636,107.05823928892163,2.0,0.0,0.0,1.0,6.0,1.0,9.511703857421875,1.0,0.0,3.0,2.0,1,2,44,46,False,"[6, 3, 4, 2]",synthetic,True,2,True
2026-03-18T20:52:06.122419+00:00,SYN007,syn_SYN007_6,synth_dev_1,7,15.0,14990.0,81.04611959561451,3.0,0.0,0.0,2.0,6.0,1.0,12.197392333984375,2.0,0.0,4.0,3.0,1,2,44,46,False,"[6, 4, 3, 2]",synthetic,True,2,True
2026-03-18T20:52:09.479824+00:00,SYN007,syn_SYN007_6,synth_dev_1,8,15.0,1508.418130592076,159.27914997986926,0.0,0.0,0.0,0.0,6.0,1.0,3.35740478515625,2.0,1.0,0.0,4.0,2,0,44,44,True,"[4, 6, 3]",synthetic,True,2,True
2026-03-18T20:52:17.814236+00:00,SYN007,syn_SYN007_6,synth_dev_1,9,3.0,5275.838279226467,240.30946974937095,0.0,0.0,0.0,0.0,6.0,1.0,604800.0,1.0,1.0,0.0,0.0,2,1,20,20,True,"[3, 5]",synthetic,True,2,True
2026-03-18T20:52:23.292439+00:00,SYN007,syn_SYN007_6,synth_dev_1,10,18.0,7178.522349135245,73.0476837656601,0.0,0.6666666666666666,0.4375,0.0,6.0,1.0,30612.588768066405,2.0,3.0,0.0,1.0,2,2,26,26,True,"[4, 5, 2]",synthetic,True,2,True
2026-03-18T20:52:34.853628+00:00,SYN007,syn_SYN007_6,synth_dev_1,11,21.0,2539.0503505864212,93.27293567353378,0.0,0.0,0.0,0.0,6.0,1.0,604800.0,1.0,1.0,0.0,0.0,2,1,62,62,True,"[5, 3, 2, 6, 4]",synthetic,True,2,True
2026-03-18T20:52:44.459042+00:00,SYN007,syn_SYN007_6,synth_dev_1,12,38.0,13178.714889429353,195.63625005388832,0.0,0.25,0.25,0.0,6.0,1.0,669876.5943969727,2.0,2.0,0.0,3.0,2,2,7,7,True,"[2, 3, 1]",synthetic,True,2,True
2026-03-18T20:52:52.738064+00:00,SYN007,syn_SYN007_6,synth_dev_1,13,46.0,7824.407110381768,74.83912280634658,0.0,0.0,0.0,0.0,6.0,1.0,604800.0,1.0,0.0,1.0,0.0,0,2,30,14,False,"[3, 4, 2]",synthetic,True,2,True
2026-03-18T20:53:05.691242+00:00,SYN007,syn_SYN007_6,synth_dev_1,14,46.0,1163.9815469466319,230.89728604728242,1.0,0.0,0.0,0.0,6.0,1.0,12.953177978515624,2.0,0.0,2.0,1.0,1,1,30,22,False,"[2, 5, 3]",synthetic,True,2,True
2026-03-18T20:53:15.084781+00:00,SYN007,syn_SYN007_6,synth_dev_1,15,46.0,722.5302431771327,73.01360280811316,2.0,0.0,0.0,1.0,6.0,1.0,9.3935390625,1.0,0.0,3.0,2.0,1,2,30,17,False,"[1, 5]",synthetic,True,2,True
2026-03-18T20:53:28.551567+00:00,SYN007,syn_SYN007_6,synth_dev_1,16,46.0,1345.52892881644,92.21804674941932,3.0,0.0,0.0,2.0,6.0,1.0,13.4667861328125,2.0,1.0,0.0,3.0,2,2,30,30,True,"[5, 4, 2, 3]",synthetic,True,2,True
2026-03-18T20:53:39.870321+00:00,SYN007,syn_SYN007_6,synth_dev_1,17,17.0,5181.5403438972735,87.1398821097715,0.0,0.75,0.52890625,0.0,6.0,1.0,30589.361062011718,2.0,3.0,0.0,1.0,2,1,33,33,True,"[1, 6]",synthetic,True,2,True
2026-03-18T20:53:49.331144+00:00,SYN007,syn_SYN007_6,synth_dev_1,18,44.0,1138.9248014356679,71.56249931490883,0.0,0.0,0.0,0.0,6.0,1.0,604800.0,1.0,1.0,0.0,0.0,2,0,55,55,True,"[1, 3, 6, 5, 2]",synthetic,True,2,True
2026-03-18T20:53:57.316624+00:00,SYN007,syn_SYN007_6,synth_dev_1,19,32.0,9503.645976415295,193.9530669224736,0.0,0.5,0.25,0.0,6.0,1.0,1128870.7524990235,2.0,0.0,1.0,1.0,0,2,22,23,False,"[3, 1, 5, 2]",synthetic,True,2,True
2026-03-18T20:54:03.924095+00:00,SYN007,syn_SYN007_6,synth_dev_1,20,32.0,2615.2506377218833,71.31702765603804,1.0,0.3333333333333333,0.1625,0.0,6.0,1.0,6.607470947265625,2.0,0.0,2.0,2.0,1,1,22,58,False,"[2, 5, 6, 4]",synthetic,True,2,True
2026-03-18T20:54:08.393639+00:00,SYN007,syn_SYN007_6,synth_dev_1,21,32.0,4316.555742704277,312.8662140607528,2.0,0.25,0.10562500000000001,1.0,6.0,1.0,4.469544189453125,1.0,0.0,3.0,3.0,1,2,22,55,False,"[2, 3, 5, 6, 1]",synthetic,True,2,True
2026-03-18T20:54:15.511490+00:00,SYN007,syn_SYN007_6,synth_dev_1,22,32.0,1894.6871936429363,80.98262135988688,3.0,0.2,0.06865625,2.0,6.0,1.0,7.117850830078125,2.0,1.0,0.0,4.0,2,2,22,22,True,"[3, 2, 5]",synthetic,True,2,True
2026-03-01T12:29:04.916871+00:00,SYN008,syn_SYN008_1,synth_dev_2,0,16.0,1235.1383703672618,131.2453651289458,0.0,0.0,0.0,0.0,1.0,1.0,604800.0,1.0,0.0,1.0,0.0,0,1,9,8,False,[4],synthetic,True,2,True
2026-03-01T12:29:09.221383+00:00,SYN008,syn_SYN008_1,synth_dev_2,1,16.0,6723.888417403607,151.34199802778133,1.0,0.0,0.0,0.0,1.0,1.0,4.304511962890625,1.0,1.0,0.0,1.0,2,2,9,9,True,"[4, 1]",synthetic,True,2,True
2026-03-01T12:29:20.085162+00:00,SYN008,syn_SYN008_1,synth_dev_2,2,49.0,1627.3505406229829,60.13579580044628,0.0,0.0,0.0,0.0,1.0,1.0,604800.0,1.0,0.0,1.0,0.0,0,1,4,36,False,"[6, 3]",synthetic,True,2,True
2026-03-01T12:29:32.094781+00:00,SYN008,syn_SYN008_1,synth_dev_2,3,49.0,3518.4106892462773,126.50046187148486,1.0,0.0,0.0,0.0,1.0,1.0,12.009619140625,1.0,0.0,2.0,1.0,1,1,4,48,False,"[5, 6]",synthetic,True,2,True
2026-03-01T12:29:45.833823+00:00,SYN008,syn_SYN008_1,synth_dev_2,4,49.0,3129.0233844716404,211.34428750284198,2.0,0.0,0.0,1.0,1.0,1.0,13.7390419921875,1.0,0.0,3.0,2.0,1,2,4,13,False,"[4, 3, 1]",synthetic,True,2,True
2026-03-01T12:29:56.149560+00:00,SYN008,syn_SYN008_1,synth_dev_2,5,49.0,3229.794667636876,59.22145204399624,3.0,0.0,0.0,2.0,1.0,1.0,10.315737060546875,2.0,1.0,0.0,3.0,2,2,4,4,True,[3],synthetic,True,2,True
2026-03-01T12:30:01.547098+00:00,SYN008,syn_SYN008_1,synth_dev_2,6,28.0,2205.268390743737,151.45959400569353,0.0,0.0,0.0,0.0,1.0,1.0,604800.0,1.0,1.0,0.0,0.0,2,0,25,25,True,"[4, 1, 5]",synthetic,True,2,True
2026-03-01T12:30:07.250899+00:00,SYN008,syn_SYN008_1,synth_dev_2,7,18.0,13773.731243297103,307.5859639104529,0.0,0.0,0.0,0.0,1.0,1.0,604800.0,1.0,0.0,1.0,0.0,0,2,26,18,False,"[2, 5]",synthetic,True,2,True
2026-03-01T12:30:12.079784+00:00,SYN008,syn_SYN008_1,synth_dev_2,8,18.0,8117.289167707859,115.91701793505901,1.0,0.0,0.0,0.0,1.0,1.0,4.828884765625,2.0,1.0,0.0,1.0,2,2,26,26,True,"[5, 2, 4]",synthetic,True,2,True
2026-03-01T12:30:22.068140+00:00,SYN008,syn_SYN008_1,synth_dev_2,9,0.0,6002.921993934183,92.74127029682468,0.0,0.0,0.0,0.0,1.0,1.0,604800.0,1.0,1.0,0.0,0.0,2,2,1,1,True,[1],synthetic,True,2,True
2026-03-01T12:30:32.828114+00:00,SYN008,syn_SYN008_1,synth_dev_2,10,23.0,1346.8868530614288,95.96176298348,0.0,0.0,0.0,0.0,1.0,1.0,604800.0,1.0,0.0,1.0,0.0,0,1,43,42,False,"[2, 4, 6]",synthetic,True,2,True
2026-03-01T12:30:40.764923+00:00,SYN008,syn_SYN008_1,synth_dev_2,11,23.0,196.0259596658351,166.78902459996095,1.0,0.0,0.0,0.0,1.0,1.0,7.93680908203125,1.0,0.0,2.0,1.0,1,1,43,42,False,"[2, 6, 4]",synthetic,True,2,True
2026-03-01T12:30:52.556278+00:00,SYN008,syn_SYN008_1,synth_dev_2,12,23.0,948.8217738409005,171.50370803167928,2.0,0.0,0.0,1.0,1.0,1.0,11.79135498046875,1.0,0.0,3.0,2.0,1,2,43,11,False,"[1, 2, 4]",synthetic,True,2,True
2026-03-01T12:30:56.402813+00:00,SYN008,syn_SYN008_1,synth_dev_2,13,23.0,9977.483475291587,87.63895500348156,3.0,0.0,0.0,2.0,1.0,1.0,3.846534912109375,2.0,0.0,4.0,3.0,1,2,43,41,False,"[6, 1, 4]",synthetic,True,2,True
2026-03-01T12:31:05.692378+00:00,SYN008,syn_SYN008_1,synth_dev_2,14,23.0,3014.7936766122234,80.7194395500481,0.0,0.0,0.0,0.0,1.0,1.0,9.28956494140625,2.0,1.0,0.0,4.0,2,1,43,43,True,"[1, 2, 4, 6]",synthetic,True,2,True
2026-03-01T12:31:14.781504+00:00,SYN008,syn_SYN008_1,synth_dev_2,15,6.0,2074.8401718627188,73.51780432258619,0.0,0.0,0.0,0.0,1.0,1.0,604800.0,1.0,1.0,0.0,0.0,2,0,23,23,True,"[3, 1, 5, 2]",synthetic,True,2,True
2026-03-01T12:31:26.033113+00:00,SYN008,syn_SYN008_1,synth_dev_2,16,23.0,1928.7793517869522,58.645799845157164,0.0,0.2,0.25,0.0,1.0,1.0,20.340735107421875,1.0,0.0,1.0,4.0,0,1,43,59,False,"[4, 6, 1, 2, 5]",synthetic,True,2,True
2026-03-01T12:31:35.579864+00:00,SYN008,syn_SYN008_1,synth_dev_2,17,23.0,1888.4499678865295,42.99807814122224,1.0,0.16666666666666666,0.1625,0.0,1.0,1.0,9.5467509765625,1.0,1.0,0.0,5.0,2,1,43,43,True,"[2, 4, 6, 1]",synthetic,True,2,True
2026-03-01T12:31:47.223269+00:00,SYN008,syn_SYN008_1,synth_dev_2,18,31.0,6446.631858361301,92.49261649552402,0.0,0.0,0.0,0.0,1.0,1.0,604800.0,1.0,1.0,0.0,0.0,2,2,15,15,True,"[2, 3, 1, 4]",synthetic,True,2,True
2026-03-02T12:33:57.267399+00:00,SYN008,syn_SYN008_2,synth_dev_2,0,24.0,4792.783597514226,72.37574562171297,0.0,0.0,0.0,0.0,2.0,1.0,604800.0,1.0,0.0,1.0,0.0,0,1,63,59,False,"[6, 1, 2, 5, 4]",synthetic,True,2,True
2026-03-02T12:34:05.975566+00:00,SYN008,syn_SYN008_2,synth_dev_2,1,24.0,2076.0460862137093,167.5049596816043,1.0,0.0,0.0,0.0,2.0,1.0,8.708166748046875,1.0,0.0,2.0,1.0,1,1,63,58,False,"[6, 4, 2, 5]",synthetic,True,2,True
2026-03-02T12:34:13.440169+00:00,SYN008,syn_SYN008_2,synth_dev_2,2,24.0,4026.2686844496216,115.39750510503077,2.0,0.0,0.0,1.0,2.0,1.0,7.464603271484375,1.0,1.0,0.0,2.0,2,2,63,63,True,"[2, 6, 4, 5, 3, 1]",synthetic,True,2,True
2026-03-02T12:34:20.361055+00:00,SYN008,syn_SYN008_2,synth_dev_2,3,35.0,4740.26443001413,48.3886034812221,0.0,0.0,0.0,0.0,2.0,1.0,604800.0,1.0,1.0,0.0,0.0,2,1,13,13,True,"[4, 3, 1]",synthetic,True,2,True
2026-03-02T12:34:26.887373+00:00,SYN008,syn_SYN008_2,synth_dev_2,4,3.0,14990.0,115.98442593814062,0.0,0.0,0.0,0.0,2.0,1.0,604800.0,1.0,0.0,1.0,0.0,0,2,20,61,False,"[3, 5, 1, 6, 4]",synthetic,True,2,True
2026-03-02T12:34:31.006599+00:00,SYN008,syn_SYN008_2,synth_dev_2,5,3.0,5335.490719995648,87.98115031551532,1.0,0.0,0.0,0.0,2.0,1.0,4.119225830078125,2.0,0.0,2.0,1.0,1,1,20,16,False,[5],synthetic,True,2,True
2026-03-02T12:34:38.269716+00:00,SYN008,syn_SYN008_2,synth_dev_2,6,3.0,2185.3037845245485,157.74284549952256,2.0,0.0,0.0,1.0,2.0,1.0,7.2631171875,1.0,1.0,0.0,2.0,2,2,20,20,True,"[3, 5]",synthetic,True,2,True
2026-03-02T12:34:47.202988+00:00,SYN008,syn_SYN008_2,synth_dev_2,7,19.0,14990.0,92.06062837061913,0.0,0.0,0.0,0.0,2.0,1.0,604800.0,1.0,0.0,1.0,0.0,0,2,53,37,False,"[6, 1, 3]",synthetic,True,2,True
2026-03-02T12:34:59.515730+00:00,SYN008,syn_SYN008_2,synth_dev_2,8,19.0,723.3096880074772,125.26756174561727,1.0,0.0,0.0,0.0,2.0,1.0,12.3127421875,2.0,0.0,2.0,1.0,1,1,53,61,False,"[1, 3, 6, 5, 4]",synthetic,True,2,True
2026-03-02T12:35:07.493419+00:00,SYN008,syn_SYN008_2,synth_dev_2,9,19.0,1637.572277807381,80.78605847917562,2.0,0.0,0.0,1.0,2.0,1.0,7.97768896484375,1.0,1.0,0.0,2.0,2,2,53,53,True,"[3, 1, 5, 6]",synthetic,True,2,True
2026-03-02T12:35:15.437363+00:00,SYN008,syn_SYN008_2,synth_dev_2,10,35.0,1888.1718497435438,306.506360063787,0.0,1.0,0.25,0.0,2.0,1.0,55.076307861328125,1.0,2.0,0.0,0.0,2,0,13,13,True,"[1, 3, 4]",synthetic,True,2,True
2026-03-02T12:35:19.001494+00:00,SYN008,syn_SYN008_2,synth_dev_2,11,39.0,2177.444469870847,97.0669771081758,0.0,0.0,0.0,0.0,2.0,1.0,604800.0,1.0,0.0,1.0,0.0,0,1,41,43,False,"[6, 1, 2, 4]",synthetic,True,2,True
2026-03-02T12:35:30.432865+00:00,SYN008,syn_SYN008_2,synth_dev_2,12,39.0,5940.2501265669825,74.61764481912,1.0,0.0,0.0,0.0,2.0,1.0,11.43137109375,1.0,0.0,2.0,1.0,1,1,41,45,False,"[4, 1, 3, 6]",synthetic,True,2,True
2026-03-02T12:35:44.158405+00:00,SYN008,syn_SYN008_2,synth_dev_2,13,39.0,1936.3857988976324,70.21587607386273,2.0,0.0,0.0,1.0,2.0,1.0,13.7255400390625,1.0,1.0,0.0,2.0,2,2,41,41,True,"[6, 4, 1]",synthetic,True,2,True
2026-03-02T12:35:50.121896+00:00,SYN008,syn_SYN008_2,synth_dev_2,14,42.0,5391.97582944617,110.71834664295586,0.0,0.0,0.0,0.0,2.0,1.0,604800.0,1.0,1.0,0.0,0.0,2,1,19,19,True,"[5, 1, 2]",synthetic,True,2,True
2026-03-02T12:35:57.414818+00:00,SYN008,syn_SYN008_2,synth_dev_2,15,23.0,8926.897934936487,173.75001137406892,0.0,0.2857142857142857,0.371875,0.0,2.0,1.0,86661.83495410156,1.0,2.0,0.0,5.0,2,2,43,43,True,"[1, 2, 6, 4]",synthetic,True,2,True
2026-03-02T12:36:10.659819+00:00,SYN008,syn_SYN008_2,synth_dev_2,16,0.0,14990.0,73.94565337339586,0.0,1.0,0.25,0.0,2.0,1.0,86748.59167871093,2.0,2.0,0.0,0.0,2,2,1,1,True,[1],synthetic,True,2,True
2026-03-02T12:36:17.749446+00:00,SYN008,syn_SYN008_2,synth_dev_2,17,12.0,2118.3507280274616,77.11180405699479,0.0,0.0,0.0,0.0,2.0,1.0,604800.0,1.0,0.0,1.0,0.0,0,1,45,41,False,"[6, 1, 4]",synthetic,True,2,True
2026-03-02T12:36:30.735202+00:00,SYN008,syn_SYN008_2,synth_dev_2,18,12.0,1573.9835410041917,79.59396253914407,1.0,0.0,0.0,0.0,2.0,1.0,12.98575634765625,1.0,1.0,0.0,1.0,2,1,45,45,True,"[6, 1, 4, 3]",synthetic,True,2,True
2026-03-03T21:21:37.014135+00:00,SYN008,syn_SYN008_3,synth_dev_2,0,34.0,3183.77364439954,135.92150450191426,0.0,0.0,0.0,0.0,3.0,1.0,604800.0,1.0,1.0,0.0,0.0,2,1,39,39,True,"[2, 1, 3, 6]",synthetic,True,2,True
2026-03-03T21:21:40.242905+00:00,SYN008,syn_SYN008_3,synth_dev_2,1,10.0,1958.0994946527833,90.69111623703525,0.0,0.0,0.0,0.0,3.0,1.0,604800.0,1.0,0.0,1.0,0.0,0,1,42,58,False,"[5, 2, 6, 4]",synthetic,True,2,True
2026-03-03T21:21:49.856460+00:00,SYN008,syn_SYN008_3,synth_dev_2,2,10.0,2025.8294190168672,75.04398774663724,1.0,0.0,0.0,0.0,3.0,1.0,9.613555419921875,1.0,0.0,2.0,1.0,1,1,42,46,False,"[3, 4, 6, 2]",synthetic,True,2,True
2026-03-03T21:21:58.401804+00:00,SYN008,syn_SYN008_3,synth_dev_2,3,10.0,3706.269115914059,107.60211383846638,2.0,0.0,0.0,1.0,3.0,1.0,8.54534375,1.0,0.0,3.0,2.0,1,2,42,21,False,"[5, 3, 1]",synthetic,True,2,True
2026-03-03T21:22:09.898842+00:00,SYN008,syn_SYN008_3,synth_dev_2,4,10.0,3466.8698763992043,95.72892837913511,3.0,0.0,0.0,2.0,3.0,1.0,11.4970380859375,2.0,1.0,0.0,3.0,2,2,42,42,True,"[4, 6, 2]",synthetic,True,2,True
2026-03-03T21:22:16.480621+00:00,SYN008,syn_SYN008_3,synth_dev_2,5,44.0,10176.819047793591,79.82898891701774,0.0,0.0,0.0,0.0,3.0,1.0,604800.0,1.0,0.0,1.0,0.0,0,2,55,23,False,"[3, 1, 2, 5]",synthetic,True,2,True
2026-03-03T21:22:21.575174+00:00,SYN008,syn_SYN008_3,synth_dev_2,6,44.0,1550.3019485204522,118.71081556308559,1.0,0.0,0.0,0.0,3.0,1.0,5.094552978515625,2.0,0.0,2.0,1.0,1,1,55,28,False,"[3, 5, 4]",synthetic,True,2,True
2026-03-03T21:22:24.932461+00:00,SYN008,syn_SYN008_3,synth_dev_2,7,44.0,1101.091770399902,58.46542199788557,2.0,0.0,0.0,1.0,3.0,1.0,3.357286865234375,1.0,0.0,3.0,2.0,1,2,55,53,False,"[1, 3, 5, 6]",synthetic,True,2,True
2026-03-03T21:22:35.305272+00:00,SYN008,syn_SYN008_3,synth_dev_2,8,44.0,4974.761563419969,143.50932841389417,3.0,0.0,0.0,2.0,3.0,1.0,10.372811279296876,2.0,1.0,0.0,3.0,2,2,55,55,True,"[3, 2, 6, 5, 1]",synthetic,True,2,True
2026-03-03T21:22:44.538562+00:00,SYN008,syn_SYN008_3,synth_dev_2,9,13.0,12092.221132260587,108.73937269057203,0.0,0.0,0.0,0.0,3.0,1.0,604800.0,1.0,1.0,0.0,0.0,2,2,27,27,True,"[5, 1, 4, 2]",synthetic,True,2,True
2026-03-03T21:22:53.609681+00:00,SYN008,syn_SYN008_3,synth_dev_2,10,43.0,7542.58419400805,72.38389687714329,0.0,0.0,0.0,0.0,3.0,1.0,604800.0,1.0,1.0,0.0,0.0,2,2,59,59,True,"[5, 4, 2, 6, 1]",synthetic,True,2,True
2026-03-03T21:23:00.442412+00:00,SYN008,syn_SYN008_3,synth_dev_2,11,11.0,5084.4650104834345,126.17662447057491,0.0,0.0,0.0,0.0,3.0,1.0,604800.0,1.0,0.0,1.0,0.0,0,1,5,15,False,"[1, 4, 2, 3]",synthetic,True,2,True
2026-03-03T21:23:04.462913+00:00,SYN008,syn_SYN008_3,synth_dev_2,12,11.0,1803.5262038595063,70.98750478159191,1.0,0.0,0.0,0.0,3.0,1.0,4.020501220703125,1.0,1.0,0.0,1.0,2,1,5,5,True,"[1, 3]",synthetic,True,2,True
2026-03-03T21:23:13.519669+00:00,SYN008,syn_SYN008_3,synth_dev_2,13,10.0,3556.0262043584157,107.02165807909013,0.0,0.25,0.25,0.0,3.0,1.0,63.62082690429688,2.0,0.0,1.0,3.0,0,1,42,19,False,"[1, 5, 2]",synthetic,True,2,True
2026-03-03T21:23:20.581294+00:00,SYN008,syn_SYN008_3,synth_dev_2,14,10.0,2846.5686503903203,64.00886043712647,1.0,0.2,0.1625,0.0,3.0,1.0,7.061625,1.0,0.0,2.0,4.0,1,1,42,34,False,"[6, 2]",synthetic,True,2,True
2026-03-03T21:23:37.935501+00:00,SYN008,syn_SYN008_3,synth_dev_2,16,47.0,2436.154156554054,95.96965003748744,0.0,0.0,0.0,0.0,3.0,1.0,604800.0,1.0,1.0,0.0,0.0,2,0,48,48,True,"[5, 6]",synthetic,True,2,True
2026-03-03T21:23:46.068430+00:00,SYN008,syn_SYN008_3,synth_dev_2,17,27.0,9997.128550231431,94.16352288934833,0.0,0.0,0.0,0.0,3.0,1.0,604800.0,1.0,0.0,1.0,0.0,0,2,57,56,False,"[4, 6, 5]",synthetic,True,2,True
2026-03-03T21:23:59.503446+00:00,SYN008,syn_SYN008_3,synth_dev_2,18,27.0,470.86580830800426,52.83086568743637,1.0,0.0,0.0,0.0,3.0,1.0,13.43501611328125,2.0,0.0,2.0,1.0,1,1,57,61,False,"[1, 4, 6, 3, 5]",synthetic,True,2,True
2026-03-03T21:26:04.464460+00:00,SYN008,syn_SYN008_4,synth_dev_2,0,9.0,2783.8290055178454,85.1856413720583,0.0,0.0,0.0,0.0,4.0,1.0,604800.0,1.0,1.0,0.0,0.0,2,1,21,21,True,"[3, 5, 1]",synthetic,True,2,True
2026-03-03T21:26:09.651973+00:00,SYN008,syn_SYN008_4,synth_dev_2,1,39.0,4616.913244750081,76.96176290278936,0.0,0.3333333333333333,0.25,0.0,4.0,1.0,118225.49356787109,2.0,2.0,0.0,2.0,2,1,41,41,True,"[1, 4, 6]",synthetic,True,2,True
2026-03-03T21:26:14.707314+00:00,SYN008,syn_SYN008_4,synth_dev_2,2,48.0,10204.955214610985,119.37630722759907,0.0,0.0,0.0,0.0,4.0,1.0,604800.0,1.0,0.0,1.0,0.0,0,2,32,30,False,"[2, 3, 4, 5]",synthetic,True,2,True
2026-03-03T21:26:19.599830+00:00,SYN008,syn_SYN008_4,synth_dev_2,3,48.0,5249.573958711819,79.38259941984298,1.0,0.0,0.0,0.0,4.0,1.0,4.892515869140625,2.0,0.0,2.0,1.0,1,1,32,40,False,"[4, 6]",synthetic,True,2,True
2026-03-03T21:26:28.466821+00:00,SYN008,syn_SYN008_4,synth_dev_2,4,48.0,12522.011998298674,81.60529154223937,2.0,0.0,0.0,1.0,4.0,1.0,8.8669912109375,1.0,0.0,3.0,2.0,1,2,32,48,False,"[5, 6]",synthetic,True,2,True
2026-03-03T21:26:40.505326+00:00,SYN008,syn_SYN008_4,synth_dev_2,5,48.0,14534.290422468479,56.0219920874234,3.0,0.0,0.0,2.0,4.0,1.0,12.0385048828125,2.0,0.0,4.0,3.0,1,2,32,34,False,"[6, 2]",synthetic,True,2,True
2026-03-03T21:26:52.582033+00:00,SYN008,syn_SYN008_4,synth_dev_2,6,48.0,2825.0262718702757,100.15985534418054,0.0,0.0,0.0,0.0,4.0,1.0,12.07670703125,2.0,0.0,5.0,4.0,0,1,32,33,False,"[6, 1]",synthetic,True,2,True
2026-03-03T21:26:59.063237+00:00,SYN008,syn_SYN008_4,synth_dev_2,7,48.0,2177.943317073124,50.25047618689917,1.0,0.0,0.0,0.0,4.0,1.0,6.4812041015625,1.0,0.0,6.0,5.0,1,1,32,53,False,"[1, 6, 5, 3]",synthetic,True,2,True
2026-03-03T21:27:08.933932+00:00,SYN008,syn_SYN008_4,synth_dev_2,8,48.0,1953.5407901325525,97.46141981965876,2.0,0.0,0.0,1.0,4.0,1.0,9.870695068359375,1.0,1.0,0.0,6.0,2,2,32,32,True,[6],synthetic,True,2,True
2026-03-03T21:27:13.477068+00:00,SYN008,syn_SYN008_4,synth_dev_2,9,46.0,6418.048301361513,141.8038000809155,0.0,0.0,0.0,0.0,4.0,1.0,604800.0,1.0,0.0,1.0,0.0,0,2,30,62,False,"[2, 6, 3, 5, 4]",synthetic,True,2,True
2026-03-03T21:27:22.355706+00:00,SYN008,syn_SYN008_4,synth_dev_2,10,46.0,5166.120155758228,130.84099124455986,1.0,0.0,0.0,0.0,4.0,1.0,8.87863818359375,2.0,0.0,2.0,1.0,1,1,30,62,False,"[3, 5, 2, 6, 4]",synthetic,True,2,True
2026-03-03T21:27:28.407215+00:00,SYN008,syn_SYN008_4,synth_dev_2,11,46.0,2358.5967851889104,201.2075352009031,2.0,0.0,0.0,1.0,4.0,1.0,6.051509033203125,1.0,1.0,0.0,2.0,2,2,30,30,True,"[3, 5, 4, 2]",synthetic,True,2,True
2026-03-03T21:27:32.733116+00:00,SYN008,syn_SYN008_4,synth_dev_2,12,11.0,1686.9606351680427,146.3049634800342,0.0,0.5,0.25,0.0,4.0,1.0,268.27020288085936,1.0,2.0,0.0,1.0,2,0,5,5,True,"[1, 3]",synthetic,True,2,True
2026-03-03T21:27:41.040759+00:00,SYN008,syn_SYN008_4,synth_dev_2,13,21.0,12519.268756260628,57.339918932690686,0.0,0.0,0.0,0.0,4.0,1.0,604800.0,1.0,1.0,0.0,0.0,2,2,62,62,True,"[3, 5, 4, 6, 2]",synthetic,True,2,True
2026-03-03T21:27:46.058921+00:00,SYN008,syn_SYN008_4,synth_dev_2,14,35.0,5217.486895883196,75.42684263861604,0.0,1.0,0.4375,0.0,4.0,1.0,118350.62155834961,0.0,3.0,0.0,0.0,2,1,13,13,True,"[1, 3, 4]",synthetic,True,2,True
2026-03-03T21:27:58.341535+00:00,SYN008,syn_SYN008_4,synth_dev_2,15,39.0,14990.0,149.96320832522568,0.0,0.5,0.4375,0.0,4.0,1.0,108.68956225585937,1.0,0.0,1.0,2.0,0,2,41,43,False,"[6, 1, 4, 2]",synthetic,True,2,True
2026-03-03T21:28:02.025413+00:00,SYN008,syn_SYN008_4,synth_dev_2,16,39.0,1625.8403080518706,69.50147776585965,1.0,0.4,0.28437500000000004,0.0,4.0,1.0,3.6838779296875,2.0,0.0,2.0,3.0,1,1,41,9,False,"[4, 1]",synthetic,True,2,True
2026-03-03T21:28:15.858879+00:00,SYN008,syn_SYN008_4,synth_dev_2,17,39.0,1179.0575804440812,178.6637792233672,2.0,0.3333333333333333,0.18484375000000003,1.0,4.0,1.0,13.833466064453125,1.0,1.0,0.0,4.0,2,2,41,41,True,"[4, 1, 6]",synthetic,True,2,True
2026-03-03T21:28:29.660532+00:00,SYN008,syn_SYN008_4,synth_dev_2,18,37.0,4097.181598839339,53.25574928731783,0.0,0.0,0.0,0.0,4.0,1.0,604800.0,1.0,0.0,1.0,0.0,0,1,23,30,False,"[2, 5, 3, 4]",synthetic,True,2,True
2026-03-11T02:49:37.037078+00:00,SYN008,syn_SYN008_5,synth_dev_2,0,8.0,10766.788953836107,132.7766850122159,0.0,0.0,0.0,0.0,5.0,1.0,604800.0,1.0,0.0,1.0,0.0,0,2,12,28,False,"[3, 4, 5]",synthetic,True,2,True
2026-03-11T02:49:48.582700+00:00,SYN008,syn_SYN008_5,synth_dev_2,1,8.0,2285.9228415802468,125.0340389088559,1.0,0.0,0.0,0.0,5.0,1.0,11.5456220703125,2.0,1.0,0.0,1.0,2,1,12,12,True,"[4, 3]",synthetic,True,2,True
2026-03-11T02:49:55.337997+00:00,SYN008,syn_SYN008_5,synth_dev_2,2,2.0,3344.154010506622,191.76646871156518,0.0,0.0,0.0,0.0,5.0,1.0,604800.0,1.0,0.0,1.0,0.0,0,1,10,2,False,[2],synthetic,True,2,True
2026-03-11T02:50:08.348797+00:00,SYN008,syn_SYN008_5,synth_dev_2,3,2.0,486.2246268751596,102.66119233327059,1.0,0.0,0.0,0.0,5.0,1.0,13.010800048828125,1.0,0.0,2.0,1.0,1,1,10,14,False,"[2, 3, 4]",synthetic,True,2,True
2026-03-11T02:50:12.882305+00:00,SYN008,syn_SYN008_5,synth_dev_2,4,2.0,1869.132088750863,101.66918581359712,2.0,0.0,0.0,1.0,5.0,1.0,4.5335078125,1.0,1.0,0.0,2.0,2,2,10,10,True,"[4, 2]",synthetic,True,2,True
2026-03-11T02:50:25.777893+00:00,SYN008,syn_SYN008_5,synth_dev_2,5,5.0,1197.5109992665703,101.85826489817059,0.0,0.0,0.0,0.0,5.0,1.0,604800.0,1.0,1.0,0.0,0.0,2,0,51,51,True,"[2, 5, 6, 1]",synthetic,True,2,True
2026-03-11T02:50:35.667989+00:00,SYN008,syn_SYN008_5,synth_dev_2,6,9.0,3573.102102074887,64.22473589699933,0.0,1.0,0.25,0.0,5.0,1.0,624271.2035290528,1.0,0.0,1.0,0.0,0,1,21,58,False,"[5, 4, 2, 6]",synthetic,True,2,True
2026-03-11T02:50:49.658883+00:00,SYN008,syn_SYN008_5,synth_dev_2,7,9.0,969.2467180907354,37.85603494748466,1.0,0.5,0.1625,0.0,5.0,1.0,13.99089404296875,1.0,1.0,0.0,1.0,2,1,21,21,True,"[3, 1, 5]",synthetic,True,2,True
2026-03-11T02:50:56.651231+00:00,SYN008,syn_SYN008_5,synth_dev_2,8,22.0,4994.820015606188,166.3988398665465,0.0,0.0,0.0,0.0,5.0,1.0,604800.0,1.0,1.0,0.0,0.0,2,1,58,58,True,"[5, 4, 6, 2]",synthetic,True,2,True
2026-03-11T02:51:09.223321+00:00,SYN008,syn_SYN008_5,synth_dev_2,9,12.0,14990.0,98.97742073453556,0.0,0.5,0.25,0.0,5.0,1.0,742478.4881188965,1.0,0.0,1.0,1.0,0,2,45,13,False,"[1, 4, 3]",synthetic,True,2,True
2026-03-11T02:51:21.872782+00:00,SYN008,syn_SYN008_5,synth_dev_2,10,12.0,6298.700013684062,103.31165640553974,1.0,0.3333333333333333,0.1625,0.0,5.0,1.0,12.6494609375,2.0,1.0,0.0,2.0,2,2,45,45,True,"[4, 1, 3, 6]",synthetic,True,2,True
2026-03-11T02:51:32.791133+00:00,SYN008,syn_SYN008_5,synth_dev_2,11,29.0,660.3162002622087,130.55659762581774,0.0,0.0,0.0,0.0,5.0,1.0,604800.0,1.0,0.0,1.0,0.0,0,1,46,33,False,"[1, 6]",synthetic,True,2,True
2026-03-11T02:51:54.659998+00:00,SYN008,syn_SYN008_5,synth_dev_2,13,5.0,1153.4223479728935,167.31151175925308,0.0,1.0,0.25,0.0,5.0,1.0,88.88210498046875,0.0,0.0,1.0,0.0,0,1,51,49,False,"[1, 5, 6]",synthetic,True,2,True
2026-03-11T02:51:59.465798+00:00,SYN008,syn_SYN008_5,synth_dev_2,14,5.0,4116.8043423288045,110.99177828686246,1.0,0.5,0.1625,0.0,5.0,1.0,4.8057998046875,1.0,1.0,0.0,1.0,2,1,51,51,True,"[1, 2, 5, 6]",synthetic,True,2,True
2026-03-11T02:52:08.634860+00:00,SYN008,syn_SYN008_5,synth_dev_2,15,4.0,4110.626845071027,106.54976869718733,0.0,0.0,0.0,0.0,5.0,1.0,604800.0,1.0,0.0,1.0,0.0,0,1,37,36,False,"[3, 6]",synthetic,True,2,True
2026-03-11T02:52:21.200557+00:00,SYN008,syn_SYN008_5,synth_dev_2,16,4.0,12145.166332358362,147.32356296506188,1.0,0.0,0.0,0.0,5.0,1.0,12.56569677734375,1.0,0.0,2.0,1.0,1,2,37,48,False,"[6, 5]",synthetic,True,2,True
2026-03-11T02:52:29.557947+00:00,SYN008,syn_SYN008_5,synth_dev_2,17,4.0,2833.8503803201756,164.75585658017417,2.0,0.0,0.0,1.0,5.0,1.0,8.35739013671875,2.0,0.0,3.0,2.0,1,2,37,33,False,"[1, 6]",synthetic,True,2,True
2026-03-11T02:52:33.929912+00:00,SYN008,syn_SYN008_5,synth_dev_2,18,4.0,4374.424199801249,147.25407892632106,3.0,0.0,0.0,2.0,5.0,1.0,4.371965087890625,2.0,1.0,0.0,3.0,2,2,37,37,True,"[3, 6, 1]",synthetic,True,2,True
2026-03-11T05:59:43.633937+00:00,SYN008,syn_SYN008_6,synth_dev_2,0,37.0,7921.384739644606,106.28069189581475,0.0,0.0,0.0,0.0,6.0,1.0,635473.9734047852,1.0,0.0,2.0,1.0,0,2,23,22,False,"[3, 2, 5]",synthetic,True,2,True
2026-03-11T05:59:47.098585+00:00,SYN008,syn_SYN008_6,synth_dev_2,1,37.0,1871.2084001621101,164.97832777439186,1.0,0.0,0.0,0.0,6.0,1.0,3.464648193359375,2.0,1.0,0.0,2.0,2,1,23,23,True,"[5, 2, 3, 1]",synthetic,True,2,True
2026-03-11T05:59:55.505411+00:00,SYN008,syn_SYN008_6,synth_dev_2,2,40.0,7988.043500366166,96.54249473926653,0.0,0.0,0.0,0.0,6.0,1.0,604800.0,1.0,1.0,0.0,0.0,2,2,47,47,True,"[6, 2, 4, 1, 3]",synthetic,True,2,True
2026-03-11T06:00:04.320304+00:00,SYN008,syn_SYN008_6,synth_dev_2,3,20.0,8034.400728356214,125.44130771352911,0.0,0.0,0.0,0.0,6.0,1.0,604800.0,1.0,1.0,0.0,0.0,2,2,18,18,True,"[5, 2]",synthetic,True,2,True
2026-03-11T06:00:09.363718+00:00,SYN008,syn_SYN008_6,synth_dev_2,4,19.0,1784.5752432068166,72.20667599495945,0.0,0.3333333333333333,0.25,0.0,6.0,1.0,753901.8702990722,2.0,0.0,1.0,2.0,0,1,53,55,False,"[3, 5, 2, 1, 6]",synthetic,True,2,True
2026-03-11T06:00:18.592216+00:00,SYN008,syn_SYN008_6,synth_dev_2,5,19.0,1003.3963306307926,54.98855994306643,1.0,0.25,0.1625,0.0,6.0,1.0,9.228498046875,1.0,1.0,0.0,3.0,2,1,53,53,True,"[6, 1, 3, 5]",synthetic,True,2,True
2026-03-11T06:00:30.982393+00:00,SYN008,syn_SYN008_6,synth_dev_2,6,40.0,5725.435380894287,72.16663091927342,0.0,1.0,0.25,0.0,6.0,1.0,35.47698217773438,2.0,2.0,0.0,0.0,2,1,47,47,True,"[2, 1, 3, 6, 4]",synthetic,True,2,True
2026-03-11T06:00:37.049209+00:00,SYN008,syn_SYN008_6,synth_dev_2,7,7.0,14990.0,79.35585597763082,0.0,0.0,0.0,0.0,6.0,1.0,604800.0,1.0,0.0,1.0,0.0,0,2,17,1,False,[1],synthetic,True,2,True
2026-03-11T06:00:50.276034+00:00,SYN008,syn_SYN008_6,synth_dev_2,8,7.0,14990.0,98.98840864531229,1.0,0.0,0.0,0.0,6.0,1.0,13.226824951171874,2.0,0.0,2.0,1.0,1,2,17,19,False,"[1, 2, 5]",synthetic,True,2,True
2026-03-11T06:01:01.838106+00:00,SYN008,syn_SYN008_6,synth_dev_2,9,7.0,1108.5177962886303,117.83611551762417,2.0,0.0,0.0,1.0,6.0,1.0,11.56207177734375,2.0,1.0,0.0,2.0,2,2,17,17,True,"[5, 1]",synthetic,True,2,True
2026-03-11T06:01:10.818190+00:00,SYN008,syn_SYN008_6,synth_dev_2,10,0.0,10971.009445797039,103.6423794033433,0.0,1.0,0.4375,0.0,6.0,1.0,753900.1583713379,2.0,0.0,1.0,0.0,0,2,1,7,False,"[3, 2, 1]",synthetic,True,2,True
2026-03-11T06:01:16.212417+00:00,SYN008,syn_SYN008_6,synth_dev_2,11,0.0,742.1490637905282,156.17434299681554,1.0,0.6666666666666666,0.28437500000000004,0.0,6.0,1.0,5.394226806640625,2.0,1.0,0.0,1.0,2,1,1,1,True,[1],synthetic,True,2,True
2026-03-11T06:01:21.808397+00:00,SYN008,syn_SYN008_6,synth_dev_2,12,49.0,550.9005254468785,116.16576626754916,0.0,0.25,0.25,0.0,6.0,1.0,840685.6588369141,2.0,0.0,1.0,3.0,0,1,4,5,False,"[1, 3]",synthetic,True,2,True
2026-03-11T06:01:24.988394+00:00,SYN008,syn_SYN008_6,synth_dev_2,13,49.0,3098.6615722335855,75.63389609432781,1.0,0.2,0.1625,0.0,6.0,1.0,3.1799970703125,1.0,1.0,0.0,4.0,2,1,4,4,True,[3],synthetic,True,2,True
2026-03-11T06:01:30.942053+00:00,SYN008,syn_SYN008_6,synth_dev_2,14,25.0,4715.795016474357,143.72919371349585,0.0,0.0,0.0,0.0,6.0,1.0,604800.0,1.0,0.0,1.0,0.0,0,1,60,47,False,"[2, 1, 3, 4, 6]",synthetic,True,2,True
2026-03-11T06:01:37.924067+00:00,SYN008,syn_SYN008_6,synth_dev_2,15,25.0,5549.978062647851,79.34508660478528,1.0,0.0,0.0,0.0,6.0,1.0,6.98201416015625,1.0,0.0,2.0,1.0,1,1,60,61,False,"[6, 5, 1, 4, 3]",synthetic,True,2,True
2026-03-11T06:01:44.530157+00:00,SYN008,syn_SYN008_6,synth_dev_2,16,25.0,3519.419125402318,123.26617190627223,2.0,0.0,0.0,1.0,6.0,1.0,6.60608984375,1.0,1.0,0.0,2.0,2,2,60,60,True,"[6, 4, 3, 5]",synthetic,True,2,True
2026-03-11T06:01:53.724084+00:00,SYN008,syn_SYN008_6,synth_dev_2,17,19.0,14990.0,175.41934098838294,0.0,0.4,0.371875,0.0,6.0,1.0,95.13186791992187,1.0,0.0,1.0,3.0,0,2,53,12,False,"[4, 3]",synthetic,True,2,True
2026-03-11T06:01:58.321454+00:00,SYN008,syn_SYN008_6,synth_dev_2,18,19.0,1878.3143410567518,60.22102007441785,1.0,0.3333333333333333,0.24171875,0.0,6.0,1.0,4.5973701171875,2.0,1.0,0.0,4.0,2,1,53,53,True,"[3, 1, 5, 6]",synthetic,True,2,True
2026-03-04T16:36:11.690159+00:00,SYN009,syn_SYN009_1,synth_dev_0,0,14.0,6473.44567286032,72.94497853622433,0.0,0.0,0.0,0.0,1.0,1.0,604800.0,1.0,1.0,0.0,0.0,2,2,35,35,True,"[1, 6, 2]",synthetic,True,2,True
2026-03-04T16:36:17.239318+00:00,SYN009,syn_SYN009_1,synth_dev_0,1,16.0,1760.3989854737324,87.24370639084303,0.0,0.0,0.0,0.0,1.0,1.0,604800.0,1.0,0.0,1.0,0.0,0,1,9,58,False,"[2, 6, 4, 5]",synthetic,True,2,True
2026-03-04T16:36:29.301527+00:00,SYN009,syn_SYN009_1,synth_dev_0,2,16.0,6768.152466655718,60.27062554370769,1.0,0.0,0.0,0.0,1.0,1.0,12.062209228515625,1.0,0.0,2.0,1.0,1,2,9,1,False,[1],synthetic,True,2,True
2026-03-04T16:36:35.167348+00:00,SYN009,syn_SYN009_1,synth_dev_0,3,16.0,535.7548442426112,41.94014234046174,2.0,0.0,0.0,1.0,1.0,1.0,5.86582080078125,2.0,0.0,3.0,2.0,1,2,9,8,False,[4],synthetic,True,2,True
2026-03-04T16:36:48.716922+00:00,SYN009,syn_SYN009_1,synth_dev_0,4,16.0,2553.1832388352186,59.28435514545001,3.0,0.0,0.0,2.0,1.0,1.0,13.54957421875,2.0,0.0,4.0,3.0,1,2,9,11,False,"[4, 1, 2]",synthetic,True,2,True
2026-03-04T16:36:57.565543+00:00,SYN009,syn_SYN009_1,synth_dev_0,5,16.0,2585.294380183666,69.92629856478251,0.0,0.0,0.0,0.0,1.0,1.0,8.848620849609375,2.0,0.0,5.0,4.0,0,1,9,27,False,"[2, 5, 4, 1]",synthetic,True,2,True
2026-03-04T16:37:10.498410+00:00,SYN009,syn_SYN009_1,synth_dev_0,6,16.0,3694.275504293777,263.0863905466266,1.0,0.0,0.0,0.0,1.0,1.0,12.932866943359375,1.0,0.0,6.0,5.0,1,1,9,41,False,"[6, 4, 1]",synthetic,True,2,True
2026-03-04T16:37:24.132593+00:00,SYN009,syn_SYN009_1,synth_dev_0,7,16.0,14990.0,81.31395750291856,2.0,0.0,0.0,1.0,1.0,1.0,13.63418310546875,1.0,1.0,0.0,6.0,2,2,9,9,True,"[4, 1]",synthetic,True,2,True
2026-03-04T16:37:33.778140+00:00,SYN009,syn_SYN009_1,synth_dev_0,9,37.0,4486.593277613206,133.6791569442294,0.0,0.0,0.0,0.0,1.0,1.0,604800.0,1.0,0.0,1.0,0.0,0,1,23,22,False,"[5, 3, 2]",synthetic,True,2,True
2026-03-04T16:37:44.649782+00:00,SYN009,syn_SYN009_1,synth_dev_0,10,37.0,4643.418290834501,112.81406785797923,1.0,0.0,0.0,0.0,1.0,1.0,10.871641845703126,1.0,1.0,0.0,1.0,2,1,23,23,True,"[3, 1, 5, 2]",synthetic,True,2,True
2026-03-04T16:37:58.313765+00:00,SYN009,syn_SYN009_1,synth_dev_0,11,12.0,7790.035449771543,105.98136679563635,0.0,0.0,0.0,0.0,1.0,1.0,604800.0,1.0,0.0,1.0,0.0,0,2,45,47,False,"[4, 2, 3, 6, 1]",synthetic,True,2,True
2026-03-04T16:38:01.401774+00:00,SYN009,syn_SYN009_1,synth_dev_0,12,12.0,884.5482072474225,43.13944643237698,1.0,0.0,0.0,0.0,1.0,1.0,3.0880087890625,2.0,0.0,2.0,1.0,1,1,45,7,False,"[3, 1, 2]",synthetic,True,2,True
2026-03-04T16:38:09.978287+00:00,SYN009,syn_SYN009_1,synth_dev_0,13,12.0,472.6929438946937,81.92494533646752,2.0,0.0,0.0,1.0,1.0,1.0,8.576512939453124,1.0,0.0,3.0,2.0,1,2,45,41,False,"[6, 4, 1]",synthetic,True,2,True
2026-03-04T16:38:13.699898+00:00,SYN009,syn_SYN009_1,synth_dev_0,14,12.0,5118.94480750737,96.52860866515879,3.0,0.0,0.0,2.0,1.0,1.0,3.721611083984375,2.0,0.0,4.0,3.0,1,2,45,44,False,"[6, 3, 4]",synthetic,True,2,True
2026-03-04T16:38:24.333011+00:00,SYN009,syn_SYN009_1,synth_dev_0,15,12.0,14990.0,65.95085979102475,0.0,0.0,0.0,0.0,1.0,1.0,10.633113037109375,2.0,0.0,5.0,4.0,0,2,45,61,False,"[6, 1, 4, 3, 5]",synthetic,True,2,True
2026-03-04T16:38:35.376683+00:00,SYN009,syn_SYN009_1,synth_dev_0,16,12.0,699.6393684531672,95.89371848684456,1.0,0.0,0.0,0.0,1.0,1.0,11.043672119140625,2.0,0.0,6.0,5.0,1,1,45,61,False,"[5, 3, 4, 1, 6]",synthetic,True,2,True
2026-03-04T16:38:38.473645+00:00,SYN009,syn_SYN009_1,synth_dev_0,17,12.0,1190.353699859481,35.88214966773613,2.0,0.0,0.0,1.0,1.0,1.0,3.0969619140625,1.0,0.0,7.0,6.0,1,2,45,41,False,"[6, 4, 1]",synthetic,True,2,True
2026-03-04T16:38:48.334197+00:00,SYN009,syn_SYN009_1,synth_dev_0,18,12.0,11459.605059727772,95.77448314370115,3.0,0.0,0.0,2.0,1.0,1.0,9.860552001953126,2.0,0.0,8.0,7.0,1,2,45,41,False,"[4, 6, 1]",synthetic,True,2,True
2026-03-04T16:38:59.684919+00:00,SYN009,syn_SYN009_1,synth_dev_0,19,12.0,14990.0,53.61955045713764,0.0,0.0,0.0,0.0,1.0,1.0,11.35072216796875,2.0,0.0,9.0,8.0,0,2,45,61,False,"[6, 5, 3, 4, 1]",synthetic,True,2,True
2026-03-06T00:49:09.569159+00:00,SYN009,syn_SYN009_2,synth_dev_0,0,7.0,5701.145864739376,69.16820963324983,0.0,0.0,0.0,0.0,2.0,1.0,604800.0,1.0,0.0,1.0,0.0,0,1,17,21,False,"[1, 3, 5]",synthetic,True,2,True
2026-03-06T00:49:13.025372+00:00,SYN009,syn_SYN009_2,synth_dev_0,1,7.0,2044.8529191304654,69.72624744913017,1.0,0.0,0.0,0.0,2.0,1.0,3.456213134765625,1.0,0.0,2.0,1.0,1,1,17,7,False,"[1, 2, 3]",synthetic,True,2,True
2026-03-06T00:49:25.278115+00:00,SYN009,syn_SYN009_2,synth_dev_0,2,7.0,4912.801737041324,111.84497232460461,2.0,0.0,0.0,1.0,2.0,1.0,12.252742919921875,1.0,0.0,3.0,2.0,1,2,17,16,False,[5],synthetic,True,2,True
2026-03-06T00:49:34.664787+00:00,SYN009,syn_SYN009_2,synth_dev_0,3,7.0,323.7162576269381,169.0327380165319,3.0,0.0,0.0,2.0,2.0,1.0,9.386672119140625,2.0,0.0,4.0,3.0,1,2,17,19,False,"[5, 1, 2]",synthetic,True,2,True
2026-03-06T00:49:46.816496+00:00,SYN009,syn_SYN009_2,synth_dev_0,4,7.0,8961.909101850777,67.76010828340965,0.0,0.0,0.0,0.0,2.0,1.0,12.151708740234374,2.0,1.0,0.0,4.0,2,2,17,17,True,"[5, 1]",synthetic,True,2,True
2026-03-06T00:49:55.436632+00:00,SYN009,syn_SYN009_2,synth_dev_0,5,22.0,9356.621964655846,52.06604629891376,0.0,0.0,0.0,0.0,2.0,1.0,604800.0,1.0,0.0,1.0,0.0,0,2,58,59,False,"[6, 2, 4, 5, 1]",synthetic,True,2,True
2026-03-06T00:50:00.059439+00:00,SYN009,syn_SYN009_2,synth_dev_0,6,22.0,14990.0,71.80135592519717,1.0,0.0,0.0,0.0,2.0,1.0,4.62280712890625,2.0,0.0,2.0,1.0,1,2,58,26,False,"[2, 5, 4]",synthetic,True,2,True
2026-03-06T00:50:13.033034+00:00,SYN009,syn_SYN009_2,synth_dev_0,7,22.0,1741.9437078029173,83.10588116388399,2.0,0.0,0.0,1.0,2.0,1.0,12.97359521484375,2.0,0.0,3.0,2.0,1,2,58,62,False,"[5, 2, 3, 4, 6]",synthetic,True,2,True
2026-03-06T00:50:26.891454+00:00,SYN009,syn_SYN009_2,synth_dev_0,8,22.0,1754.901807352036,54.073107491259734,3.0,0.0,0.0,2.0,2.0,1.0,13.858419921875,2.0,0.0,4.0,3.0,1,2,58,59,False,"[2, 1, 6, 5, 4]",synthetic,True,2,True
2026-03-06T00:50:40.701113+00:00,SYN009,syn_SYN009_2,synth_dev_0,9,22.0,10636.896908933728,78.18619266730374,0.0,0.0,0.0,0.0,2.0,1.0,13.809658935546874,2.0,0.0,5.0,4.0,0,2,58,50,False,"[5, 2, 6]",synthetic,True,2,True
2026-03-06T00:50:51.620675+00:00,SYN009,syn_SYN009_2,synth_dev_0,10,22.0,5451.690184839915,66.19600374291667,1.0,0.0,0.0,0.0,2.0,1.0,10.91956201171875,2.0,1.0,0.0,5.0,2,1,58,58,True,"[5, 6, 4, 2]",synthetic,True,2,True
2026-03-06T00:50:56.499524+00:00,SYN009,syn_SYN009_2,synth_dev_0,11,18.0,6813.860351164472,103.2502631054182,0.0,0.0,0.0,0.0,2.0,1.0,604800.0,1.0,0.0,1.0,0.0,0,2,26,27,False,"[4, 5, 2, 1]",synthetic,True,2,True
2026-03-06T00:51:08.923505+00:00,SYN009,syn_SYN009_2,synth_dev_0,12,18.0,728.2156025556527,199.7120058651167,1.0,0.0,0.0,0.0,2.0,1.0,12.42398095703125,2.0,0.0,2.0,1.0,1,1,26,30,False,"[4, 2, 5, 3]",synthetic,True,2,True
2026-03-06T00:51:14.646452+00:00,SYN009,syn_SYN009_2,synth_dev_0,13,18.0,1416.5631839051682,102.95929495578852,2.0,0.0,0.0,1.0,2.0,1.0,5.72294677734375,1.0,0.0,3.0,2.0,1,2,26,18,False,"[2, 5]",synthetic,True,2,True
2026-03-06T00:51:27.786424+00:00,SYN009,syn_SYN009_2,synth_dev_0,14,18.0,1408.7639286683325,82.47231640624405,3.0,0.0,0.0,2.0,2.0,1.0,13.139971923828124,2.0,0.0,4.0,3.0,1,2,26,58,False,"[4, 2, 6, 5]",synthetic,True,2,True
2026-03-06T00:51:32.378901+00:00,SYN009,syn_SYN009_2,synth_dev_0,15,18.0,5978.635410435289,108.93024314678502,0.0,0.0,0.0,0.0,2.0,1.0,4.592477294921875,2.0,0.0,5.0,4.0,0,1,26,22,False,"[3, 2, 5]",synthetic,True,2,True
2026-03-06T00:51:40.799476+00:00,SYN009,syn_SYN009_2,synth_dev_0,16,18.0,2003.7153938756055,83.68724805656387,1.0,0.0,0.0,0.0,2.0,1.0,8.42057470703125,1.0,0.0,6.0,5.0,1,1,26,18,False,"[5, 2]",synthetic,True,2,True
2026-03-06T00:51:49.617494+00:00,SYN009,syn_SYN009_2,synth_dev_0,17,18.0,2001.0014304373685,82.1939608079657,2.0,0.0,0.0,1.0,2.0,1.0,8.818018310546876,1.0,1.0,0.0,6.0,2,2,26,26,True,"[4, 5, 2]",synthetic,True,2,True
2026-03-06T00:52:00.887089+00:00,SYN009,syn_SYN009_2,synth_dev_0,18,33.0,14990.0,81.92563609303471,0.0,0.0,0.0,0.0,2.0,1.0,604800.0,1.0,0.0,1.0,0.0,0,2,3,35,False,"[6, 2, 1]",synthetic,True,2,True
2026-03-06T00:52:11.190884+00:00,SYN009,syn_SYN009_2,synth_dev_0,19,33.0,4892.193505232512,65.12931271696735,1.0,0.0,0.0,0.0,2.0,1.0,10.303794921875,2.0,0.0,2.0,1.0,1,1,3,35,False,"[2, 1, 6]",synthetic,True,2,True
2026-03-06T03:22:20.684059+00:00,SYN009,syn_SYN009_3,synth_dev_0,0,45.0,2371.6403142284234,91.34528870383413,0.0,0.0,0.0,0.0,3.0,1.0,604800.0,1.0,0.0,1.0,0.0,0,1,34,60,False,"[3, 5, 6, 4]",synthetic,True,2,True
2026-03-06T03:22:32.854612+00:00,SYN009,syn_SYN009_3,synth_dev_0,1,45.0,4387.60396224217,98.87183405740632,1.0,0.0,0.0,0.0,3.0,1.0,12.17055322265625,1.0,0.0,2.0,1.0,1,1,34,42,False,"[2, 4, 6]",synthetic,True,2,True
2026-03-06T03:22:41.255725+00:00,SYN009,syn_SYN009_3,synth_dev_0,2,45.0,1365.5943908446088,150.06851249182995,2.0,0.0,0.0,1.0,3.0,1.0,8.40111279296875,1.0,1.0,0.0,2.0,2,2,34,34,True,"[6, 2]",synthetic,True,2,True
2026-03-06T03:22:50.595101+00:00,SYN009,syn_SYN009_3,synth_dev_0,3,5.0,7957.924134855039,70.54086743902069,0.0,0.0,0.0,0.0,3.0,1.0,604800.0,1.0,0.0,1.0,0.0,0,2,51,55,False,"[1, 6, 2, 5, 3]",synthetic,True,2,True
2026-03-06T03:22:54.908610+00:00,SYN009,syn_SYN009_3,synth_dev_0,4,5.0,711.3682662887427,116.08206187657626,1.0,0.0,0.0,0.0,3.0,1.0,4.313509033203125,2.0,0.0,2.0,1.0,1,1,51,49,False,"[1, 5, 6]",synthetic,True,2,True
2026-03-06T03:23:03.124269+00:00,SYN009,syn_SYN009_3,synth_dev_0,5,5.0,7782.539126936666,40.17424023360267,2.0,0.0,0.0,1.0,3.0,1.0,8.215658935546875,1.0,0.0,3.0,2.0,1,2,51,49,False,"[5, 1, 6]",synthetic,True,2,True
2026-03-06T03:23:08.235035+00:00,SYN009,syn_SYN009_3,synth_dev_0,6,5.0,6826.641967072026,55.57924935416962,3.0,0.0,0.0,2.0,3.0,1.0,5.110765869140625,2.0,0.0,4.0,3.0,1,2,51,19,False,"[1, 5, 2]",synthetic,True,2,True
2026-03-06T03:23:19.049041+00:00,SYN009,syn_SYN009_3,synth_dev_0,7,5.0,14990.0,83.74961638903163,0.0,0.0,0.0,0.0,3.0,1.0,10.814006103515625,2.0,0.0,5.0,4.0,0,2,51,55,False,"[6, 2, 1, 5, 3]",synthetic,True,2,True
2026-03-06T03:23:42.334761+00:00,SYN009,syn_SYN009_3,synth_dev_0,9,47.0,6777.075823877276,131.6010807016748,0.0,0.0,0.0,0.0,3.0,1.0,604800.0,1.0,0.0,1.0,0.0,0,2,48,56,False,"[6, 5, 4]",synthetic,True,2,True
2026-03-06T03:23:53.055336+00:00,SYN009,syn_SYN009_3,synth_dev_0,10,47.0,2039.7081691857788,106.55814041617136,1.0,0.0,0.0,0.0,3.0,1.0,10.720574951171875,2.0,1.0,0.0,1.0,2,1,48,48,True,"[5, 6]",synthetic,True,2,True
2026-03-06T03:23:57.890051+00:00,SYN009,syn_SYN009_3,synth_dev_0,11,24.0,2274.059895666509,33.47741461039402,0.0,0.0,0.0,0.0,3.0,1.0,604800.0,1.0,0.0,1.0,0.0,0,1,63,62,False,"[5, 6, 3, 2, 4]",synthetic,True,2,True
2026-03-06T03:24:01.576228+00:00,SYN009,syn_SYN009_3,synth_dev_0,12,24.0,1135.775780014939,92.65805939119805,1.0,0.0,0.0,0.0,3.0,1.0,3.686177001953125,1.0,1.0,0.0,1.0,2,1,63,63,True,"[6, 4, 1, 2, 5, 3]",synthetic,True,2,True
2026-03-06T03:24:04.647236+00:00,SYN009,syn_SYN009_3,synth_dev_0,13,33.0,14268.36428709605,45.35884208938107,0.0,0.0,0.0,0.0,3.0,1.0,9113.456352050782,1.0,0.0,3.0,2.0,0,2,3,7,False,"[3, 1, 2]",synthetic,True,2,True
2026-03-06T03:24:25.959513+00:00,SYN009,syn_SYN009_3,synth_dev_0,15,33.0,451.791649439769,73.06540917090507,2.0,0.0,0.0,1.0,3.0,1.0,13.99352197265625,1.0,1.0,0.0,4.0,2,2,3,3,True,"[2, 1]",synthetic,True,2,True
2026-03-06T03:24:38.195364+00:00,SYN009,syn_SYN009_3,synth_dev_0,16,13.0,14990.0,91.82618146194129,0.0,0.0,0.0,0.0,3.0,1.0,604800.0,1.0,0.0,1.0,0.0,0,2,27,25,False,"[5, 1, 4]",synthetic,True,2,True
2026-03-06T03:24:44.834558+00:00,SYN009,syn_SYN009_3,synth_dev_0,17,13.0,3904.033725591178,73.41949863188157,1.0,0.0,0.0,0.0,3.0,1.0,6.639194091796875,2.0,0.0,2.0,1.0,1,1,27,25,False,"[5, 1, 4]",synthetic,True,2,True
2026-03-06T03:24:50.482515+00:00,SYN009,syn_SYN009_3,synth_dev_0,18,13.0,1359.334611043839,113.61184277879057,2.0,0.0,0.0,1.0,3.0,1.0,5.64795703125,1.0,0.0,3.0,2.0,1,2,27,9,False,"[1, 4]",synthetic,True,2,True
2026-03-06T03:25:01.834621+00:00,SYN009,syn_SYN009_3,synth_dev_0,19,13.0,3968.683667288784,35.96866617276319,3.0,0.0,0.0,2.0,3.0,1.0,11.352105712890625,2.0,1.0,0.0,3.0,2,2,27,27,True,"[5, 4, 2, 1]",synthetic,True,2,True
2026-03-08T06:58:09.240404+00:00,SYN009,syn_SYN009_4,synth_dev_0,0,40.0,3226.4683408174606,72.75397041530162,0.0,0.0,0.0,0.0,4.0,1.0,604800.0,1.0,0.0,1.0,0.0,0,1,47,39,False,"[3, 2, 1, 6]",synthetic,True,2,True
2026-03-08T06:58:18.612624+00:00,SYN009,syn_SYN009_4,synth_dev_0,1,40.0,3942.3342840979667,35.47423036862063,1.0,0.0,0.0,0.0,4.0,1.0,9.37222021484375,1.0,1.0,0.0,1.0,2,1,47,47,True,"[4, 1, 6, 3, 2]",synthetic,True,2,True
2026-03-08T06:58:22.304551+00:00,SYN009,syn_SYN009_4,synth_dev_0,2,29.0,1386.6784353469413,69.83092540726943,0.0,0.0,0.0,0.0,4.0,1.0,604800.0,1.0,1.0,0.0,0.0,2,0,46,46,True,"[4, 2, 6, 3]",synthetic,True,2,True
2026-03-08T06:58:29.408593+00:00,SYN009,syn_SYN009_4,synth_dev_0,3,35.0,1148.2512404461722,104.77411607707354,0.0,0.0,0.0,0.0,4.0,1.0,604800.0,1.0,0.0,1.0,0.0,0,1,13,12,False,"[3, 4]",synthetic,True,2,True
2026-03-08T06:58:35.237660+00:00,SYN009,syn_SYN009_4,synth_dev_0,4,35.0,5029.054571355214,91.57322097225736,1.0,0.0,0.0,0.0,4.0,1.0,5.82906689453125,1.0,1.0,0.0,1.0,2,1,13,13,True,"[4, 1, 3]",synthetic,True,2,True
2026-03-08T06:58:41.987146+00:00,SYN009,syn_SYN009_4,synth_dev_0,5,34.0,14990.0,67.99354916590293,0.0,0.0,0.0,0.0,4.0,1.0,604800.0,1.0,0.0,1.0,0.0,0,2,39,4,False,[3],synthetic,True,2,True
2026-03-08T06:58:45.676655+00:00,SYN009,syn_SYN009_4,synth_dev_0,6,34.0,1849.4940647594294,66.51969328958974,1.0,0.0,0.0,0.0,4.0,1.0,3.689509033203125,2.0,0.0,2.0,1.0,1,1,39,7,False,"[3, 2, 1]",synthetic,True,2,True
2026-03-08T06:58:53.721270+00:00,SYN009,syn_SYN009_4,synth_dev_0,7,34.0,8100.582119223158,93.49251267762266,2.0,0.0,0.0,1.0,4.0,1.0,8.044614990234376,1.0,0.0,3.0,2.0,1,2,39,7,False,"[2, 1, 3]",synthetic,True,2,True
2026-03-08T06:59:03.384510+00:00,SYN009,syn_SYN009_4,synth_dev_0,8,34.0,670.9051852822972,94.2351747203412,3.0,0.0,0.0,2.0,4.0,1.0,9.663239990234375,2.0,0.0,4.0,3.0,1,2,39,7,False,"[2, 1, 3]",synthetic,True,2,True
2026-03-08T06:59:07.143080+00:00,SYN009,syn_SYN009_4,synth_dev_0,9,34.0,1258.2260788837289,105.71805590545455,0.0,0.0,0.0,0.0,4.0,1.0,3.758570068359375,2.0,0.0,5.0,4.0,0,1,39,7,False,"[2, 3, 1]",synthetic,True,2,True
2026-03-08T06:59:17.790607+00:00,SYN009,syn_SYN009_4,synth_dev_0,10,34.0,1050.5480974777,91.75388709563164,1.0,0.0,0.0,0.0,4.0,1.0,10.64752685546875,1.0,0.0,6.0,5.0,1,1,39,47,False,"[1, 6, 2, 4, 3]",synthetic,True,2,True
2026-03-08T06:59:29.540781+00:00,SYN009,syn_SYN009_4,synth_dev_0,11,34.0,3538.474351067175,87.91422440270844,2.0,0.0,0.0,1.0,4.0,1.0,11.750174072265626,1.0,0.0,7.0,6.0,1,2,39,55,False,"[3, 6, 5, 2, 1]",synthetic,True,2,True
2026-03-08T06:59:42.308323+00:00,SYN009,syn_SYN009_4,synth_dev_0,12,34.0,684.8622820421133,60.700239418228094,3.0,0.0,0.0,2.0,4.0,1.0,12.7675419921875,2.0,0.0,8.0,7.0,1,2,39,62,False,"[4, 3, 6, 5, 2]",synthetic,True,2,True
2026-03-08T06:59:53.641278+00:00,SYN009,syn_SYN009_4,synth_dev_0,13,34.0,10956.439742283694,77.4619114637268,0.0,0.0,0.0,0.0,4.0,1.0,11.332955078125,2.0,0.0,9.0,8.0,0,2,39,47,False,"[4, 1, 3, 2, 6]",synthetic,True,2,True
2026-03-08T06:59:58.135767+00:00,SYN009,syn_SYN009_4,synth_dev_0,14,34.0,344.0688261540123,51.906233836011644,1.0,0.0,0.0,0.0,4.0,1.0,4.494489013671875,2.0,0.0,10.0,9.0,1,1,39,37,False,"[1, 3, 6]",synthetic,True,2,True
2026-03-08T07:00:08.174650+00:00,SYN009,syn_SYN009_4,synth_dev_0,15,34.0,2418.4465704715603,93.71548088064202,2.0,0.0,0.0,1.0,4.0,1.0,10.0388828125,1.0,1.0,0.0,10.0,2,2,39,39,True,"[3, 1, 6, 2]",synthetic,True,2,True
2026-03-08T07:00:15.405490+00:00,SYN009,syn_SYN009_4,synth_dev_0,16,3.0,1919.0274208738506,59.077041393149315,0.0,0.0,0.0,0.0,4.0,1.0,604800.0,1.0,1.0,0.0,0.0,2,0,20,20,True,"[5, 3]",synthetic,True,2,True
2026-03-08T07:00:24.900545+00:00,SYN009,syn_SYN009_4,synth_dev_0,17,25.0,12019.920901783757,97.84446188992959,0.0,0.0,0.0,0.0,4.0,1.0,604800.0,1.0,0.0,1.0,0.0,0,2,60,62,False,"[4, 3, 5, 2, 6]",synthetic,True,2,True
2026-03-08T07:00:28.848816+00:00,SYN009,syn_SYN009_4,synth_dev_0,18,25.0,2622.2228028397876,70.24325548958245,1.0,0.0,0.0,0.0,4.0,1.0,3.94827099609375,2.0,0.0,2.0,1.0,1,1,60,61,False,"[4, 1, 6, 3, 5]",synthetic,True,2,True
2026-03-08T07:00:37.970530+00:00,SYN009,syn_SYN009_4,synth_dev_0,19,25.0,1183.2094751032141,35.03375854313542,2.0,0.0,0.0,1.0,4.0,1.0,9.121714111328124,1.0,1.0,0.0,2.0,2,2,60,60,True,"[6, 3, 4, 5]",synthetic,True,2,True
2026-03-13T14:07:50.000491+00:00,SYN009,syn_SYN009_5,synth_dev_0,0,31.0,2795.4740769790196,69.748070758351,0.0,0.0,0.0,0.0,5.0,1.0,604800.0,1.0,0.0,1.0,0.0,0,1,15,47,False,"[2, 4, 1, 6, 3]",synthetic,True,2,True
2026-03-13T14:07:55.666733+00:00,SYN009,syn_SYN009_5,synth_dev_0,1,31.0,4259.0984061064855,48.1657429678259,1.0,0.0,0.0,0.0,5.0,1.0,5.666241943359375,1.0,0.0,2.0,1.0,1,1,15,30,False,"[4, 5, 2, 3]",synthetic,True,2,True
2026-03-13T14:08:17.692572+00:00,SYN009,syn_SYN009_5,synth_dev_0,3,31.0,3742.375174799623,78.4744247622895,3.0,0.0,0.0,2.0,5.0,1.0,10.104064208984376,2.0,0.0,4.0,3.0,1,2,15,47,False,"[4, 2, 1, 6, 3]",synthetic,True,2,True
2026-03-13T14:08:23.733227+00:00,SYN009,syn_SYN009_5,synth_dev_0,4,31.0,2839.973053966757,75.10491748422024,0.0,0.0,0.0,0.0,5.0,1.0,6.040655029296875,2.0,0.0,5.0,4.0,0,1,15,7,False,"[3, 1, 2]",synthetic,True,2,True
2026-03-13T14:08:29.726795+00:00,SYN009,syn_SYN009_5,synth_dev_0,5,31.0,4980.409177788399,76.2186050333057,1.0,0.0,0.0,0.0,5.0,1.0,5.99356787109375,1.0,0.0,6.0,5.0,1,1,15,13,False,"[4, 3, 1]",synthetic,True,2,True
2026-03-13T14:08:34.957185+00:00,SYN009,syn_SYN009_5,synth_dev_0,6,31.0,5741.82251695182,80.54918677600422,2.0,0.0,0.0,1.0,5.0,1.0,5.23039013671875,1.0,1.0,0.0,6.0,2,2,15,15,True,"[2, 4, 1, 3]",synthetic,True,2,True
2026-03-13T14:08:44.638535+00:00,SYN009,syn_SYN009_5,synth_dev_0,7,39.0,6290.413778973543,171.77803153530223,0.0,0.0,0.0,0.0,5.0,1.0,604800.0,1.0,0.0,1.0,0.0,0,2,41,20,False,"[3, 5]",synthetic,True,2,True
2026-03-13T14:08:55.690138+00:00,SYN009,syn_SYN009_5,synth_dev_0,8,39.0,571.8844647719288,53.31015552835889,1.0,0.0,0.0,0.0,5.0,1.0,11.051603271484375,2.0,0.0,2.0,1.0,1,1,41,43,False,"[2, 6, 4, 1]",synthetic,True,2,True
2026-03-13T14:09:09.405193+00:00,SYN009,syn_SYN009_5,synth_dev_0,9,39.0,3055.195878203299,88.04525777216547,2.0,0.0,0.0,1.0,5.0,1.0,13.715054931640625,1.0,0.0,3.0,2.0,1,2,41,33,False,"[6, 1]",synthetic,True,2,True
2026-03-13T14:09:22.281925+00:00,SYN009,syn_SYN009_5,synth_dev_0,10,39.0,1749.2305657584425,91.54077672102399,3.0,0.0,0.0,2.0,5.0,1.0,12.87673193359375,2.0,1.0,0.0,3.0,2,2,41,41,True,"[1, 4, 6]",synthetic,True,2,True
2026-03-13T14:09:25.376188+00:00,SYN009,syn_SYN009_5,synth_dev_0,11,26.0,4472.217913843915,47.22618243898645,0.0,0.0,0.0,0.0,5.0,1.0,604800.0,1.0,1.0,0.0,0.0,2,1,30,30,True,"[3, 4, 2, 5]",synthetic,True,2,True
2026-03-13T14:09:37.583270+00:00,SYN009,syn_SYN009_5,synth_dev_0,12,41.0,14490.56232828322,51.022325017313264,0.0,0.0,0.0,0.0,5.0,1.0,604800.0,1.0,0.0,1.0,0.0,0,2,14,30,False,"[4, 2, 3, 5]",synthetic,True,2,True
2026-03-13T14:09:47.342769+00:00,SYN009,syn_SYN009_5,synth_dev_0,13,41.0,2593.691824776579,99.83402685693626,1.0,0.0,0.0,0.0,5.0,1.0,9.759498779296875,2.0,0.0,2.0,1.0,1,1,14,46,False,"[4, 6, 3, 2]",synthetic,True,2,True
2026-03-13T14:09:55.790619+00:00,SYN009,syn_SYN009_5,synth_dev_0,14,41.0,2328.6095354349864,88.1781176150548,2.0,0.0,0.0,1.0,5.0,1.0,8.44785009765625,1.0,1.0,0.0,2.0,2,2,14,14,True,"[4, 2, 3]",synthetic,True,2,True
2026-03-13T14:10:04.583719+00:00,SYN009,syn_SYN009_5,synth_dev_0,15,9.0,4077.2038750439897,44.30423872876112,0.0,0.0,0.0,0.0,5.0,1.0,604800.0,1.0,0.0,1.0,0.0,0,1,21,53,False,"[5, 6, 3, 1]",synthetic,True,2,True
2026-03-13T14:10:15.003794+00:00,SYN009,syn_SYN009_5,synth_dev_0,16,9.0,10537.05821875497,106.33348901498805,1.0,0.0,0.0,0.0,5.0,1.0,10.420074951171875,1.0,0.0,2.0,1.0,1,2,21,53,False,"[5, 3, 6, 1]",synthetic,True,2,True
2026-03-13T14:10:18.634370+00:00,SYN009,syn_SYN009_5,synth_dev_0,17,9.0,353.0262634213784,58.285782678164615,2.0,0.0,0.0,1.0,5.0,1.0,3.630576171875,2.0,0.0,3.0,2.0,1,2,21,53,False,"[3, 6, 5, 1]",synthetic,True,2,True
2026-03-13T14:10:32.121818+00:00,SYN009,syn_SYN009_5,synth_dev_0,18,9.0,4638.170320668369,161.83682513768818,3.0,0.0,0.0,2.0,5.0,1.0,13.487447998046875,2.0,0.0,4.0,3.0,1,2,21,17,False,"[5, 1]",synthetic,True,2,True
2026-03-13T14:10:36.584633+00:00,SYN009,syn_SYN009_5,synth_dev_0,19,9.0,1704.7911574247303,38.95042411372504,0.0,0.0,0.0,0.0,5.0,1.0,4.46281494140625,2.0,0.0,5.0,4.0,0,1,21,5,False,"[3, 1]",synthetic,True,2,True
2026-03-18T18:45:45.309145+00:00,SYN009,syn_SYN009_6,synth_dev_0,0,3.0,6813.651560137734,80.59452887790675,0.0,1.0,0.25,0.0,6.0,1.0,906329.9036550293,0.0,0.0,1.0,0.0,0,2,20,21,False,"[5, 1, 3]",synthetic,True,2,True
2026-03-18T18:45:49.144902+00:00,SYN009,syn_SYN009_6,synth_dev_0,1,3.0,4578.698883291057,77.26580734066236,1.0,0.5,0.1625,0.0,6.0,1.0,3.835757080078125,2.0,1.0,0.0,1.0,2,1,20,20,True,"[5, 3]",synthetic,True,2,True
2026-03-18T18:45:58.428110+00:00,SYN009,syn_SYN009_6,synth_dev_0,2,32.0,1821.6249379696242,177.5546325116152,0.0,0.0,0.0,0.0,6.0,1.0,604800.0,1.0,0.0,1.0,0.0,0,1,22,18,False,"[5, 2]",synthetic,True,2,True
2026-03-18T18:46:08.195463+00:00,SYN009,syn_SYN009_6,synth_dev_0,3,32.0,10921.633341216777,139.1998953097223,1.0,0.0,0.0,0.0,6.0,1.0,9.76735302734375,1.0,0.0,2.0,1.0,1,2,22,45,False,"[3, 4, 6, 1]",synthetic,True,2,True
2026-03-18T18:46:19.293271+00:00,SYN009,syn_SYN009_6,synth_dev_0,4,32.0,5557.11492818499,93.67620563650563,2.0,0.0,0.0,1.0,6.0,1.0,11.09780810546875,2.0,0.0,3.0,2.0,1,2,22,23,False,"[5, 1, 3, 2]",synthetic,True,2,True
2026-03-18T18:46:32.922235+00:00,SYN009,syn_SYN009_6,synth_dev_0,5,32.0,13500.885902133163,110.25277853501436,3.0,0.0,0.0,2.0,6.0,1.0,13.628964111328125,2.0,0.0,4.0,3.0,1,2,22,4,False,[3],synthetic,True,2,True
2026-03-18T18:46:41.041879+00:00,SYN009,syn_SYN009_6,synth_dev_0,6,32.0,2371.036831939243,139.36935472311305,0.0,0.0,0.0,0.0,6.0,1.0,8.119643798828125,2.0,0.0,5.0,4.0,0,1,22,6,False,"[2, 3]",synthetic,True,2,True
2026-03-18T18:46:50.787453+00:00,SYN009,syn_SYN009_6,synth_dev_0,7,32.0,3916.1391565138038,59.61114249808738,1.0,0.0,0.0,0.0,6.0,1.0,9.745573974609375,1.0,0.0,6.0,5.0,1,1,22,18,False,"[5, 2]",synthetic,True,2,True
2026-03-18T18:47:01.886055+00:00,SYN009,syn_SYN009_6,synth_dev_0,8,32.0,2694.9068085977588,179.1829709953371,2.0,0.0,0.0,1.0,6.0,1.0,11.09860205078125,1.0,0.0,7.0,6.0,1,2,22,18,False,"[2, 5]",synthetic,True,2,True
2026-03-18T18:47:10.052962+00:00,SYN009,syn_SYN009_6,synth_dev_0,9,32.0,3364.4113616562354,162.33492733965986,3.0,0.0,0.0,2.0,6.0,1.0,8.1669072265625,2.0,1.0,0.0,7.0,2,2,22,22,True,"[2, 5, 3]",synthetic,True,2,True
2026-03-18T18:47:23.499083+00:00,SYN009,syn_SYN009_6,synth_dev_0,10,15.0,14990.0,82.33949128122478,0.0,0.0,0.0,0.0,6.0,1.0,604800.0,1.0,0.0,1.0,0.0,0,2,44,30,False,"[4, 5, 2, 3]",synthetic,True,2,True
2026-03-18T18:47:36.336886+00:00,SYN009,syn_SYN009_6,synth_dev_0,11,15.0,1445.530683241131,89.30786331284925,1.0,0.0,0.0,0.0,6.0,1.0,12.837802978515626,2.0,0.0,2.0,1.0,1,1,44,36,False,"[6, 3]",synthetic,True,2,True
2026-03-18T18:47:43.413029+00:00,SYN009,syn_SYN009_6,synth_dev_0,12,15.0,1009.7453563645046,49.50613272638546,2.0,0.0,0.0,1.0,6.0,1.0,7.07614306640625,1.0,0.0,3.0,2.0,1,2,44,12,False,"[3, 4]",synthetic,True,2,True
2026-03-18T18:47:48.598310+00:00,SYN009,syn_SYN009_6,synth_dev_0,13,15.0,1754.004974436703,89.35100478792641,3.0,0.0,0.0,2.0,6.0,1.0,5.185281005859375,2.0,0.0,4.0,3.0,1,2,44,46,False,"[6, 2, 3, 4]",synthetic,True,2,True
2026-03-18T18:48:00.815581+00:00,SYN009,syn_SYN009_6,synth_dev_0,14,15.0,1927.6157647292314,110.04301311991615,0.0,0.0,0.0,0.0,6.0,1.0,12.21727099609375,2.0,0.0,5.0,4.0,0,1,44,12,False,"[3, 4]",synthetic,True,2,True
2026-03-18T18:48:09.197887+00:00,SYN009,syn_SYN009_6,synth_dev_0,15,15.0,3200.2713196436594,43.36979394393387,1.0,0.0,0.0,0.0,6.0,1.0,8.382305908203126,1.0,0.0,6.0,5.0,1,1,44,22,False,"[5, 2, 3]",synthetic,True,2,True
2026-03-18T18:48:14.064897+00:00,SYN009,syn_SYN009_6,synth_dev_0,16,15.0,3234.9207883833906,127.36864992077692,2.0,0.0,0.0,1.0,6.0,1.0,4.867010009765625,1.0,0.0,7.0,6.0,1,2,44,12,False,"[3, 4]",synthetic,True,2,True
2026-03-18T18:48:18.902031+00:00,SYN009,syn_SYN009_6,synth_dev_0,17,15.0,457.16735297513156,110.38064586819311,3.0,0.0,0.0,2.0,6.0,1.0,4.837134033203125,2.0,0.0,8.0,7.0,1,2,44,12,False,"[4, 3]",synthetic,True,2,True
2026-03-18T18:48:32.016372+00:00,SYN009,syn_SYN009_6,synth_dev_0,18,15.0,13715.995776798589,49.500610484903184,0.0,0.0,0.0,0.0,6.0,1.0,13.114341064453125,2.0,0.0,9.0,8.0,0,2,44,46,False,"[2, 6, 3, 4]",synthetic,True,2,True
2026-03-18T18:48:42.536626+00:00,SYN009,syn_SYN009_6,synth_dev_0,19,15.0,12890.056670516056,86.41744942073434,1.0,0.0,0.0,0.0,6.0,1.0,10.520254150390626,2.0,0.0,10.0,9.0,1,2,44,27,False,"[1, 5, 4, 2]",synthetic,True,2,True
2026-03-03T14:59:12.817391+00:00,SYN010,syn_SYN010_1,synth_dev_1,0,23.0,14990.0,124.53993623864153,0.0,0.0,0.0,0.0,1.0,1.0,604800.0,1.0,0.0,1.0,0.0,0,2,43,47,False,"[6, 3, 4, 1, 2]",synthetic,True,2,True
2026-03-03T14:59:17.778934+00:00,SYN010,syn_SYN010_1,synth_dev_1,1,23.0,4702.394985574541,67.27300939678325,1.0,0.0,0.0,0.0,1.0,1.0,4.961543212890625,2.0,1.0,0.0,1.0,2,1,43,43,True,"[6, 1, 2, 4]",synthetic,True,2,True
2026-03-03T14:59:28.771359+00:00,SYN010,syn_SYN010_1,synth_dev_1,2,17.0,557.223949344547,76.73761910096971,0.0,0.0,0.0,0.0,1.0,1.0,604800.0,1.0,1.0,0.0,0.0,2,0,33,33,True,"[1, 6]",synthetic,True,2,True
2026-03-03T14:59:36.901099+00:00,SYN010,syn_SYN010_1,synth_dev_1,3,31.0,402.91217541608376,107.17697144045634,0.0,0.0,0.0,0.0,1.0,1.0,604800.0,1.0,0.0,1.0,0.0,0,1,15,7,False,"[1, 2, 3]",synthetic,True,2,True
2026-03-03T14:59:44.545016+00:00,SYN010,syn_SYN010_1,synth_dev_1,4,31.0,757.3394754256956,119.44251228085184,1.0,0.0,0.0,0.0,1.0,1.0,7.643917236328125,1.0,1.0,0.0,1.0,2,1,15,15,True,"[3, 4, 2, 1]",synthetic,True,2,True
2026-03-03T14:59:58.015818+00:00,SYN010,syn_SYN010_1,synth_dev_1,5,29.0,1787.046976959855,134.15905855798783,0.0,0.0,0.0,0.0,1.0,1.0,604800.0,1.0,1.0,0.0,0.0,2,0,46,46,True,"[3, 6, 2, 4]",synthetic,True,2,True
2026-03-03T15:00:11.592051+00:00,SYN010,syn_SYN010_1,synth_dev_1,6,12.0,3797.562151254012,123.19633989436477,0.0,0.0,0.0,0.0,1.0,1.0,604800.0,1.0,0.0,1.0,0.0,0,1,45,25,False,"[1, 4, 5]",synthetic,True,2,True
2026-03-03T15:00:24.809315+00:00,SYN010,syn_SYN010_1,synth_dev_1,7,12.0,14990.0,76.80206727073885,1.0,0.0,0.0,0.0,1.0,1.0,13.217263916015625,1.0,0.0,2.0,1.0,1,2,45,41,False,"[1, 6, 4]",synthetic,True,2,True
2026-03-03T15:00:37.098191+00:00,SYN010,syn_SYN010_1,synth_dev_1,8,12.0,1675.8064065739813,102.04288872961442,2.0,0.0,0.0,1.0,1.0,1.0,12.2888759765625,2.0,1.0,0.0,2.0,2,2,45,45,True,"[1, 4, 6, 3]",synthetic,True,2,True
2026-03-03T15:00:48.768913+00:00,SYN010,syn_SYN010_1,synth_dev_1,9,46.0,6498.284278077509,54.59452145438207,0.0,0.0,0.0,0.0,1.0,1.0,604800.0,1.0,1.0,0.0,0.0,2,2,30,30,True,"[3, 4, 5, 2]",synthetic,True,2,True
2026-03-03T15:00:52.085349+00:00,SYN010,syn_SYN010_1,synth_dev_1,10,36.0,7576.172536758523,85.0202794729733,0.0,0.0,0.0,0.0,1.0,1.0,604800.0,1.0,0.0,1.0,0.0,0,2,61,29,False,"[1, 4, 3, 5]",synthetic,True,2,True
2026-03-03T15:01:01.402143+00:00,SYN010,syn_SYN010_1,synth_dev_1,11,36.0,629.6559571138147,79.78390953225396,1.0,0.0,0.0,0.0,1.0,1.0,9.3167939453125,2.0,0.0,2.0,1.0,1,1,61,63,False,"[3, 2, 5, 6, 4, 1]",synthetic,True,2,True
2026-03-03T15:01:06.307026+00:00,SYN010,syn_SYN010_1,synth_dev_1,12,36.0,414.94511129060106,66.5127307035491,2.0,0.0,0.0,1.0,1.0,1.0,4.9048828125,1.0,0.0,3.0,2.0,1,2,61,63,False,"[4, 6, 2, 1, 3, 5]",synthetic,True,2,True
2026-03-03T15:01:20.094599+00:00,SYN010,syn_SYN010_1,synth_dev_1,13,36.0,10370.20553123664,56.43668781229304,3.0,0.0,0.0,2.0,1.0,1.0,13.7875732421875,2.0,0.0,4.0,3.0,1,2,61,63,False,"[2, 5, 1, 6, 4, 3]",synthetic,True,2,True
2026-03-03T15:01:33.796845+00:00,SYN010,syn_SYN010_1,synth_dev_1,14,36.0,3141.47316693726,43.45307323989973,0.0,0.0,0.0,0.0,1.0,1.0,13.702245849609374,2.0,1.0,0.0,4.0,2,1,61,61,True,"[5, 1, 6, 4, 3]",synthetic,True,2,True
2026-03-03T15:01:49.569611+00:00,SYN010,syn_SYN010_1,synth_dev_1,16,7.0,1352.404392635623,190.37051448961662,1.0,0.0,0.0,0.0,1.0,1.0,9.032449951171875,1.0,0.0,2.0,1.0,1,1,17,1,False,[1],synthetic,True,2,True
2026-03-03T15:01:52.570193+00:00,SYN010,syn_SYN010_1,synth_dev_1,17,7.0,4100.500240543208,110.60201656006942,2.0,0.0,0.0,1.0,1.0,1.0,3.00058203125,1.0,1.0,0.0,2.0,2,2,17,17,True,"[1, 5]",synthetic,True,2,True
2026-03-03T15:02:01.406703+00:00,SYN010,syn_SYN010_1,synth_dev_1,18,45.0,2024.4312324823545,70.35186059811534,0.0,0.0,0.0,0.0,1.0,1.0,604800.0,1.0,1.0,0.0,0.0,2,0,34,34,True,"[2, 6]",synthetic,True,2,True
2026-03-03T15:02:05.108923+00:00,SYN010,syn_SYN010_1,synth_dev_1,19,18.0,806.6304173269338,35.75094200002399,0.0,0.0,0.0,0.0,1.0,1.0,604800.0,1.0,0.0,1.0,0.0,0,1,26,27,False,"[4, 5, 2, 1]",synthetic,True,2,True
2026-03-03T15:02:17.710222+00:00,SYN010,syn_SYN010_1,synth_dev_1,20,18.0,3423.543414394939,132.68468113859194,1.0,0.0,0.0,0.0,1.0,1.0,12.601299072265626,1.0,1.0,0.0,1.0,2,1,26,26,True,"[5, 4, 2]",synthetic,True,2,True
2026-03-04T18:22:28.997324+00:00,SYN010,syn_SYN010_2,synth_dev_1,0,4.0,10310.755012639944,105.90357749646579,0.0,0.0,0.0,0.0,2.0,1.0,604800.0,1.0,1.0,0.0,0.0,2,2,37,37,True,"[3, 6, 1]",synthetic,True,2,True
2026-03-04T18:22:33.674306+00:00,SYN010,syn_SYN010_2,synth_dev_1,1,1.0,5732.901252216086,108.80074773540913,0.0,0.0,0.0,0.0,2.0,1.0,604800.0,1.0,1.0,0.0,0.0,2,1,28,28,True,"[3, 4, 5]",synthetic,True,2,True
2026-03-04T18:22:40.464635+00:00,SYN010,syn_SYN010_2,synth_dev_1,2,24.0,3786.1209234787084,160.37898198214248,0.0,0.0,0.0,0.0,2.0,1.0,604800.0,1.0,1.0,0.0,0.0,2,1,63,63,True,"[4, 6, 2, 1, 5, 3]",synthetic,True,2,True
2026-03-04T18:22:54.245140+00:00,SYN010,syn_SYN010_2,synth_dev_1,3,49.0,2556.880541953362,91.79212049213504,0.0,0.0,0.0,0.0,2.0,1.0,604800.0,1.0,1.0,0.0,0.0,2,1,4,4,True,[3],synthetic,True,2,True
2026-03-04T18:23:03.332517+00:00,SYN010,syn_SYN010_2,synth_dev_1,4,17.0,14990.0,87.6235069879752,0.0,1.0,0.25,0.0,2.0,1.0,98614.56115795899,0.0,2.0,0.0,0.0,2,2,33,33,True,"[6, 1]",synthetic,True,2,True
2026-03-04T18:23:12.252716+00:00,SYN010,syn_SYN010_2,synth_dev_1,5,15.0,14990.0,70.79261437053263,0.0,0.0,0.0,0.0,2.0,1.0,604800.0,1.0,0.0,1.0,0.0,0,2,44,46,False,"[3, 6, 4, 2]",synthetic,True,2,True
2026-03-04T18:23:22.927260+00:00,SYN010,syn_SYN010_2,synth_dev_1,7,15.0,5922.9584548815,46.891176329634725,2.0,0.0,0.0,1.0,2.0,1.0,7.1964970703125,1.0,0.0,3.0,2.0,1,2,44,60,False,"[3, 5, 6, 4]",synthetic,True,2,True
2026-03-04T18:23:26.072446+00:00,SYN010,syn_SYN010_2,synth_dev_1,8,15.0,642.3407437293955,46.830320949393645,3.0,0.0,0.0,2.0,2.0,1.0,3.14518603515625,2.0,1.0,0.0,3.0,2,2,44,44,True,"[3, 6, 4]",synthetic,True,2,True
2026-03-04T18:23:29.490616+00:00,SYN010,syn_SYN010_2,synth_dev_1,9,34.0,3092.5823935730104,113.96946016860207,0.0,0.0,0.0,0.0,2.0,1.0,604800.0,1.0,0.0,1.0,0.0,0,1,39,47,False,"[2, 6, 3, 1, 4]",synthetic,True,2,True
2026-03-04T18:23:38.635429+00:00,SYN010,syn_SYN010_2,synth_dev_1,10,34.0,1359.5379392698069,82.39939910152536,1.0,0.0,0.0,0.0,2.0,1.0,9.14481298828125,1.0,0.0,2.0,1.0,1,1,39,7,False,"[3, 1, 2]",synthetic,True,2,True
2026-03-04T18:23:41.688649+00:00,SYN010,syn_SYN010_2,synth_dev_1,11,34.0,2599.7892251925605,72.90879059408363,2.0,0.0,0.0,1.0,2.0,1.0,3.053219970703125,1.0,1.0,0.0,2.0,2,2,39,39,True,"[6, 2, 3, 1]",synthetic,True,2,True
2026-03-04T18:23:45.579809+00:00,SYN010,syn_SYN010_2,synth_dev_1,12,30.0,3015.5805837312855,105.38243753446345,0.0,0.0,0.0,0.0,2.0,1.0,604800.0,1.0,0.0,1.0,0.0,0,1,29,28,False,"[5, 3, 4]",synthetic,True,2,True
2026-03-04T18:23:56.826416+00:00,SYN010,syn_SYN010_2,synth_dev_1,13,30.0,3497.632309845909,98.24965310084426,1.0,0.0,0.0,0.0,2.0,1.0,11.246607177734376,1.0,0.0,2.0,1.0,1,1,29,30,False,"[3, 4, 2, 5]",synthetic,True,2,True
2026-03-04T18:24:01.897187+00:00,SYN010,syn_SYN010_2,synth_dev_1,14,30.0,414.0836836871012,81.34265332679345,2.0,0.0,0.0,1.0,2.0,1.0,5.07077099609375,1.0,0.0,3.0,2.0,1,2,29,31,False,"[1, 4, 3, 2, 5]",synthetic,True,2,True
2026-03-04T18:24:12.468432+00:00,SYN010,syn_SYN010_2,synth_dev_1,15,30.0,508.12736149015177,91.71840327717983,3.0,0.0,0.0,2.0,2.0,1.0,10.571244873046876,2.0,0.0,4.0,3.0,1,2,29,60,False,"[3, 6, 4, 5]",synthetic,True,2,True
2026-03-04T18:24:18.531035+00:00,SYN010,syn_SYN010_2,synth_dev_1,16,30.0,898.3684339979197,147.99446879542091,0.0,0.0,0.0,0.0,2.0,1.0,6.06260302734375,2.0,1.0,0.0,4.0,2,0,29,29,True,"[3, 1, 4, 5]",synthetic,True,2,True
2026-03-04T18:24:31.445145+00:00,SYN010,syn_SYN010_2,synth_dev_1,17,23.0,446.38465647422413,34.15696812179647,0.0,0.5,0.25,0.0,2.0,1.0,98713.66621069337,1.0,0.0,1.0,1.0,0,1,43,41,False,"[6, 4, 1]",synthetic,True,2,True
2026-03-04T18:24:43.910835+00:00,SYN010,syn_SYN010_2,synth_dev_1,18,23.0,1675.436559503295,63.61542564792723,1.0,0.3333333333333333,0.1625,0.0,2.0,1.0,12.465690185546874,1.0,1.0,0.0,2.0,2,1,43,43,True,"[6, 4, 2, 1]",synthetic,True,2,True
2026-03-04T18:24:54.419426+00:00,SYN010,syn_SYN010_2,synth_dev_1,19,29.0,2251.717322114233,50.16802938816866,0.0,1.0,0.25,0.0,2.0,1.0,98696.40360791015,0.0,0.0,1.0,0.0,0,1,46,14,False,"[4, 3, 2]",synthetic,True,2,True
2026-03-04T18:25:02.252687+00:00,SYN010,syn_SYN010_2,synth_dev_1,20,29.0,2256.2092656459286,128.74230899589506,1.0,0.5,0.1625,0.0,2.0,1.0,7.833260986328125,1.0,1.0,0.0,1.0,2,1,46,46,True,"[2, 4, 3, 6]",synthetic,True,2,True
2026-03-07T03:09:09.074116+00:00,SYN010,syn_SYN010_3,synth_dev_1,0,31.0,8505.731414298729,58.48107593792436,0.0,0.5,0.25,0.0,3.0,1.0,302964.52909985353,1.0,0.0,1.0,1.0,0,2,15,31,False,"[5, 4, 2, 3, 1]",synthetic,True,2,True
2026-03-07T03:09:15.337292+00:00,SYN010,syn_SYN010_3,synth_dev_1,1,31.0,550.347472522415,54.013640406212595,1.0,0.3333333333333333,0.1625,0.0,3.0,1.0,6.263176025390625,2.0,0.0,2.0,2.0,1,1,15,47,False,"[3, 4, 1, 6, 2]",synthetic,True,2,True
2026-03-07T03:09:19.368113+00:00,SYN010,syn_SYN010_3,synth_dev_1,2,31.0,821.8938329452575,182.2056613451891,2.0,0.25,0.10562500000000001,1.0,3.0,1.0,4.030821044921875,1.0,1.0,0.0,3.0,2,2,15,15,True,"[1, 2, 3, 4]",synthetic,True,2,True
2026-03-07T03:09:23.428720+00:00,SYN010,syn_SYN010_3,synth_dev_1,3,35.0,5863.592612136592,74.15633753616623,0.0,0.0,0.0,0.0,3.0,1.0,604800.0,1.0,0.0,1.0,0.0,0,1,13,15,False,"[4, 2, 3, 1]",synthetic,True,2,True
2026-03-07T03:09:32.945348+00:00,SYN010,syn_SYN010_3,synth_dev_1,4,35.0,2670.549776356776,39.90492776632085,1.0,0.0,0.0,0.0,3.0,1.0,9.516628173828124,1.0,1.0,0.0,1.0,2,1,13,13,True,"[4, 1, 3]",synthetic,True,2,True
2026-03-07T03:09:46.018257+00:00,SYN010,syn_SYN010_3,synth_dev_1,5,36.0,3263.268908397828,43.82470587670477,0.0,0.2,0.25,0.0,3.0,1.0,302892.22141186526,1.0,2.0,0.0,4.0,2,1,61,61,True,"[6, 4, 3, 5, 1]",synthetic,True,2,True
2026-03-07T03:09:55.352232+00:00,SYN010,syn_SYN010_3,synth_dev_1,6,34.0,6538.454662706304,75.90644370373023,0.0,0.3333333333333333,0.25,0.0,3.0,1.0,204373.66358300782,2.0,0.0,1.0,2.0,0,2,39,55,False,"[3, 5, 2, 6, 1]",synthetic,True,2,True
2026-03-07T03:09:58.958651+00:00,SYN010,syn_SYN010_3,synth_dev_1,7,34.0,7840.355353025887,85.12451851440953,1.0,0.25,0.1625,0.0,3.0,1.0,3.606419189453125,2.0,0.0,2.0,3.0,1,2,39,38,False,"[2, 3, 6]",synthetic,True,2,True
2026-03-07T03:10:11.264883+00:00,SYN010,syn_SYN010_3,synth_dev_1,8,34.0,5734.467064160717,97.95681387119674,2.0,0.2,0.10562500000000001,1.0,3.0,1.0,12.30623193359375,2.0,0.0,3.0,4.0,1,2,39,35,False,"[1, 6, 2]",synthetic,True,2,True
2026-03-07T03:10:21.358300+00:00,SYN010,syn_SYN010_3,synth_dev_1,9,34.0,1809.965256331389,64.11905791289242,3.0,0.16666666666666666,0.06865625,2.0,3.0,1.0,10.0934169921875,2.0,0.0,4.0,5.0,1,2,39,38,False,"[2, 3, 6]",synthetic,True,2,True
2026-03-07T03:10:34.856583+00:00,SYN010,syn_SYN010_3,synth_dev_1,10,34.0,1236.2574381765844,83.13957637540696,0.0,0.14285714285714285,0.0446265625,0.0,3.0,1.0,13.498282958984374,2.0,1.0,0.0,6.0,2,0,39,39,True,"[3, 6, 1, 2]",synthetic,True,2,True
2026-03-07T03:10:45.887566+00:00,SYN010,syn_SYN010_3,synth_dev_1,11,21.0,1343.7914028613723,106.38159413055953,0.0,0.0,0.0,0.0,3.0,1.0,604800.0,1.0,0.0,1.0,0.0,0,1,62,20,False,"[5, 3]",synthetic,True,2,True
2026-03-07T03:10:51.479250+00:00,SYN010,syn_SYN010_3,synth_dev_1,12,21.0,802.4327111651719,50.7818662506133,1.0,0.0,0.0,0.0,3.0,1.0,5.591683837890625,1.0,0.0,2.0,1.0,1,1,62,54,False,"[2, 3, 5, 6]",synthetic,True,2,True
2026-03-07T03:11:03.562431+00:00,SYN010,syn_SYN010_3,synth_dev_1,13,21.0,1692.540755415158,86.48859406542107,2.0,0.0,0.0,1.0,3.0,1.0,12.08318115234375,1.0,0.0,3.0,2.0,1,2,62,33,False,"[6, 1]",synthetic,True,2,True
2026-03-07T03:11:07.354732+00:00,SYN010,syn_SYN010_3,synth_dev_1,14,21.0,6669.929863999634,81.70221566696331,3.0,0.0,0.0,2.0,3.0,1.0,3.79230078125,2.0,1.0,0.0,3.0,2,2,62,62,True,"[4, 6, 3, 2, 5]",synthetic,True,2,True
2026-03-07T03:11:16.669163+00:00,SYN010,syn_SYN010_3,synth_dev_1,15,29.0,3265.457747959484,57.26912235382251,0.0,0.6666666666666666,0.371875,0.0,3.0,1.0,204374.41647607423,1.0,0.0,1.0,1.0,0,1,46,14,False,"[3, 2, 4]",synthetic,True,2,True
2026-03-07T03:11:22.896387+00:00,SYN010,syn_SYN010_3,synth_dev_1,16,29.0,1854.58594168285,142.7287287301645,1.0,0.5,0.24171875,0.0,3.0,1.0,6.22722412109375,1.0,1.0,0.0,2.0,2,1,46,46,True,"[4, 3, 6, 2]",synthetic,True,2,True
2026-03-07T03:11:31.791785+00:00,SYN010,syn_SYN010_3,synth_dev_1,17,9.0,1037.555595386054,117.8390089178822,0.0,0.0,0.0,0.0,3.0,1.0,604800.0,1.0,1.0,0.0,0.0,2,0,21,21,True,"[1, 5, 3]",synthetic,True,2,True
2026-03-07T03:11:36.492329+00:00,SYN010,syn_SYN010_3,synth_dev_1,18,20.0,1033.9678391139228,35.7177033027907,0.0,0.0,0.0,0.0,3.0,1.0,604800.0,1.0,0.0,1.0,0.0,0,1,18,2,False,[2],synthetic,True,2,True
2026-03-07T03:11:44.016210+00:00,SYN010,syn_SYN010_3,synth_dev_1,19,20.0,3299.074438202704,45.26627155425119,1.0,0.0,0.0,0.0,3.0,1.0,7.523881103515625,1.0,0.0,2.0,1.0,1,1,18,16,False,[5],synthetic,True,2,True
2026-03-07T03:11:57.173794+00:00,SYN010,syn_SYN010_3,synth_dev_1,20,20.0,5387.728936064806,29.406498911730154,2.0,0.0,0.0,1.0,3.0,1.0,13.157583984375,1.0,0.0,3.0,2.0,1,2,18,2,False,[2],synthetic,True,2,True
2026-03-10T07:59:09.996560+00:00,SYN010,syn_SYN010_4,synth_dev_1,0,8.0,861.4753871938386,85.92637645117631,0.0,0.0,0.0,0.0,4.0,1.0,604800.0,1.0,0.0,1.0,0.0,0,1,12,4,False,[3],synthetic,True,2,True
2026-03-10T07:59:17.929297+00:00,SYN010,syn_SYN010_4,synth_dev_1,1,8.0,3648.316033623154,57.19707384882819,1.0,0.0,0.0,0.0,4.0,1.0,7.93273681640625,1.0,0.0,2.0,1.0,1,1,12,13,False,"[4, 1, 3]",synthetic,True,2,True
2026-03-10T07:59:28.033848+00:00,SYN010,syn_SYN010_4,synth_dev_1,2,8.0,3356.2283424057327,60.04229643424084,2.0,0.0,0.0,1.0,4.0,1.0,10.10455126953125,1.0,1.0,0.0,2.0,2,2,12,12,True,"[3, 4]",synthetic,True,2,True
2026-03-10T07:59:36.998572+00:00,SYN010,syn_SYN010_4,synth_dev_1,3,15.0,7479.624872587013,91.34441417785023,0.0,0.25,0.25,0.0,4.0,1.0,480970.92612597655,2.0,0.0,1.0,3.0,0,2,44,36,False,"[6, 3]",synthetic,True,2,True
2026-03-10T07:59:43.084185+00:00,SYN010,syn_SYN010_4,synth_dev_1,4,15.0,1589.2022068155984,89.37032333153246,1.0,0.2,0.1625,0.0,4.0,1.0,6.08561279296875,2.0,1.0,0.0,4.0,2,1,44,44,True,"[3, 6, 4]",synthetic,True,2,True
2026-03-10T07:59:54.778409+00:00,SYN010,syn_SYN010_4,synth_dev_1,6,43.0,2967.099081272014,118.00839057017222,1.0,0.0,0.0,0.0,4.0,1.0,8.35306494140625,2.0,0.0,2.0,1.0,1,1,59,48,False,"[6, 5]",synthetic,True,2,True
2026-03-10T07:59:59.146125+00:00,SYN010,syn_SYN010_4,synth_dev_1,7,43.0,1600.1535577513391,125.53945716496722,2.0,0.0,0.0,1.0,4.0,1.0,4.367716064453125,1.0,0.0,3.0,2.0,1,2,59,3,False,"[1, 2]",synthetic,True,2,True
2026-03-10T08:00:12.367013+00:00,SYN010,syn_SYN010_4,synth_dev_1,8,43.0,699.6327868196705,94.79472810780065,3.0,0.0,0.0,2.0,4.0,1.0,13.220887939453124,2.0,1.0,0.0,3.0,2,2,59,59,True,"[2, 6, 4, 5, 1]",synthetic,True,2,True
2026-03-10T08:00:22.147186+00:00,SYN010,syn_SYN010_4,synth_dev_1,9,17.0,4170.586471790581,72.52759660663123,0.0,1.0,0.4375,0.0,4.0,1.0,481038.81466918945,2.0,3.0,0.0,0.0,2,1,33,33,True,"[6, 1]",synthetic,True,2,True
2026-03-10T08:00:34.864998+00:00,SYN010,syn_SYN010_4,synth_dev_1,10,26.0,3080.9528842569134,34.26816191468462,0.0,0.0,0.0,0.0,4.0,1.0,604800.0,1.0,0.0,1.0,0.0,0,1,30,31,False,"[1, 4, 5, 3, 2]",synthetic,True,2,True
2026-03-10T08:00:49.057224+00:00,SYN010,syn_SYN010_4,synth_dev_1,12,1.0,3506.8565336001784,85.24749415714598,0.0,1.0,0.25,0.0,4.0,1.0,481095.3829182129,1.0,2.0,0.0,0.0,2,1,28,28,True,"[5, 3, 4]",synthetic,True,2,True
2026-03-10T08:00:57.620410+00:00,SYN010,syn_SYN010_4,synth_dev_1,13,24.0,982.3934885809226,99.21482416704937,0.0,1.0,0.25,0.0,4.0,1.0,481097.1557749023,1.0,0.0,1.0,0.0,0,1,63,30,False,"[3, 2, 5, 4]",synthetic,True,2,True
2026-03-10T08:01:02.691791+00:00,SYN010,syn_SYN010_4,synth_dev_1,14,24.0,1638.73308833537,124.5152279363777,1.0,0.5,0.1625,0.0,4.0,1.0,5.071381103515625,1.0,0.0,2.0,1.0,1,1,63,46,False,"[3, 6, 2, 4]",synthetic,True,2,True
2026-03-10T08:01:06.650649+00:00,SYN010,syn_SYN010_4,synth_dev_1,15,24.0,1397.4003434665537,89.11492306067571,2.0,0.3333333333333333,0.10562500000000001,1.0,4.0,1.0,3.958858154296875,1.0,1.0,0.0,2.0,2,2,63,63,True,"[4, 5, 1, 3, 2, 6]",synthetic,True,2,True
2026-03-10T08:01:18.330474+00:00,SYN010,syn_SYN010_4,synth_dev_1,16,11.0,934.634560432767,77.83648878829612,0.0,0.0,0.0,0.0,4.0,1.0,604800.0,1.0,1.0,0.0,0.0,2,0,5,5,True,"[3, 1]",synthetic,True,2,True
2026-03-10T08:01:24.365276+00:00,SYN010,syn_SYN010_4,synth_dev_1,17,31.0,1364.2901432974302,51.03217969337987,0.0,0.4,0.32921875,0.0,4.0,1.0,276724.99716308597,2.0,0.0,1.0,3.0,0,1,15,47,False,"[6, 3, 2, 1, 4]",synthetic,True,2,True
2026-03-10T08:01:28.127793+00:00,SYN010,syn_SYN010_4,synth_dev_1,18,31.0,453.11694353483006,52.515379315794924,1.0,0.3333333333333333,0.21399218750000001,0.0,4.0,1.0,3.762516845703125,1.0,0.0,2.0,4.0,1,1,15,31,False,"[5, 2, 4, 1, 3]",synthetic,True,2,True
2026-03-10T08:01:32.868172+00:00,SYN010,syn_SYN010_4,synth_dev_1,19,31.0,1205.0054552481713,70.89961081656081,2.0,0.2857142857142857,0.139094921875,1.0,4.0,1.0,4.74037890625,1.0,1.0,0.0,5.0,2,2,15,15,True,"[3, 1, 2, 4]",synthetic,True,2,True
2026-03-10T08:01:39.281492+00:00,SYN010,syn_SYN010_4,synth_dev_1,20,6.0,851.9161961085243,119.05258192578614,0.0,0.0,0.0,0.0,4.0,1.0,604800.0,1.0,0.0,1.0,0.0,0,1,23,7,False,"[3, 2, 1]",synthetic,True,2,True
2026-03-11T15:33:44.636287+00:00,SYN010,syn_SYN010_5,synth_dev_1,0,48.0,2339.099070106003,62.72604003681596,0.0,0.0,0.0,0.0,5.0,1.0,604800.0,1.0,0.0,1.0,0.0,0,1,32,33,False,"[6, 1]",synthetic,True,2,True
2026-03-11T15:33:48.527327+00:00,SYN010,syn_SYN010_5,synth_dev_1,1,48.0,120.0,48.31359516011075,1.0,0.0,0.0,0.0,5.0,1.0,3.891040283203125,1.0,0.0,2.0,1.0,1,1,32,36,False,"[6, 3]",synthetic,True,2,True
2026-03-11T15:33:52.457699+00:00,SYN010,syn_SYN010_5,synth_dev_1,2,48.0,1155.3342903550604,93.28593245988908,2.0,0.0,0.0,1.0,5.0,1.0,3.930371826171875,1.0,0.0,3.0,2.0,1,2,32,40,False,"[4, 6]",synthetic,True,2,True
2026-03-11T15:34:01.667790+00:00,SYN010,syn_SYN010_5,synth_dev_1,3,48.0,1361.7662615933825,67.97699372561107,3.0,0.0,0.0,2.0,5.0,1.0,9.210091064453126,2.0,0.0,4.0,3.0,1,2,32,33,False,"[6, 1]",synthetic,True,2,True
2026-03-11T15:34:11.293977+00:00,SYN010,syn_SYN010_5,synth_dev_1,4,48.0,6515.001951562765,117.12415162764944,0.0,0.0,0.0,0.0,5.0,1.0,9.62618701171875,2.0,1.0,0.0,4.0,2,2,32,32,True,[6],synthetic,True,2,True
2026-03-11T15:34:22.018893+00:00,SYN010,syn_SYN010_5,synth_dev_1,5,30.0,832.0225589094913,61.46512198504751,0.0,0.2,0.25,0.0,5.0,1.0,594603.4878581543,0.0,0.0,1.0,4.0,0,1,29,61,False,"[1, 5, 6, 3, 4]",synthetic,True,2,True
2026-03-11T15:34:29.499368+00:00,SYN010,syn_SYN010_5,synth_dev_1,6,30.0,334.67874557209467,87.19992181789176,1.0,0.16666666666666666,0.1625,0.0,5.0,1.0,7.480474853515625,1.0,0.0,2.0,5.0,1,1,29,17,False,"[1, 5]",synthetic,True,2,True
2026-03-11T15:34:37.734680+00:00,SYN010,syn_SYN010_5,synth_dev_1,7,30.0,1517.1266846614828,40.246356838933515,2.0,0.14285714285714285,0.10562500000000001,1.0,5.0,1.0,8.23531201171875,1.0,1.0,0.0,6.0,2,2,29,29,True,"[3, 1, 5, 4]",synthetic,True,2,True
2026-03-11T15:34:45.468990+00:00,SYN010,syn_SYN010_5,synth_dev_1,8,45.0,1482.2125132065817,101.56789427945935,0.0,1.0,0.25,0.0,5.0,1.0,693164.0622871093,0.0,0.0,1.0,0.0,0,1,34,32,False,[6],synthetic,True,2,True
2026-03-11T15:34:49.527291+00:00,SYN010,syn_SYN010_5,synth_dev_1,9,45.0,4746.000580441509,86.38136819396836,1.0,0.5,0.1625,0.0,5.0,1.0,4.058301025390625,1.0,1.0,0.0,1.0,2,1,34,34,True,"[2, 6]",synthetic,True,2,True
2026-03-11T15:35:01.592145+00:00,SYN010,syn_SYN010_5,synth_dev_1,10,33.0,1068.701906394953,99.52752405729215,0.0,0.0,0.0,0.0,5.0,1.0,604800.0,1.0,0.0,1.0,0.0,0,1,3,2,False,[2],synthetic,True,2,True
2026-03-11T15:35:14.293971+00:00,SYN010,syn_SYN010_5,synth_dev_1,11,33.0,1532.4918770343368,118.60965590040732,1.0,0.0,0.0,0.0,5.0,1.0,12.701825927734374,1.0,1.0,0.0,1.0,2,1,3,3,True,"[2, 1]",synthetic,True,2,True
2026-03-11T15:35:18.727893+00:00,SYN010,syn_SYN010_5,synth_dev_1,12,35.0,2277.7690824362726,89.17894552911609,0.0,0.5,0.25,0.0,5.0,1.0,390345.78254492185,1.0,0.0,1.0,1.0,0,1,13,5,False,"[3, 1]",synthetic,True,2,True
2026-03-11T15:35:32.251486+00:00,SYN010,syn_SYN010_5,synth_dev_1,13,35.0,4731.170787033746,38.97703832627828,1.0,0.3333333333333333,0.1625,0.0,5.0,1.0,13.523593017578126,1.0,0.0,2.0,2.0,1,1,13,9,False,"[4, 1]",synthetic,True,2,True
2026-03-11T15:35:41.055524+00:00,SYN010,syn_SYN010_5,synth_dev_1,14,35.0,514.1231103803456,85.93039824003327,2.0,0.25,0.10562500000000001,1.0,5.0,1.0,8.8040380859375,1.0,1.0,0.0,3.0,2,2,13,13,True,"[1, 3, 4]",synthetic,True,2,True
2026-03-11T15:35:53.331337+00:00,SYN010,syn_SYN010_5,synth_dev_1,15,32.0,348.4645395443599,72.86771533623534,0.0,0.0,0.0,0.0,5.0,1.0,604800.0,1.0,0.0,1.0,0.0,0,1,22,23,False,"[1, 3, 5, 2]",synthetic,True,2,True
2026-03-11T15:35:57.508566+00:00,SYN010,syn_SYN010_5,synth_dev_1,16,32.0,826.667503293173,100.37622723265622,1.0,0.0,0.0,0.0,5.0,1.0,4.17722900390625,1.0,0.0,2.0,1.0,1,1,22,23,False,"[3, 2, 5, 1]",synthetic,True,2,True
2026-03-11T15:36:02.918653+00:00,SYN010,syn_SYN010_5,synth_dev_1,17,32.0,1117.0868422001186,76.80827193064603,2.0,0.0,0.0,1.0,5.0,1.0,5.410087158203125,1.0,0.0,3.0,2.0,1,2,22,21,False,"[5, 3, 1]",synthetic,True,2,True
2026-03-11T15:36:07.566387+00:00,SYN010,syn_SYN010_5,synth_dev_1,18,32.0,839.4903013924659,106.33785791270962,3.0,0.0,0.0,2.0,5.0,1.0,4.64773388671875,2.0,1.0,0.0,3.0,2,2,22,22,True,"[2, 3, 5]",synthetic,True,2,True
2026-03-11T15:36:12.422230+00:00,SYN010,syn_SYN010_5,synth_dev_1,19,33.0,749.7758390217368,43.88895190730345,0.0,0.5,0.25,0.0,5.0,1.0,58.12825903320312,1.0,2.0,0.0,1.0,2,0,3,3,True,"[1, 2]",synthetic,True,2,True
2026-03-11T15:36:25.745911+00:00,SYN010,syn_SYN010_5,synth_dev_1,20,14.0,14990.0,73.98422577981775,0.0,0.0,0.0,0.0,5.0,1.0,604800.0,1.0,0.0,1.0,0.0,0,2,35,3,False,"[1, 2]",synthetic,True,2,True
2026-03-18T21:37:36.509583+00:00,SYN010,syn_SYN010_6,synth_dev_1,0,38.0,3558.4728024785754,114.42523314638422,0.0,0.0,0.0,0.0,6.0,1.0,604800.0,1.0,1.0,0.0,0.0,2,1,7,7,True,"[1, 2, 3]",synthetic,True,2,True
2026-03-18T21:37:50.068019+00:00,SYN010,syn_SYN010_6,synth_dev_1,1,31.0,2490.0659574207266,148.05458303019114,0.0,0.375,0.35432119140625,0.0,6.0,1.0,740177.1998469238,2.0,2.0,0.0,5.0,2,0,15,15,True,"[3, 4, 2, 1]",synthetic,True,2,True
2026-03-18T21:38:03.026135+00:00,SYN010,syn_SYN010_6,synth_dev_1,2,16.0,1883.7260704258429,76.87318026260343,0.0,0.0,0.0,0.0,6.0,1.0,604800.0,1.0,1.0,0.0,0.0,2,0,9,9,True,"[4, 1]",synthetic,True,2,True
2026-03-18T21:38:16.282615+00:00,SYN010,syn_SYN010_6,synth_dev_1,3,36.0,4475.313934983287,51.72828295434759,0.0,0.3333333333333333,0.4375,0.0,6.0,1.0,1016910.2643581543,1.0,3.0,0.0,4.0,2,1,61,61,True,"[6, 5, 4, 3, 1]",synthetic,True,2,True
2026-03-18T21:38:27.120243+00:00,SYN010,syn_SYN010_6,synth_dev_1,4,9.0,9132.542398013686,57.164707888519786,0.0,1.0,0.25,0.0,6.0,1.0,1016815.3284582519,0.0,2.0,0.0,0.0,2,2,21,21,True,"[1, 5, 3]",synthetic,True,2,True
2026-03-18T21:38:40.304601+00:00,SYN010,syn_SYN010_6,synth_dev_1,5,3.0,3088.3622430249834,91.18721247989917,0.0,0.0,0.0,0.0,6.0,1.0,604800.0,1.0,1.0,0.0,0.0,2,1,20,20,True,"[3, 5]",synthetic,True,2,True
2026-03-18T21:38:43.523430+00:00,SYN010,syn_SYN010_6,synth_dev_1,6,14.0,1651.8366857363794,53.89657900569212,0.0,0.0,0.0,0.0,6.0,1.0,626537.7775192871,2.0,0.0,2.0,1.0,0,1,35,9,False,"[1, 4]",synthetic,True,2,True
2026-03-18T21:38:52.960826+00:00,SYN010,syn_SYN010_6,synth_dev_1,7,14.0,3646.3526265417004,73.60375346724302,1.0,0.0,0.0,0.0,6.0,1.0,9.437395751953124,1.0,0.0,3.0,2.0,1,1,35,34,False,"[2, 6]",synthetic,True,2,True
2026-03-18T21:39:06.081883+00:00,SYN010,syn_SYN010_6,synth_dev_1,8,14.0,949.1542746747135,155.49311012338651,2.0,0.0,0.0,1.0,6.0,1.0,13.12105712890625,1.0,1.0,0.0,3.0,2,2,35,35,True,"[2, 6, 1]",synthetic,True,2,True
2026-03-18T21:39:28.816720+00:00,SYN010,syn_SYN010_6,synth_dev_1,10,39.0,2393.774248198818,69.62610718038384,1.0,0.0,0.0,0.0,6.0,1.0,13.421467041015624,1.0,1.0,0.0,1.0,2,1,41,41,True,"[1, 4, 6]",synthetic,True,2,True
2026-03-18T21:39:43.424465+00:00,SYN010,syn_SYN010_6,synth_dev_1,12,13.0,2354.798126634761,95.99491443955368,1.0,0.0,0.0,0.0,6.0,1.0,3.811677001953125,1.0,1.0,0.0,1.0,2,1,27,27,True,"[1, 5, 2, 4]",synthetic,True,2,True
2026-03-18T21:39:53.354862+00:00,SYN010,syn_SYN010_6,synth_dev_1,13,37.0,14990.0,48.398836672282165,0.0,0.0,0.0,0.0,6.0,1.0,604800.0,1.0,0.0,1.0,0.0,0,2,23,22,False,"[5, 3, 2]",synthetic,True,2,True
2026-03-18T21:40:05.135381+00:00,SYN010,syn_SYN010_6,synth_dev_1,14,37.0,5094.189003325119,77.38708152806727,1.0,0.0,0.0,0.0,6.0,1.0,11.78051904296875,2.0,0.0,2.0,1.0,1,1,23,55,False,"[1, 2, 3, 5, 6]",synthetic,True,2,True
2026-03-18T21:40:16.135470+00:00,SYN010,syn_SYN010_6,synth_dev_1,15,37.0,3102.3868632263675,68.53167851265245,2.0,0.0,0.0,1.0,6.0,1.0,11.0000888671875,1.0,1.0,0.0,2.0,2,2,23,23,True,"[2, 5, 1, 3]",synthetic,True,2,True
2026-03-18T21:40:27.857623+00:00,SYN010,syn_SYN010_6,synth_dev_1,16,36.0,4995.461603538879,63.713653576342445,0.0,0.42857142857142855,0.578125,0.0,6.0,1.0,131.57500805664063,1.0,0.0,1.0,4.0,0,1,61,60,False,"[3, 4, 5, 6]",synthetic,True,2,True
2026-03-18T21:40:39.641064+00:00,SYN010,syn_SYN010_6,synth_dev_1,17,36.0,656.4430571385884,41.32702509695968,1.0,0.375,0.37578125,0.0,6.0,1.0,11.78344091796875,1.0,0.0,2.0,5.0,1,1,61,53,False,"[3, 5, 1, 6]",synthetic,True,2,True
2026-03-18T21:40:51.016383+00:00,SYN010,syn_SYN010_6,synth_dev_1,18,36.0,4366.262601396745,70.83774846661588,2.0,0.3333333333333333,0.2442578125,1.0,6.0,1.0,11.37531884765625,1.0,0.0,3.0,6.0,1,2,61,29,False,"[1, 4, 3, 5]",synthetic,True,2,True
2026-03-18T21:41:04.996266+00:00,SYN010,syn_SYN010_6,synth_dev_1,19,36.0,2249.4359980076974,106.47934288554517,3.0,0.3,0.158767578125,2.0,6.0,1.0,13.979883056640626,2.0,1.0,0.0,7.0,2,2,61,61,True,"[4, 5, 3, 1, 6]",synthetic,True,2,True
2026-03-18T21:41:13.066477+00:00,SYN010,syn_SYN010_6,synth_dev_1,20,19.0,1993.8399086244829,150.947792839912,0.0,0.0,0.0,0.0,6.0,1.0,604800.0,1.0,0.0,1.0,0.0,0,1,53,61,False,"[3, 5, 1, 6, 4]",synthetic,True,2,True
2026-03-06T15:40:05.815731+00:00,SYN011,syn_SYN011_1,synth_dev_2,0,23.0,2392.854311817285,92.24748263949722,0.0,0.0,0.0,0.0,1.0,1.0,604800.0,1.0,0.0,1.0,0.0,0,1,43,41,False,"[1, 6, 4]",synthetic,True,2,True
2026-03-06T15:40:14.442869+00:00,SYN011,syn_SYN011_1,synth_dev_2,1,23.0,1325.004410073375,49.68100522205994,1.0,0.0,0.0,0.0,1.0,1.0,8.627137939453124,1.0,0.0,2.0,1.0,1,1,43,47,False,"[2, 6, 1, 3, 4]",synthetic,True,2,True
2026-03-06T15:40:19.067475+00:00,SYN011,syn_SYN011_1,synth_dev_2,2,23.0,4035.236355967369,93.94300905826408,2.0,0.0,0.0,1.0,1.0,1.0,4.624606201171875,1.0,0.0,3.0,2.0,1,2,43,62,False,"[6, 5, 2, 3, 4]",synthetic,True,2,True
2026-03-06T15:40:27.879565+00:00,SYN011,syn_SYN011_1,synth_dev_2,3,23.0,1606.601729529439,36.31074682957766,3.0,0.0,0.0,2.0,1.0,1.0,8.81208984375,2.0,0.0,4.0,3.0,1,2,43,42,False,"[6, 2, 4]",synthetic,True,2,True
2026-03-06T15:40:30.928496+00:00,SYN011,syn_SYN011_1,synth_dev_2,4,23.0,1046.3921739978503,62.59907285901427,0.0,0.0,0.0,0.0,1.0,1.0,3.048930908203125,2.0,0.0,5.0,4.0,0,1,43,59,False,"[2, 1, 5, 4, 6]",synthetic,True,2,True
2026-03-06T15:40:39.087008+00:00,SYN011,syn_SYN011_1,synth_dev_2,5,23.0,3137.531455915338,100.31488065040229,1.0,0.0,0.0,0.0,1.0,1.0,8.15851220703125,1.0,1.0,0.0,5.0,2,1,43,43,True,"[1, 2, 4, 6]",synthetic,True,2,True
2026-03-06T15:40:46.764858+00:00,SYN011,syn_SYN011_1,synth_dev_2,6,41.0,3125.9347279075632,33.92706205411639,0.0,0.0,0.0,0.0,1.0,1.0,604800.0,1.0,0.0,1.0,0.0,0,1,14,30,False,"[2, 4, 3, 5]",synthetic,True,2,True
2026-03-06T15:40:50.420032+00:00,SYN011,syn_SYN011_1,synth_dev_2,7,41.0,5004.288903508582,52.35979205479656,1.0,0.0,0.0,0.0,1.0,1.0,3.655174072265625,1.0,0.0,2.0,1.0,1,1,14,15,False,"[3, 4, 1, 2]",synthetic,True,2,True
2026-03-06T15:41:10.887515+00:00,SYN011,syn_SYN011_1,synth_dev_2,9,41.0,547.0710259906509,75.6725769141197,3.0,0.0,0.0,2.0,1.0,1.0,8.685178955078126,2.0,1.0,0.0,3.0,2,2,14,14,True,"[3, 2, 4]",synthetic,True,2,True
2026-03-06T15:41:18.183917+00:00,SYN011,syn_SYN011_1,synth_dev_2,10,3.0,2392.576114889025,56.2599338758228,0.0,0.0,0.0,0.0,1.0,1.0,604800.0,1.0,1.0,0.0,0.0,2,0,20,20,True,"[3, 5]",synthetic,True,2,True
2026-03-06T15:41:24.122362+00:00,SYN011,syn_SYN011_1,synth_dev_2,11,6.0,3589.8608989938566,34.031229509058996,0.0,0.0,0.0,0.0,1.0,1.0,604800.0,1.0,0.0,1.0,0.0,0,1,23,31,False,"[1, 4, 2, 3, 5]",synthetic,True,2,True
2026-03-06T15:41:31.725318+00:00,SYN011,syn_SYN011_1,synth_dev_2,12,6.0,284.5790899240985,81.59902510846294,1.0,0.0,0.0,0.0,1.0,1.0,7.6029560546875,1.0,0.0,2.0,1.0,1,1,23,22,False,"[2, 5, 3]",synthetic,True,2,True
2026-03-06T15:41:35.657250+00:00,SYN011,syn_SYN011_1,synth_dev_2,13,6.0,2393.1123479861053,41.834562455200334,2.0,0.0,0.0,1.0,1.0,1.0,3.93193212890625,1.0,0.0,3.0,2.0,1,2,23,55,False,"[5, 2, 6, 1, 3]",synthetic,True,2,True
2026-03-06T15:41:44.095923+00:00,SYN011,syn_SYN011_1,synth_dev_2,14,6.0,7847.256371052655,90.49249659035962,3.0,0.0,0.0,2.0,1.0,1.0,8.4386728515625,2.0,0.0,4.0,3.0,1,2,23,55,False,"[5, 1, 2, 6, 3]",synthetic,True,2,True
2026-03-06T15:41:48.550115+00:00,SYN011,syn_SYN011_1,synth_dev_2,15,6.0,760.6409639171221,104.98478038848504,0.0,0.0,0.0,0.0,1.0,1.0,4.454192138671875,2.0,0.0,5.0,4.0,0,1,23,19,False,"[1, 5, 2]",synthetic,True,2,True
2026-03-06T15:41:55.918859+00:00,SYN011,syn_SYN011_1,synth_dev_2,16,6.0,1761.6074435704927,43.069129829552026,1.0,0.0,0.0,0.0,1.0,1.0,7.368743896484375,1.0,0.0,6.0,5.0,1,1,23,22,False,"[5, 2, 3]",synthetic,True,2,True
2026-03-06T15:42:08.352596+00:00,SYN011,syn_SYN011_1,synth_dev_2,17,6.0,1513.6657974158745,50.58735137441099,2.0,0.0,0.0,1.0,1.0,1.0,12.433737060546875,1.0,0.0,7.0,6.0,1,2,23,22,False,"[3, 2, 5]",synthetic,True,2,True
2026-03-06T15:42:13.398284+00:00,SYN011,syn_SYN011_1,synth_dev_2,18,6.0,2642.581498962155,147.7348756271357,3.0,0.0,0.0,2.0,1.0,1.0,5.04568798828125,2.0,1.0,0.0,7.0,2,2,23,23,True,"[3, 5, 2, 1]",synthetic,True,2,True
2026-03-07T18:32:17.110552+00:00,SYN011,syn_SYN011_2,synth_dev_2,0,49.0,10508.573536772756,44.96513966061574,0.0,0.0,0.0,0.0,2.0,1.0,604800.0,1.0,0.0,1.0,0.0,0,2,4,36,False,"[3, 6]",synthetic,True,2,True
2026-03-07T18:32:30.344533+00:00,SYN011,syn_SYN011_2,synth_dev_2,1,49.0,557.4897122154794,81.05697633667556,1.0,0.0,0.0,0.0,2.0,1.0,13.23398095703125,2.0,0.0,2.0,1.0,1,1,4,6,False,"[2, 3]",synthetic,True,2,True
2026-03-07T18:32:38.335623+00:00,SYN011,syn_SYN011_2,synth_dev_2,2,49.0,2475.2011157759184,53.00493001774726,2.0,0.0,0.0,1.0,2.0,1.0,7.991090087890625,1.0,1.0,0.0,2.0,2,2,4,4,True,[3],synthetic,True,2,True
2026-03-07T18:32:50.544339+00:00,SYN011,syn_SYN011_2,synth_dev_2,3,1.0,5949.361747938924,63.642892369093595,0.0,0.0,0.0,0.0,2.0,1.0,604800.0,1.0,1.0,0.0,0.0,2,1,28,28,True,"[3, 5, 4]",synthetic,True,2,True
2026-03-07T18:32:57.829082+00:00,SYN011,syn_SYN011_2,synth_dev_2,4,17.0,2426.372016841259,58.777273473430384,0.0,0.0,0.0,0.0,2.0,1.0,604800.0,1.0,1.0,0.0,0.0,2,0,33,33,True,"[1, 6]",synthetic,True,2,True
2026-03-07T18:33:11.149385+00:00,SYN011,syn_SYN011_2,synth_dev_2,5,42.0,761.4177979916633,20.0,0.0,0.0,0.0,0.0,2.0,1.0,604800.0,1.0,0.0,1.0,0.0,0,1,19,17,False,"[1, 5]",synthetic,True,2,True
2026-03-07T18:33:15.166731+00:00,SYN011,syn_SYN011_2,synth_dev_2,6,42.0,1042.529614955643,51.26765220411476,1.0,0.0,0.0,0.0,2.0,1.0,4.01734619140625,1.0,0.0,2.0,1.0,1,1,19,3,False,"[1, 2]",synthetic,True,2,True
2026-03-07T18:33:22.743787+00:00,SYN011,syn_SYN011_2,synth_dev_2,7,42.0,462.3796405267117,44.54992790338707,2.0,0.0,0.0,1.0,2.0,1.0,7.577055908203125,1.0,1.0,0.0,2.0,2,2,19,19,True,"[5, 2, 1]",synthetic,True,2,True
2026-03-07T18:33:26.495983+00:00,SYN011,syn_SYN011_2,synth_dev_2,8,27.0,157.40351687704552,102.67240095825724,0.0,0.0,0.0,0.0,2.0,1.0,604800.0,1.0,0.0,1.0,0.0,0,1,57,56,False,"[5, 6, 4]",synthetic,True,2,True
2026-03-07T18:33:39.315860+00:00,SYN011,syn_SYN011_2,synth_dev_2,9,27.0,4236.178003076702,93.34970147793216,1.0,0.0,0.0,0.0,2.0,1.0,12.819877197265624,1.0,0.0,2.0,1.0,1,1,57,61,False,"[6, 1, 4, 5, 3]",synthetic,True,2,True
2026-03-07T18:33:48.895993+00:00,SYN011,syn_SYN011_2,synth_dev_2,10,27.0,875.9757846305292,65.99788087512538,2.0,0.0,0.0,1.0,2.0,1.0,9.5801328125,1.0,0.0,3.0,2.0,1,2,57,23,False,"[2, 1, 3, 5]",synthetic,True,2,True
2026-03-07T18:34:00.188065+00:00,SYN011,syn_SYN011_2,synth_dev_2,11,27.0,317.6822262740888,69.16589973672919,3.0,0.0,0.0,2.0,2.0,1.0,11.292072021484374,2.0,0.0,4.0,3.0,1,2,57,59,False,"[1, 4, 5, 6, 2]",synthetic,True,2,True
2026-03-07T18:34:14.142171+00:00,SYN011,syn_SYN011_2,synth_dev_2,12,27.0,3123.647538150863,50.8496688212708,0.0,0.0,0.0,0.0,2.0,1.0,13.95410595703125,2.0,1.0,0.0,4.0,2,1,57,57,True,"[6, 5, 1, 4]",synthetic,True,2,True
2026-03-07T18:34:27.967284+00:00,SYN011,syn_SYN011_2,synth_dev_2,13,39.0,3854.368257168258,63.94557872663197,0.0,0.0,0.0,0.0,2.0,1.0,604800.0,1.0,0.0,1.0,0.0,0,1,41,33,False,"[1, 6]",synthetic,True,2,True
2026-03-07T18:34:34.867417+00:00,SYN011,syn_SYN011_2,synth_dev_2,14,39.0,978.0223483912329,120.97206432151673,1.0,0.0,0.0,0.0,2.0,1.0,6.900133056640625,1.0,1.0,0.0,1.0,2,1,41,41,True,"[1, 4, 6]",synthetic,True,2,True
2026-03-07T18:34:45.345805+00:00,SYN011,syn_SYN011_2,synth_dev_2,15,45.0,4534.985887943478,73.05695945796464,0.0,0.0,0.0,0.0,2.0,1.0,604800.0,1.0,0.0,1.0,0.0,0,1,34,38,False,"[3, 6, 2]",synthetic,True,2,True
2026-03-07T18:34:52.377047+00:00,SYN011,syn_SYN011_2,synth_dev_2,16,45.0,662.019537317802,24.441732548156075,1.0,0.0,0.0,0.0,2.0,1.0,7.0312421875,1.0,1.0,0.0,1.0,2,1,34,34,True,"[2, 6]",synthetic,True,2,True
2026-03-07T18:34:56.688619+00:00,SYN011,syn_SYN011_2,synth_dev_2,17,0.0,2207.5329949789734,30.53496282617684,0.0,0.0,0.0,0.0,2.0,1.0,604800.0,1.0,0.0,1.0,0.0,0,1,1,3,False,"[1, 2]",synthetic,True,2,True
2026-03-07T18:35:07.909039+00:00,SYN011,syn_SYN011_2,synth_dev_2,18,0.0,608.2727114876662,171.61749328604782,1.0,0.0,0.0,0.0,2.0,1.0,11.220420166015625,1.0,1.0,0.0,1.0,2,1,1,1,True,[1],synthetic,True,2,True
2026-03-12T21:41:15.953413+00:00,SYN011,syn_SYN011_3,synth_dev_2,0,44.0,3273.708235325166,95.88253056321655,0.0,0.0,0.0,0.0,3.0,1.0,604800.0,1.0,0.0,1.0,0.0,0,1,55,53,False,"[5, 1, 3, 6]",synthetic,True,2,True
2026-03-12T21:41:29.656962+00:00,SYN011,syn_SYN011_3,synth_dev_2,1,44.0,1188.1149934178852,51.33290596592609,1.0,0.0,0.0,0.0,3.0,1.0,13.703548828125,1.0,1.0,0.0,1.0,2,1,55,55,True,"[3, 2, 1, 5, 6]",synthetic,True,2,True
2026-03-12T21:41:41.383325+00:00,SYN011,syn_SYN011_3,synth_dev_2,2,41.0,773.3087469134124,78.25340738795146,0.0,0.25,0.25,0.0,3.0,1.0,540030.4958100585,2.0,0.0,1.0,3.0,0,1,14,10,False,"[2, 4]",synthetic,True,2,True
2026-03-12T21:41:55.168183+00:00,SYN011,syn_SYN011_3,synth_dev_2,3,41.0,1612.665500524144,87.03418656674113,1.0,0.2,0.1625,0.0,3.0,1.0,13.78485791015625,1.0,1.0,0.0,4.0,2,1,14,14,True,"[3, 2, 4]",synthetic,True,2,True
2026-03-12T21:41:58.851050+00:00,SYN011,syn_SYN011_3,synth_dev_2,4,16.0,3452.594070120054,35.631799199349565,0.0,0.0,0.0,0.0,3.0,1.0,604800.0,1.0,0.0,1.0,0.0,0,1,9,8,False,[4],synthetic,True,2,True
2026-03-12T21:42:09.183208+00:00,SYN011,syn_SYN011_3,synth_dev_2,5,16.0,748.8448148458913,122.66174626895231,1.0,0.0,0.0,0.0,3.0,1.0,10.332158203125,1.0,1.0,0.0,1.0,2,1,9,9,True,"[4, 1]",synthetic,True,2,True
2026-03-12T21:42:20.347609+00:00,SYN011,syn_SYN011_3,synth_dev_2,6,10.0,4132.832791890329,94.69487847150819,0.0,0.0,0.0,0.0,3.0,1.0,604800.0,1.0,0.0,1.0,0.0,0,1,42,40,False,"[4, 6]",synthetic,True,2,True
2026-03-12T21:42:26.351610+00:00,SYN011,syn_SYN011_3,synth_dev_2,7,10.0,3330.3275092422323,60.19730435898694,1.0,0.0,0.0,0.0,3.0,1.0,6.004000732421875,1.0,0.0,2.0,1.0,1,1,42,58,False,"[4, 6, 5, 2]",synthetic,True,2,True
2026-03-12T21:42:37.868287+00:00,SYN011,syn_SYN011_3,synth_dev_2,8,10.0,1144.3042181521794,31.202148383549527,2.0,0.0,0.0,1.0,3.0,1.0,11.51667724609375,1.0,0.0,3.0,2.0,1,2,42,58,False,"[2, 4, 6, 5]",synthetic,True,2,True
2026-03-12T21:42:41.908121+00:00,SYN011,syn_SYN011_3,synth_dev_2,9,10.0,447.50143138590204,68.54305515346783,3.0,0.0,0.0,2.0,3.0,1.0,4.039833984375,2.0,0.0,4.0,3.0,1,2,42,46,False,"[3, 2, 4, 6]",synthetic,True,2,True
2026-03-12T21:42:50.277653+00:00,SYN011,syn_SYN011_3,synth_dev_2,10,10.0,1328.6995602511713,42.08181667026785,0.0,0.0,0.0,0.0,3.0,1.0,8.369531982421876,2.0,0.0,5.0,4.0,0,1,42,58,False,"[4, 2, 5, 6]",synthetic,True,2,True
2026-03-12T21:43:13.685701+00:00,SYN011,syn_SYN011_3,synth_dev_2,12,10.0,6077.946174530046,34.78933713725712,2.0,0.0,0.0,1.0,3.0,1.0,13.53544873046875,1.0,1.0,0.0,6.0,2,2,42,42,True,"[4, 6, 2]",synthetic,True,2,True
2026-03-12T21:43:21.198417+00:00,SYN011,syn_SYN011_3,synth_dev_2,13,2.0,2251.989151432288,48.821664171896785,0.0,0.0,0.0,0.0,3.0,1.0,604800.0,1.0,1.0,0.0,0.0,2,0,10,10,True,"[2, 4]",synthetic,True,2,True
2026-03-12T21:43:29.373523+00:00,SYN011,syn_SYN011_3,synth_dev_2,14,38.0,7037.915530317282,81.70093286609362,0.0,0.0,0.0,0.0,3.0,1.0,604800.0,1.0,1.0,0.0,0.0,2,2,7,7,True,"[2, 1, 3]",synthetic,True,2,True
2026-03-12T21:43:32.397130+00:00,SYN011,syn_SYN011_3,synth_dev_2,15,35.0,2002.853579939032,47.959963164959525,0.0,0.0,0.0,0.0,3.0,1.0,604800.0,1.0,1.0,0.0,0.0,2,0,13,13,True,"[3, 4, 1]",synthetic,True,2,True
2026-03-12T21:43:38.368986+00:00,SYN011,syn_SYN011_3,synth_dev_2,16,35.0,653.8577959546892,73.9595957660031,0.0,1.0,0.25,0.0,3.0,1.0,5.971855712890625,0.0,2.0,0.0,0.0,2,0,13,13,True,"[4, 1, 3]",synthetic,True,2,True
2026-03-12T21:43:49.807850+00:00,SYN011,syn_SYN011_3,synth_dev_2,17,10.0,1528.7678374682428,35.897137002251625,0.0,0.14285714285714285,0.25,0.0,3.0,1.0,36.12214892578125,2.0,0.0,1.0,6.0,0,1,42,10,False,"[4, 2]",synthetic,True,2,True
2026-03-12T21:44:02.366924+00:00,SYN011,syn_SYN011_3,synth_dev_2,18,10.0,11699.844307406827,60.74342530498152,1.0,0.125,0.1625,0.0,3.0,1.0,12.55907421875,1.0,0.0,2.0,7.0,1,2,42,34,False,"[6, 2]",synthetic,True,2,True
2026-03-18T00:46:15.231284+00:00,SYN011,syn_SYN011_4,synth_dev_2,0,40.0,778.0495595735315,39.532007524944504,0.0,0.0,0.0,0.0,4.0,1.0,604800.0,1.0,0.0,1.0,0.0,0,1,47,63,False,"[2, 6, 4, 5, 1, 3]",synthetic,True,2,True
2026-03-18T00:46:22.056046+00:00,SYN011,syn_SYN011_4,synth_dev_2,1,40.0,4102.446761022628,60.359679555488604,1.0,0.0,0.0,0.0,4.0,1.0,6.824761962890625,1.0,1.0,0.0,1.0,2,1,47,47,True,"[4, 1, 3, 2, 6]",synthetic,True,2,True
2026-03-18T00:46:29.932279+00:00,SYN011,syn_SYN011_4,synth_dev_2,2,34.0,923.5364940669747,70.3913286925775,0.0,0.0,0.0,0.0,4.0,1.0,604800.0,1.0,0.0,1.0,0.0,0,1,39,7,False,"[2, 3, 1]",synthetic,True,2,True
2026-03-18T00:46:36.558356+00:00,SYN011,syn_SYN011_4,synth_dev_2,3,34.0,933.2179588442286,20.0,1.0,0.0,0.0,0.0,4.0,1.0,6.626076904296875,1.0,0.0,2.0,1.0,1,1,39,47,False,"[2, 1, 3, 4, 6]",synthetic,True,2,True
2026-03-18T00:46:49.621418+00:00,SYN011,syn_SYN011_4,synth_dev_2,4,34.0,339.19038824695826,90.64497096684917,2.0,0.0,0.0,1.0,4.0,1.0,13.06306201171875,1.0,0.0,3.0,2.0,1,2,39,42,False,"[4, 2, 6]",synthetic,True,2,True
2026-03-18T00:46:53.871933+00:00,SYN011,syn_SYN011_4,synth_dev_2,5,34.0,229.81888349566455,28.939811125550438,3.0,0.0,0.0,2.0,4.0,1.0,4.25051513671875,2.0,0.0,4.0,3.0,1,2,39,7,False,"[3, 1, 2]",synthetic,True,2,True
2026-03-18T00:46:58.386627+00:00,SYN011,syn_SYN011_4,synth_dev_2,6,34.0,1003.9549190660364,54.25196562331642,0.0,0.0,0.0,0.0,4.0,1.0,4.51469384765625,2.0,1.0,0.0,4.0,2,0,39,39,True,"[6, 2, 1, 3]",synthetic,True,2,True
2026-03-18T00:47:01.431241+00:00,SYN011,syn_SYN011_4,synth_dev_2,7,29.0,1234.8671671158118,73.79258450502132,0.0,0.0,0.0,0.0,4.0,1.0,604800.0,1.0,0.0,1.0,0.0,0,1,46,44,False,"[3, 4, 6]",synthetic,True,2,True
2026-03-18T00:47:06.426266+00:00,SYN011,syn_SYN011_4,synth_dev_2,8,29.0,1738.0797870317674,46.982539068653125,1.0,0.0,0.0,0.0,4.0,1.0,4.99502490234375,1.0,0.0,2.0,1.0,1,1,46,44,False,"[6, 4, 3]",synthetic,True,2,True
2026-03-18T00:47:11.050768+00:00,SYN011,syn_SYN011_4,synth_dev_2,9,29.0,9385.365633234564,55.10344475959529,2.0,0.0,0.0,1.0,4.0,1.0,4.624501953125,1.0,1.0,0.0,2.0,2,2,46,46,True,"[4, 6, 3, 2]",synthetic,True,2,True
2026-03-18T00:47:21.539907+00:00,SYN011,syn_SYN011_4,synth_dev_2,10,30.0,1452.618631051462,164.13634810502253,0.0,0.0,0.0,0.0,4.0,1.0,604800.0,1.0,0.0,1.0,0.0,0,1,29,21,False,"[5, 3, 1]",synthetic,True,2,True
2026-03-18T00:47:33.166283+00:00,SYN011,syn_SYN011_4,synth_dev_2,11,30.0,1252.596839225254,92.29476277184217,1.0,0.0,0.0,0.0,4.0,1.0,11.6263759765625,1.0,0.0,2.0,1.0,1,1,29,10,False,"[4, 2]",synthetic,True,2,True
2026-03-18T00:47:49.389647+00:00,SYN011,syn_SYN011_4,synth_dev_2,13,30.0,7704.430541697613,40.89357843553834,3.0,0.0,0.0,2.0,4.0,1.0,7.472258056640625,2.0,0.0,4.0,3.0,1,2,29,10,False,"[2, 4]",synthetic,True,2,True
2026-03-18T00:47:56.171279+00:00,SYN011,syn_SYN011_4,synth_dev_2,14,30.0,949.4672366361164,126.84039078512437,0.0,0.0,0.0,0.0,4.0,1.0,6.781632080078125,2.0,0.0,5.0,4.0,0,1,29,28,False,"[4, 5, 3]",synthetic,True,2,True
2026-03-18T00:48:06.531811+00:00,SYN011,syn_SYN011_4,synth_dev_2,15,30.0,504.31344025346937,73.39998850288444,1.0,0.0,0.0,0.0,4.0,1.0,10.360531982421875,1.0,0.0,6.0,5.0,1,1,29,12,False,"[3, 4]",synthetic,True,2,True
2026-03-18T00:48:11.757324+00:00,SYN011,syn_SYN011_4,synth_dev_2,16,30.0,5682.573098759736,36.698758610118226,2.0,0.0,0.0,1.0,4.0,1.0,5.225512939453125,1.0,1.0,0.0,6.0,2,2,29,29,True,"[1, 5, 3, 4]",synthetic,True,2,True
2026-03-18T00:48:16.512521+00:00,SYN011,syn_SYN011_4,synth_dev_2,17,24.0,3365.4327897899225,83.64362357852376,0.0,0.0,0.0,0.0,4.0,1.0,604800.0,1.0,1.0,0.0,0.0,2,1,63,63,True,"[2, 5, 6, 3, 1, 4]",synthetic,True,2,True
2026-03-18T00:48:21.556590+00:00,SYN011,syn_SYN011_4,synth_dev_2,18,36.0,1745.4450788977545,34.875740309829894,0.0,0.0,0.0,0.0,4.0,1.0,604800.0,1.0,0.0,1.0,0.0,0,1,61,63,False,"[6, 4, 2, 1, 3, 5]",synthetic,True,2,True
2026-03-25T06:32:33.529325+00:00,SYN011,syn_SYN011_5,synth_dev_2,0,36.0,2558.104958474649,49.29147385598002,0.0,0.0,0.0,0.0,5.0,1.0,625451.9727348633,1.0,1.0,0.0,1.0,2,1,61,61,True,"[3, 1, 6, 4, 5]",synthetic,True,2,True
2026-03-25T06:32:47.129361+00:00,SYN011,syn_SYN011_5,synth_dev_2,1,30.0,834.2273608056504,33.67909534937028,0.0,0.14285714285714285,0.25,0.0,5.0,1.0,625475.3720368652,2.0,0.0,1.0,6.0,0,1,29,13,False,"[3, 4, 1]",synthetic,True,2,True
2026-03-25T06:32:58.882724+00:00,SYN011,syn_SYN011_5,synth_dev_2,2,30.0,1206.049182589716,86.3780902821674,1.0,0.125,0.1625,0.0,5.0,1.0,11.75336328125,1.0,1.0,0.0,7.0,2,1,29,29,True,"[1, 3, 5, 4]",synthetic,True,2,True
2026-03-25T06:33:12.005957+00:00,SYN011,syn_SYN011_5,synth_dev_2,3,8.0,646.256454457273,32.28032362246112,0.0,0.0,0.0,0.0,5.0,1.0,604800.0,1.0,0.0,1.0,0.0,0,1,12,33,False,"[1, 6]",synthetic,True,2,True
2026-03-25T06:33:25.809617+00:00,SYN011,syn_SYN011_5,synth_dev_2,4,8.0,5119.590568434027,40.82866155447897,1.0,0.0,0.0,0.0,5.0,1.0,13.80366015625,1.0,1.0,0.0,1.0,2,1,12,12,True,"[4, 3]",synthetic,True,2,True
2026-03-25T06:33:31.780318+00:00,SYN011,syn_SYN011_5,synth_dev_2,5,15.0,1654.6229527854096,52.77197762205163,0.0,0.0,0.0,0.0,5.0,1.0,604800.0,1.0,0.0,1.0,0.0,0,1,44,60,False,"[3, 5, 6, 4]",synthetic,True,2,True
2026-03-25T06:33:45.530948+00:00,SYN011,syn_SYN011_5,synth_dev_2,6,15.0,575.1698671090827,86.42770015730241,1.0,0.0,0.0,0.0,5.0,1.0,13.7506298828125,1.0,1.0,0.0,1.0,2,1,44,44,True,"[4, 3, 6]",synthetic,True,2,True
2026-03-25T06:33:51.068293+00:00,SYN011,syn_SYN011_5,synth_dev_2,7,10.0,8913.151704819153,51.625967468221454,0.0,0.1111111111111111,0.10562500000000001,0.0,5.0,1.0,1068588.7013691405,2.0,0.0,3.0,8.0,0,2,42,17,False,"[1, 5]",synthetic,True,2,True
2026-03-25T06:33:58.855539+00:00,SYN011,syn_SYN011_5,synth_dev_2,8,10.0,678.951036761815,67.44516139988646,1.0,0.1,0.06865625,0.0,5.0,1.0,7.787245849609375,2.0,0.0,4.0,9.0,1,1,42,58,False,"[6, 2, 4, 5]",synthetic,True,2,True
2026-03-25T06:34:10.477070+00:00,SYN011,syn_SYN011_5,synth_dev_2,9,10.0,4746.262096872984,51.73913505498644,2.0,0.09090909090909091,0.0446265625,1.0,5.0,1.0,11.621531005859374,1.0,0.0,5.0,10.0,1,2,42,40,False,"[4, 6]",synthetic,True,2,True
2026-03-25T06:34:15.351150+00:00,SYN011,syn_SYN011_5,synth_dev_2,10,10.0,389.74794566466824,40.02515799037168,3.0,0.08333333333333333,0.029007265625,2.0,5.0,1.0,4.874080078125,2.0,0.0,6.0,11.0,1,2,42,34,False,"[6, 2]",synthetic,True,2,True
2026-03-25T06:34:22.786953+00:00,SYN011,syn_SYN011_5,synth_dev_2,11,10.0,826.1564175827228,56.47322186194162,0.0,0.07692307692307693,0.018854722656250003,0.0,5.0,1.0,7.435802734375,2.0,0.0,7.0,12.0,0,1,42,58,False,"[6, 4, 5, 2]",synthetic,True,2,True
2026-03-25T06:34:28.658711+00:00,SYN011,syn_SYN011_5,synth_dev_2,12,10.0,1190.440739606303,113.98114869448061,1.0,0.07142857142857142,0.012255569726562502,0.0,5.0,1.0,5.871758056640625,1.0,1.0,0.0,13.0,2,1,42,42,True,"[6, 4, 2]",synthetic,True,2,True
2026-03-25T06:34:33.589823+00:00,SYN011,syn_SYN011_5,synth_dev_2,13,29.0,3100.4470833484916,76.60480737664155,0.0,0.3333333333333333,0.25,0.0,5.0,1.0,625642.5390551757,2.0,0.0,1.0,2.0,0,1,46,38,False,"[2, 3, 6]",synthetic,True,2,True
2026-03-25T06:34:41.722364+00:00,SYN011,syn_SYN011_5,synth_dev_2,14,29.0,1137.123530655133,75.18037974490025,1.0,0.25,0.1625,0.0,5.0,1.0,8.132541015625,1.0,1.0,0.0,3.0,2,1,46,46,True,"[6, 2, 4, 3]",synthetic,True,2,True
2026-03-25T06:34:52.160788+00:00,SYN011,syn_SYN011_5,synth_dev_2,15,48.0,3685.0582328720056,44.193747039697016,0.0,0.0,0.0,0.0,5.0,1.0,604800.0,1.0,0.0,1.0,0.0,0,1,32,19,False,"[1, 2, 5]",synthetic,True,2,True
2026-03-25T06:34:57.736009+00:00,SYN011,syn_SYN011_5,synth_dev_2,16,48.0,525.5009246560395,58.18618045714352,1.0,0.0,0.0,0.0,5.0,1.0,5.575220703125,1.0,0.0,2.0,1.0,1,1,32,40,False,"[4, 6]",synthetic,True,2,True
2026-03-25T06:35:03.810574+00:00,SYN011,syn_SYN011_5,synth_dev_2,17,48.0,838.3152978958406,86.80955860497602,2.0,0.0,0.0,1.0,5.0,1.0,6.074565185546875,1.0,1.0,0.0,2.0,2,2,32,32,True,[6],synthetic,True,2,True
2026-03-25T06:35:12.281103+00:00,SYN011,syn_SYN011_5,synth_dev_2,18,31.0,1470.1640620412245,42.01416730115399,0.0,0.0,0.0,0.0,5.0,1.0,604800.0,1.0,0.0,1.0,0.0,0,1,15,47,False,"[2, 4, 6, 3, 1]",synthetic,True,2,True
2026-03-08T18:39:07.167599+00:00,SYN012,syn_SYN012_1,synth_dev_0,0,4.0,5475.8733909943185,82.75098930921712,0.0,0.0,0.0,0.0,1.0,1.0,604800.0,1.0,0.0,1.0,0.0,0,1,37,5,False,"[1, 3]",synthetic,True,2,True
2026-03-08T18:39:18.155775+00:00,SYN012,syn_SYN012_1,synth_dev_0,1,4.0,2865.901127738081,57.735902672237685,1.0,0.0,0.0,0.0,1.0,1.0,10.98817626953125,1.0,0.0,2.0,1.0,1,1,37,53,False,"[6, 5, 3, 1]",synthetic,True,2,True
2026-03-08T18:39:24.408822+00:00,SYN012,syn_SYN012_1,synth_dev_0,2,4.0,676.9543040903815,92.14544409134828,2.0,0.0,0.0,1.0,1.0,1.0,6.253046875,1.0,1.0,0.0,2.0,2,2,37,37,True,"[3, 1, 6]",synthetic,True,2,True
2026-03-08T18:39:33.358909+00:00,SYN012,syn_SYN012_1,synth_dev_0,3,16.0,645.2270043949037,39.71740919085347,0.0,0.0,0.0,0.0,1.0,1.0,604800.0,1.0,0.0,1.0,0.0,0,1,9,8,False,[4],synthetic,True,2,True
2026-03-08T18:39:36.936285+00:00,SYN012,syn_SYN012_1,synth_dev_0,4,16.0,707.5441095284866,78.09274776758893,1.0,0.0,0.0,0.0,1.0,1.0,3.5773759765625,1.0,0.0,2.0,1.0,1,1,9,11,False,"[4, 2, 1]",synthetic,True,2,True
2026-03-08T18:39:46.922378+00:00,SYN012,syn_SYN012_1,synth_dev_0,5,16.0,662.3282968369248,43.327558774248516,2.0,0.0,0.0,1.0,1.0,1.0,9.98609326171875,1.0,1.0,0.0,2.0,2,2,9,9,True,"[4, 1]",synthetic,True,2,True
2026-03-08T18:40:00.881754+00:00,SYN012,syn_SYN012_1,synth_dev_0,6,10.0,6392.1898958700785,71.09361008920035,0.0,0.0,0.0,0.0,1.0,1.0,604800.0,1.0,1.0,0.0,0.0,2,2,42,42,True,"[6, 2, 4]",synthetic,True,2,True
2026-03-08T18:40:04.448474+00:00,SYN012,syn_SYN012_1,synth_dev_0,7,25.0,2416.030049116327,74.73489127471234,0.0,0.0,0.0,0.0,1.0,1.0,604800.0,1.0,0.0,1.0,0.0,0,1,60,55,False,"[1, 6, 5, 3, 2]",synthetic,True,2,True
2026-03-08T18:40:16.465490+00:00,SYN012,syn_SYN012_1,synth_dev_0,8,25.0,1306.2707195289702,27.77257291906442,1.0,0.0,0.0,0.0,1.0,1.0,12.01701611328125,1.0,1.0,0.0,1.0,2,1,60,60,True,"[6, 4, 3, 5]",synthetic,True,2,True
2026-03-08T18:40:27.344144+00:00,SYN012,syn_SYN012_1,synth_dev_0,9,2.0,2370.895548140627,45.02394998808035,0.0,0.0,0.0,0.0,1.0,1.0,604800.0,1.0,1.0,0.0,0.0,2,0,10,10,True,"[4, 2]",synthetic,True,2,True
2026-03-08T18:40:34.752300+00:00,SYN012,syn_SYN012_1,synth_dev_0,10,21.0,2241.1567177325173,95.71497676477702,0.0,0.0,0.0,0.0,1.0,1.0,604800.0,1.0,0.0,1.0,0.0,0,1,62,58,False,"[4, 5, 6, 2]",synthetic,True,2,True
2026-03-08T18:40:44.174688+00:00,SYN012,syn_SYN012_1,synth_dev_0,11,21.0,986.3608691709569,37.331631008844504,1.0,0.0,0.0,0.0,1.0,1.0,9.422387939453126,1.0,0.0,2.0,1.0,1,1,62,28,False,"[4, 3, 5]",synthetic,True,2,True
2026-03-08T18:40:49.177272+00:00,SYN012,syn_SYN012_1,synth_dev_0,12,21.0,1959.335355780724,113.77067893326334,2.0,0.0,0.0,1.0,1.0,1.0,5.002583984375,1.0,0.0,3.0,2.0,1,2,62,54,False,"[5, 2, 3, 6]",synthetic,True,2,True
2026-03-08T18:41:02.457961+00:00,SYN012,syn_SYN012_1,synth_dev_0,13,21.0,2777.1080440524242,30.46300632338936,3.0,0.0,0.0,2.0,1.0,1.0,13.280689208984375,2.0,1.0,0.0,3.0,2,2,62,62,True,"[2, 3, 5, 4, 6]",synthetic,True,2,True
2026-03-08T18:41:10.862916+00:00,SYN012,syn_SYN012_1,synth_dev_0,14,18.0,1887.226748887977,98.85874614226007,0.0,0.0,0.0,0.0,1.0,1.0,604800.0,1.0,1.0,0.0,0.0,2,0,26,26,True,"[4, 5, 2]",synthetic,True,2,True
2026-03-08T18:41:14.239373+00:00,SYN012,syn_SYN012_1,synth_dev_0,15,6.0,6101.170239027807,24.723475371637523,0.0,0.0,0.0,0.0,1.0,1.0,604800.0,1.0,0.0,1.0,0.0,0,2,23,31,False,"[3, 2, 1, 5, 4]",synthetic,True,2,True
2026-03-08T18:41:27.719730+00:00,SYN012,syn_SYN012_1,synth_dev_0,16,6.0,1706.940142138943,155.0198306998532,1.0,0.0,0.0,0.0,1.0,1.0,13.48035693359375,2.0,0.0,2.0,1.0,1,1,23,21,False,"[1, 3, 5]",synthetic,True,2,True
2026-03-08T18:41:32.310282+00:00,SYN012,syn_SYN012_1,synth_dev_0,17,6.0,3910.918555242362,57.902545173497195,2.0,0.0,0.0,1.0,1.0,1.0,4.590552001953125,1.0,0.0,3.0,2.0,1,2,23,21,False,"[1, 5, 3]",synthetic,True,2,True
2026-03-08T18:41:35.367066+00:00,SYN012,syn_SYN012_1,synth_dev_0,18,6.0,1245.7499628345627,72.22262659173421,3.0,0.0,0.0,2.0,1.0,1.0,3.056783935546875,2.0,0.0,4.0,3.0,1,2,23,51,False,"[5, 2, 6, 1]",synthetic,True,2,True
2026-03-08T18:41:47.808984+00:00,SYN012,syn_SYN012_1,synth_dev_0,19,6.0,3761.447839852523,77.31651545502069,0.0,0.0,0.0,0.0,1.0,1.0,12.441918212890625,2.0,0.0,5.0,4.0,0,1,23,21,False,"[3, 5, 1]",synthetic,True,2,True
2026-03-08T18:41:59.643202+00:00,SYN012,syn_SYN012_1,synth_dev_0,20,6.0,1143.6723141235943,94.56724142992188,1.0,0.0,0.0,0.0,1.0,1.0,11.834218017578126,1.0,0.0,6.0,5.0,1,1,23,7,False,"[1, 2, 3]",synthetic,True,2,True
2026-03-08T18:42:11.531438+00:00,SYN012,syn_SYN012_1,synth_dev_0,21,6.0,1118.4547475673116,46.53412862015885,2.0,0.0,0.0,1.0,1.0,1.0,11.888236083984374,1.0,1.0,0.0,6.0,2,2,23,23,True,"[5, 2, 3, 1]",synthetic,True,2,True
2026-03-08T18:42:22.057609+00:00,SYN012,syn_SYN012_1,synth_dev_0,22,26.0,1544.4635827299924,61.05265242467241,0.0,0.0,0.0,0.0,1.0,1.0,604800.0,1.0,1.0,0.0,0.0,2,0,30,30,True,"[4, 3, 5, 2]",synthetic,True,2,True
2026-03-08T18:42:25.794497+00:00,SYN012,syn_SYN012_1,synth_dev_0,23,48.0,7063.514499339299,62.32346624754811,0.0,0.0,0.0,0.0,1.0,1.0,604800.0,1.0,0.0,1.0,0.0,0,2,32,36,False,"[6, 3]",synthetic,True,2,True
2026-03-10T21:09:38.940885+00:00,SYN012,syn_SYN012_2,synth_dev_0,0,45.0,4617.622886925088,101.16231864159089,0.0,0.0,0.0,0.0,2.0,1.0,604800.0,1.0,0.0,1.0,0.0,0,1,34,13,False,"[1, 3, 4]",synthetic,True,2,True
2026-03-10T21:09:49.738484+00:00,SYN012,syn_SYN012_2,synth_dev_0,1,45.0,6457.2851718166985,60.73721069379927,1.0,0.0,0.0,0.0,2.0,1.0,10.797598876953124,1.0,0.0,2.0,1.0,1,2,34,35,False,"[1, 2, 6]",synthetic,True,2,True
2026-03-10T21:09:53.659620+00:00,SYN012,syn_SYN012_2,synth_dev_0,2,45.0,459.1652952959807,51.18502779379847,2.0,0.0,0.0,1.0,2.0,1.0,3.92113623046875,2.0,0.0,3.0,2.0,1,2,34,35,False,"[6, 2, 1]",synthetic,True,2,True
2026-03-10T21:10:04.403300+00:00,SYN012,syn_SYN012_2,synth_dev_0,3,45.0,1025.8885217119368,65.2183994655959,3.0,0.0,0.0,2.0,2.0,1.0,10.743679931640624,2.0,0.0,4.0,3.0,1,2,34,32,False,[6],synthetic,True,2,True
2026-03-10T21:10:15.932076+00:00,SYN012,syn_SYN012_2,synth_dev_0,4,45.0,1696.3627792307946,82.29540823174979,0.0,0.0,0.0,0.0,2.0,1.0,11.52877587890625,2.0,0.0,5.0,4.0,0,1,34,50,False,"[2, 6, 5]",synthetic,True,2,True
2026-03-10T21:10:24.031571+00:00,SYN012,syn_SYN012_2,synth_dev_0,5,45.0,364.0249418736135,70.56006217351126,1.0,0.0,0.0,0.0,2.0,1.0,8.099494873046876,1.0,0.0,6.0,5.0,1,1,34,35,False,"[6, 1, 2]",synthetic,True,2,True
2026-03-10T21:10:32.367716+00:00,SYN012,syn_SYN012_2,synth_dev_0,6,45.0,3719.9113000084253,43.31976270600643,2.0,0.0,0.0,1.0,2.0,1.0,8.336145263671876,1.0,0.0,7.0,6.0,1,2,34,32,False,[6],synthetic,True,2,True
2026-03-10T21:10:37.825254+00:00,SYN012,syn_SYN012_2,synth_dev_0,7,45.0,400.45849659719175,48.348022547537376,3.0,0.0,0.0,2.0,2.0,1.0,5.457537841796875,2.0,1.0,0.0,7.0,2,2,34,34,True,"[2, 6]",synthetic,True,2,True
2026-03-10T21:10:48.179424+00:00,SYN012,syn_SYN012_2,synth_dev_0,8,24.0,1585.3168228757297,59.96083133859536,0.0,0.0,0.0,0.0,2.0,1.0,604800.0,1.0,0.0,1.0,0.0,0,1,63,55,False,"[6, 5, 1, 3, 2]",synthetic,True,2,True
2026-03-10T21:10:52.049279+00:00,SYN012,syn_SYN012_2,synth_dev_0,9,24.0,4439.440136210152,41.87337368864613,1.0,0.0,0.0,0.0,2.0,1.0,3.86985498046875,1.0,0.0,2.0,1.0,1,1,63,41,False,"[1, 4, 6]",synthetic,True,2,True
2026-03-10T21:11:02.089505+00:00,SYN012,syn_SYN012_2,synth_dev_0,10,24.0,387.3876523739079,29.264548044347926,2.0,0.0,0.0,1.0,2.0,1.0,10.040225830078125,1.0,1.0,0.0,2.0,2,2,63,63,True,"[3, 6, 2, 5, 1, 4]",synthetic,True,2,True
2026-03-10T21:11:09.335438+00:00,SYN012,syn_SYN012_2,synth_dev_0,11,48.0,1716.4114957444926,38.81136623779639,0.0,0.0,0.0,0.0,2.0,1.0,181723.54094091797,2.0,0.0,2.0,1.0,0,1,32,51,False,"[1, 2, 5, 6]",synthetic,True,2,True
2026-03-10T21:11:14.308380+00:00,SYN012,syn_SYN012_2,synth_dev_0,12,48.0,315.30725991071597,58.37709009205251,1.0,0.0,0.0,0.0,2.0,1.0,4.97294189453125,1.0,0.0,3.0,2.0,1,1,32,33,False,"[6, 1]",synthetic,True,2,True
2026-03-10T21:11:22.145217+00:00,SYN012,syn_SYN012_2,synth_dev_0,13,48.0,2098.2194010267394,81.59949753781481,2.0,0.0,0.0,1.0,2.0,1.0,7.836837158203125,1.0,1.0,0.0,3.0,2,2,32,32,True,[6],synthetic,True,2,True
2026-03-10T21:11:32.823884+00:00,SYN012,syn_SYN012_2,synth_dev_0,14,32.0,825.091557254285,56.543939279045546,0.0,0.0,0.0,0.0,2.0,1.0,604800.0,1.0,0.0,1.0,0.0,0,1,22,18,False,"[2, 5]",synthetic,True,2,True
2026-03-10T21:11:37.264803+00:00,SYN012,syn_SYN012_2,synth_dev_0,15,32.0,1423.716410411825,54.812619893727124,1.0,0.0,0.0,0.0,2.0,1.0,4.4409189453125,1.0,1.0,0.0,1.0,2,1,22,22,True,"[3, 5, 2]",synthetic,True,2,True
2026-03-10T21:11:48.949432+00:00,SYN012,syn_SYN012_2,synth_dev_0,16,32.0,145.41580670138967,47.48362956957784,0.0,0.5,0.25,0.0,2.0,1.0,11.68462890625,1.0,0.0,1.0,1.0,0,1,22,6,False,"[2, 3]",synthetic,True,2,True
2026-03-10T21:12:02.059727+00:00,SYN012,syn_SYN012_2,synth_dev_0,17,32.0,1429.2658278026524,56.12194422131478,1.0,0.3333333333333333,0.1625,0.0,2.0,1.0,13.110295166015625,1.0,1.0,0.0,2.0,2,1,22,22,True,"[5, 3, 2]",synthetic,True,2,True
2026-03-10T21:12:05.811007+00:00,SYN012,syn_SYN012_2,synth_dev_0,18,20.0,7278.1320124914455,52.898075508822764,0.0,0.0,0.0,0.0,2.0,1.0,604800.0,1.0,1.0,0.0,0.0,2,2,18,18,True,"[2, 5]",synthetic,True,2,True
2026-03-10T21:12:19.686841+00:00,SYN012,syn_SYN012_2,synth_dev_0,19,15.0,1598.6744053963996,59.70226451225593,0.0,0.0,0.0,0.0,2.0,1.0,604800.0,1.0,0.0,1.0,0.0,0,1,44,30,False,"[3, 2, 4, 5]",synthetic,True,2,True
2026-03-10T21:12:28.559811+00:00,SYN012,syn_SYN012_2,synth_dev_0,20,15.0,601.1741674425406,55.58680667724231,1.0,0.0,0.0,0.0,2.0,1.0,8.872969970703124,1.0,0.0,2.0,1.0,1,1,44,22,False,"[3, 5, 2]",synthetic,True,2,True
2026-03-10T21:12:36.072927+00:00,SYN012,syn_SYN012_2,synth_dev_0,21,15.0,848.1812909744177,48.24516952438203,2.0,0.0,0.0,1.0,2.0,1.0,7.513115966796875,1.0,0.0,3.0,2.0,1,2,44,36,False,"[6, 3]",synthetic,True,2,True
2026-03-10T21:12:41.429119+00:00,SYN012,syn_SYN012_2,synth_dev_0,22,15.0,785.8936537889599,38.3420060054626,3.0,0.0,0.0,2.0,2.0,1.0,5.356192138671875,2.0,1.0,0.0,3.0,2,2,44,44,True,"[3, 4, 6]",synthetic,True,2,True
2026-03-10T21:12:46.580505+00:00,SYN012,syn_SYN012_2,synth_dev_0,23,37.0,7890.259230640784,71.59409045225068,0.0,0.0,0.0,0.0,2.0,1.0,604800.0,1.0,0.0,1.0,0.0,0,2,23,19,False,"[2, 1, 5]",synthetic,True,2,True
2026-03-12T02:45:51.116003+00:00,SYN012,syn_SYN012_3,synth_dev_0,0,42.0,137.34902346648627,43.571994764519935,0.0,0.0,0.0,0.0,3.0,1.0,604800.0,1.0,0.0,1.0,0.0,0,1,19,27,False,"[2, 4, 1, 5]",synthetic,True,2,True
2026-03-12T02:45:57.941613+00:00,SYN012,syn_SYN012_3,synth_dev_0,1,42.0,1397.166823212021,63.24486114255201,1.0,0.0,0.0,0.0,3.0,1.0,6.825610107421875,1.0,0.0,2.0,1.0,1,1,19,17,False,"[1, 5]",synthetic,True,2,True
2026-03-12T02:46:11.113566+00:00,SYN012,syn_SYN012_3,synth_dev_0,2,42.0,1483.809347921345,91.40023862255725,2.0,0.0,0.0,1.0,3.0,1.0,13.171952880859376,1.0,0.0,3.0,2.0,1,2,19,18,False,"[5, 2]",synthetic,True,2,True
2026-03-12T02:46:25.993007+00:00,SYN012,syn_SYN012_3,synth_dev_0,4,28.0,637.5944716902227,49.80202288704221,0.0,0.0,0.0,0.0,3.0,1.0,604800.0,1.0,0.0,1.0,0.0,0,1,25,17,False,"[5, 1]",synthetic,True,2,True
2026-03-12T02:46:39.259128+00:00,SYN012,syn_SYN012_3,synth_dev_0,5,28.0,3036.321906361205,48.2005226030994,1.0,0.0,0.0,0.0,3.0,1.0,13.266121337890626,1.0,1.0,0.0,1.0,2,1,25,25,True,"[5, 1, 4]",synthetic,True,2,True
2026-03-12T02:46:51.706364+00:00,SYN012,syn_SYN012_3,synth_dev_0,6,29.0,235.18387031929876,54.86202857799832,0.0,0.0,0.0,0.0,3.0,1.0,604800.0,1.0,0.0,1.0,0.0,0,1,46,47,False,"[3, 1, 4, 2, 6]",synthetic,True,2,True
2026-03-12T02:47:04.117361+00:00,SYN012,syn_SYN012_3,synth_dev_0,7,29.0,2518.4330126264767,65.42434047983066,1.0,0.0,0.0,0.0,3.0,1.0,12.4109970703125,1.0,1.0,0.0,1.0,2,1,46,46,True,"[4, 3, 6, 2]",synthetic,True,2,True
2026-03-12T02:47:12.435855+00:00,SYN012,syn_SYN012_3,synth_dev_0,8,36.0,169.517639166715,20.0,0.0,0.0,0.0,0.0,3.0,1.0,604800.0,1.0,0.0,1.0,0.0,0,1,61,53,False,"[1, 3, 6, 5]",synthetic,True,2,True
2026-03-12T02:47:21.433573+00:00,SYN012,syn_SYN012_3,synth_dev_0,9,36.0,282.94146989611767,54.06053444891954,1.0,0.0,0.0,0.0,3.0,1.0,8.997718017578125,1.0,1.0,0.0,1.0,2,1,61,61,True,"[3, 5, 4, 1, 6]",synthetic,True,2,True
2026-03-12T02:47:33.618858+00:00,SYN012,syn_SYN012_3,synth_dev_0,10,1.0,2477.998635876242,90.28722524525836,0.0,0.0,0.0,0.0,3.0,1.0,604800.0,1.0,0.0,1.0,0.0,0,1,28,46,False,"[6, 3, 4, 2]",synthetic,True,2,True
2026-03-12T02:47:43.332731+00:00,SYN012,syn_SYN012_3,synth_dev_0,11,1.0,1627.3483109903082,57.691598818595786,1.0,0.0,0.0,0.0,3.0,1.0,9.713872802734375,1.0,0.0,2.0,1.0,1,1,28,24,False,"[5, 4]",synthetic,True,2,True
2026-03-12T02:47:49.994022+00:00,SYN012,syn_SYN012_3,synth_dev_0,12,1.0,1628.6253878272423,62.51926931148431,2.0,0.0,0.0,1.0,3.0,1.0,6.661291015625,1.0,0.0,3.0,2.0,1,2,28,29,False,"[1, 4, 3, 5]",synthetic,True,2,True
2026-03-12T02:48:01.661164+00:00,SYN012,syn_SYN012_3,synth_dev_0,13,1.0,476.16214989307764,33.6132294081835,3.0,0.0,0.0,2.0,3.0,1.0,11.66714208984375,2.0,1.0,0.0,3.0,2,2,28,28,True,"[4, 5, 3]",synthetic,True,2,True
2026-03-12T02:48:06.374773+00:00,SYN012,syn_SYN012_3,synth_dev_0,14,14.0,1894.4260599683178,30.66922598226338,0.0,0.0,0.0,0.0,3.0,1.0,604800.0,1.0,0.0,1.0,0.0,0,1,35,17,False,"[1, 5]",synthetic,True,2,True
2026-03-12T02:48:12.969318+00:00,SYN012,syn_SYN012_3,synth_dev_0,15,14.0,424.49966480475274,47.065620477400195,1.0,0.0,0.0,0.0,3.0,1.0,6.594544921875,1.0,1.0,0.0,1.0,2,1,35,35,True,"[1, 6, 2]",synthetic,True,2,True
2026-03-12T02:48:23.248583+00:00,SYN012,syn_SYN012_3,synth_dev_0,16,46.0,916.3013905973565,33.8738347284665,0.0,0.0,0.0,0.0,3.0,1.0,604800.0,1.0,0.0,1.0,0.0,0,1,30,14,False,"[4, 3, 2]",synthetic,True,2,True
2026-03-12T02:48:28.949766+00:00,SYN012,syn_SYN012_3,synth_dev_0,17,46.0,1322.7102562637485,60.433394640908276,1.0,0.0,0.0,0.0,3.0,1.0,5.701182861328125,1.0,0.0,2.0,1.0,1,1,30,22,False,"[3, 5, 2]",synthetic,True,2,True
2026-03-12T02:48:41.628783+00:00,SYN012,syn_SYN012_3,synth_dev_0,19,41.0,2594.5471709388107,37.8344537084644,0.0,0.0,0.0,0.0,3.0,1.0,604800.0,1.0,1.0,0.0,0.0,2,1,14,14,True,"[2, 3, 4]",synthetic,True,2,True
2026-03-12T02:48:53.983462+00:00,SYN012,syn_SYN012_3,synth_dev_0,20,6.0,153.16280628857052,44.6769434604655,0.0,0.14285714285714285,0.25,0.0,3.0,1.0,288402.4520239258,2.0,0.0,1.0,6.0,0,1,23,55,False,"[3, 1, 6, 5, 2]",synthetic,True,2,True
2026-03-12T02:49:06.280411+00:00,SYN012,syn_SYN012_3,synth_dev_0,21,6.0,494.0288911423719,31.345023590491465,1.0,0.125,0.1625,0.0,3.0,1.0,12.29694873046875,1.0,0.0,2.0,7.0,1,1,23,7,False,"[1, 3, 2]",synthetic,True,2,True
2026-03-12T02:49:19.632902+00:00,SYN012,syn_SYN012_3,synth_dev_0,23,6.0,2146.428185000198,24.304205669732724,3.0,0.1,0.06865625,2.0,3.0,1.0,5.16968798828125,2.0,1.0,0.0,9.0,2,2,23,23,True,"[2, 1, 5, 3]",synthetic,True,2,True
2026-03-13T12:21:27.757504+00:00,SYN012,syn_SYN012_4,synth_dev_0,0,19.0,680.9437782650506,47.39900075000629,0.0,0.0,0.0,0.0,4.0,1.0,604800.0,1.0,0.0,1.0,0.0,0,1,53,61,False,"[4, 1, 3, 6, 5]",synthetic,True,2,True
2026-03-13T12:21:33.250257+00:00,SYN012,syn_SYN012_4,synth_dev_0,1,19.0,549.855025780801,41.78747448040837,1.0,0.0,0.0,0.0,4.0,1.0,5.492753173828125,1.0,0.0,2.0,1.0,1,1,53,61,False,"[1, 6, 5, 4, 3]",synthetic,True,2,True
2026-03-13T12:21:40.646180+00:00,SYN012,syn_SYN012_4,synth_dev_0,2,19.0,1062.6202920995543,87.93317727802167,2.0,0.0,0.0,1.0,4.0,1.0,7.3959228515625,1.0,0.0,3.0,2.0,1,2,53,49,False,"[5, 6, 1]",synthetic,True,2,True
2026-03-13T12:21:50.730001+00:00,SYN012,syn_SYN012_4,synth_dev_0,3,19.0,2345.4182799727764,44.20951704492867,3.0,0.0,0.0,2.0,4.0,1.0,10.083821044921875,2.0,1.0,0.0,3.0,2,2,53,53,True,"[1, 5, 3, 6]",synthetic,True,2,True
2026-03-13T12:22:01.526940+00:00,SYN012,syn_SYN012_4,synth_dev_0,4,33.0,633.121324750804,85.29788392083627,0.0,0.0,0.0,0.0,4.0,1.0,604800.0,1.0,0.0,1.0,0.0,0,1,3,5,False,"[3, 1]",synthetic,True,2,True
2026-03-13T12:22:10.487761+00:00,SYN012,syn_SYN012_4,synth_dev_0,5,33.0,1416.286040665785,142.37655538530237,1.0,0.0,0.0,0.0,4.0,1.0,8.96082080078125,1.0,1.0,0.0,1.0,2,1,3,3,True,"[1, 2]",synthetic,True,2,True
2026-03-13T12:22:33.842217+00:00,SYN012,syn_SYN012_4,synth_dev_0,7,8.0,1982.3725082103588,48.18312883208346,1.0,0.0,0.0,0.0,4.0,1.0,9.5049921875,1.0,1.0,0.0,1.0,2,1,12,12,True,"[3, 4]",synthetic,True,2,True
2026-03-13T12:22:43.759861+00:00,SYN012,syn_SYN012_4,synth_dev_0,8,14.0,14990.0,57.657060992250045,0.0,0.5,0.25,0.0,4.0,1.0,120870.79054321289,1.0,0.0,1.0,1.0,0,2,35,33,False,"[1, 6]",synthetic,True,2,True
2026-03-13T12:22:51.277733+00:00,SYN012,syn_SYN012_4,synth_dev_0,9,14.0,5186.580023935787,20.074734393380854,1.0,0.3333333333333333,0.1625,0.0,4.0,1.0,7.5178720703125,2.0,0.0,2.0,2.0,1,1,35,3,False,"[1, 2]",synthetic,True,2,True
2026-03-13T12:23:00.303246+00:00,SYN012,syn_SYN012_4,synth_dev_0,10,14.0,812.4921320199455,57.648444695331634,2.0,0.25,0.10562500000000001,1.0,4.0,1.0,9.025512939453124,1.0,1.0,0.0,3.0,2,2,35,35,True,"[2, 1, 6]",synthetic,True,2,True
2026-03-13T12:23:14.139924+00:00,SYN012,syn_SYN012_4,synth_dev_0,11,38.0,1457.8801324412077,28.982717611023702,0.0,0.0,0.0,0.0,4.0,1.0,604800.0,1.0,0.0,1.0,0.0,0,1,7,6,False,"[2, 3]",synthetic,True,2,True
2026-03-13T12:23:18.663904+00:00,SYN012,syn_SYN012_4,synth_dev_0,12,38.0,3446.6268870343474,67.50235363969466,1.0,0.0,0.0,0.0,4.0,1.0,4.52397998046875,1.0,0.0,2.0,1.0,1,1,7,6,False,"[2, 3]",synthetic,True,2,True
2026-03-13T12:23:27.437469+00:00,SYN012,syn_SYN012_4,synth_dev_0,13,38.0,765.2007596315942,35.40435680673553,2.0,0.0,0.0,1.0,4.0,1.0,8.77356494140625,1.0,0.0,3.0,2.0,1,2,7,5,False,"[1, 3]",synthetic,True,2,True
2026-03-13T12:23:32.357710+00:00,SYN012,syn_SYN012_4,synth_dev_0,14,38.0,1378.9667414864227,73.60275186465239,3.0,0.0,0.0,2.0,4.0,1.0,4.920240966796875,2.0,1.0,0.0,3.0,2,2,7,7,True,"[3, 1, 2]",synthetic,True,2,True
2026-03-13T12:23:45.887517+00:00,SYN012,syn_SYN012_4,synth_dev_0,15,47.0,6021.360210264471,68.3740082932002,0.0,0.0,0.0,0.0,4.0,1.0,604800.0,1.0,0.0,1.0,0.0,0,2,48,32,False,[6],synthetic,True,2,True
2026-03-13T12:23:52.305069+00:00,SYN012,syn_SYN012_4,synth_dev_0,16,47.0,124.75563782553961,39.67858895061094,1.0,0.0,0.0,0.0,4.0,1.0,6.4175517578125,2.0,0.0,2.0,1.0,1,1,48,50,False,"[5, 6, 2]",synthetic,True,2,True
2026-03-13T12:24:05.382219+00:00,SYN012,syn_SYN012_4,synth_dev_0,17,47.0,1780.7501333631665,57.477109466367736,2.0,0.0,0.0,1.0,4.0,1.0,13.077150146484374,1.0,1.0,0.0,2.0,2,2,48,48,True,"[6, 5]",synthetic,True,2,True
2026-03-13T12:24:18.016503+00:00,SYN012,syn_SYN012_4,synth_dev_0,18,46.0,138.27313255995585,37.19048333179203,0.0,0.3333333333333333,0.25,0.0,4.0,1.0,120944.03327807617,2.0,0.0,1.0,2.0,0,1,30,31,False,"[1, 2, 5, 3, 4]",synthetic,True,2,True
2026-03-13T12:24:30.578072+00:00,SYN012,syn_SYN012_4,synth_dev_0,19,46.0,2009.0356654428253,63.35938604071807,1.0,0.25,0.1625,0.0,4.0,1.0,12.56156884765625,1.0,0.0,2.0,3.0,1,1,30,31,False,"[5, 3, 4, 2, 1]",synthetic,True,2,True
2026-03-13T12:24:43.986825+00:00,SYN012,syn_SYN012_4,synth_dev_0,20,46.0,2033.439727201278,20.0,2.0,0.2,0.10562500000000001,1.0,4.0,1.0,13.4087529296875,1.0,1.0,0.0,4.0,2,2,30,30,True,"[5, 4, 2, 3]",synthetic,True,2,True
2026-03-13T12:24:51.734205+00:00,SYN012,syn_SYN012_4,synth_dev_0,21,48.0,8282.548647401652,56.73013464954151,0.0,0.25,0.25,0.0,4.0,1.0,227609.5889880371,2.0,0.0,1.0,3.0,0,2,32,18,False,"[2, 5]",synthetic,True,2,True
2026-03-13T12:25:03.969160+00:00,SYN012,syn_SYN012_4,synth_dev_0,22,48.0,2001.6591102079453,33.29050737538714,1.0,0.2,0.1625,0.0,4.0,1.0,12.234955078125,2.0,0.0,2.0,4.0,1,1,32,34,False,"[6, 2]",synthetic,True,2,True
2026-03-13T12:25:15.166911+00:00,SYN012,syn_SYN012_4,synth_dev_0,23,48.0,531.9099573975266,30.589383939952455,2.0,0.16666666666666666,0.10562500000000001,1.0,4.0,1.0,11.197750732421875,1.0,1.0,0.0,5.0,2,2,32,32,True,[6],synthetic,True,2,True
2026-03-18T20:39:24.050524+00:00,SYN012,syn_SYN012_5,synth_dev_0,0,11.0,14990.0,54.92258477176049,0.0,0.0,0.0,0.0,5.0,1.0,604800.0,1.0,1.0,0.0,0.0,2,2,5,5,True,"[1, 3]",synthetic,True,2,True
2026-03-18T20:39:36.328658+00:00,SYN012,syn_SYN012_5,synth_dev_0,1,41.0,5302.338783101067,56.97886746060728,0.0,1.0,0.25,0.0,5.0,1.0,582654.6998752442,1.0,2.0,0.0,0.0,2,1,14,14,True,"[3, 4, 2]",synthetic,True,2,True
2026-03-18T20:39:41.305456+00:00,SYN012,syn_SYN012_5,synth_dev_0,2,30.0,1525.260413946848,47.97398981023169,0.0,0.0,0.0,0.0,5.0,1.0,604800.0,1.0,1.0,0.0,0.0,2,0,29,29,True,"[5, 1, 4, 3]",synthetic,True,2,True
2026-03-18T20:39:50.473044+00:00,SYN012,syn_SYN012_5,synth_dev_0,3,34.0,12774.778727293311,53.82209070441757,0.0,0.0,0.0,0.0,5.0,1.0,604800.0,1.0,1.0,0.0,0.0,2,2,39,39,True,"[3, 6, 1, 2]",synthetic,True,2,True
2026-03-18T20:40:07.377159+00:00,SYN012,syn_SYN012_5,synth_dev_0,5,20.0,1673.7265536951345,42.096112214877614,1.0,0.5,0.1625,0.0,5.0,1.0,9.92955517578125,1.0,0.0,2.0,1.0,1,1,18,55,False,"[3, 1, 5, 6, 2]",synthetic,True,2,True
2026-03-18T20:40:16.630875+00:00,SYN012,syn_SYN012_5,synth_dev_0,6,20.0,927.9717639292824,60.55190131721181,2.0,0.3333333333333333,0.10562500000000001,1.0,5.0,1.0,9.2537158203125,1.0,1.0,0.0,2.0,2,2,18,18,True,"[5, 2]",synthetic,True,2,True
2026-03-18T20:40:28.949639+00:00,SYN012,syn_SYN012_5,synth_dev_0,7,41.0,2836.0809584374247,25.306988345688502,0.0,1.0,0.4375,0.0,5.0,1.0,52.62098095703125,1.0,3.0,0.0,0.0,2,1,14,14,True,"[3, 4, 2]",synthetic,True,2,True
2026-03-18T20:40:34.206235+00:00,SYN012,syn_SYN012_5,synth_dev_0,8,17.0,481.61034326198563,66.44829353314277,0.0,0.0,0.0,0.0,5.0,1.0,604800.0,1.0,0.0,1.0,0.0,0,1,33,63,False,"[6, 1, 4, 2, 5, 3]",synthetic,True,2,True
2026-03-18T20:40:37.269642+00:00,SYN012,syn_SYN012_5,synth_dev_0,9,17.0,10202.499535352976,66.22738214122634,1.0,0.0,0.0,0.0,5.0,1.0,3.0634072265625,1.0,0.0,2.0,1.0,1,2,33,32,False,[6],synthetic,True,2,True
2026-03-18T20:40:41.064766+00:00,SYN012,syn_SYN012_5,synth_dev_0,10,17.0,1377.7760705612648,70.40043088645363,2.0,0.0,0.0,1.0,5.0,1.0,3.795123779296875,2.0,1.0,0.0,2.0,2,2,33,33,True,"[6, 1]",synthetic,True,2,True
2026-03-18T20:40:45.789935+00:00,SYN012,syn_SYN012_5,synth_dev_0,11,39.0,2392.4076299604576,115.61600989005181,0.0,0.0,0.0,0.0,5.0,1.0,604800.0,1.0,0.0,1.0,0.0,0,1,41,57,False,"[4, 5, 6, 1]",synthetic,True,2,True
2026-03-18T20:40:57.857490+00:00,SYN012,syn_SYN012_5,synth_dev_0,12,39.0,264.91456617210514,57.91109423353607,1.0,0.0,0.0,0.0,5.0,1.0,12.067554931640625,1.0,0.0,2.0,1.0,1,1,41,9,False,"[1, 4]",synthetic,True,2,True
2026-03-18T20:41:06.072729+00:00,SYN012,syn_SYN012_5,synth_dev_0,13,39.0,621.7568507146269,25.862382064034907,2.0,0.0,0.0,1.0,5.0,1.0,8.215239013671875,1.0,0.0,3.0,2.0,1,2,41,9,False,"[4, 1]",synthetic,True,2,True
2026-03-18T20:41:11.022771+00:00,SYN012,syn_SYN012_5,synth_dev_0,14,39.0,7151.059886745388,45.66193573409411,3.0,0.0,0.0,2.0,5.0,1.0,4.9500419921875,2.0,0.0,4.0,3.0,1,2,41,45,False,"[3, 1, 4, 6]",synthetic,True,2,True
2026-03-18T20:41:24.238595+00:00,SYN012,syn_SYN012_5,synth_dev_0,15,39.0,671.1812983275393,56.48647190148412,0.0,0.0,0.0,0.0,5.0,1.0,13.215823974609375,2.0,0.0,5.0,4.0,0,1,41,40,False,"[6, 4]",synthetic,True,2,True
2026-03-18T20:41:30.243899+00:00,SYN012,syn_SYN012_5,synth_dev_0,16,39.0,504.95434008893596,39.13573305860815,1.0,0.0,0.0,0.0,5.0,1.0,6.00530419921875,1.0,0.0,6.0,5.0,1,1,41,9,False,"[4, 1]",synthetic,True,2,True
2026-03-18T20:41:40.695232+00:00,SYN012,syn_SYN012_5,synth_dev_0,17,39.0,1488.8911087211216,68.39919970306684,2.0,0.0,0.0,1.0,5.0,1.0,10.451332763671875,1.0,1.0,0.0,6.0,2,2,41,41,True,"[6, 1, 4]",synthetic,True,2,True
2026-03-18T20:41:49.898190+00:00,SYN012,syn_SYN012_5,synth_dev_0,18,28.0,1636.0543118510361,128.44792852704617,0.0,0.5,0.25,0.0,5.0,1.0,582910.6390617676,1.0,2.0,0.0,1.0,2,0,25,25,True,"[5, 1, 4]",synthetic,True,2,True
2026-03-18T20:41:57.981813+00:00,SYN012,syn_SYN012_5,synth_dev_0,19,18.0,260.07177755145983,25.716956974847836,0.0,1.0,0.25,0.0,5.0,1.0,871247.1188969726,0.0,0.0,1.0,0.0,0,1,26,18,False,"[5, 2]",synthetic,True,2,True
2026-03-18T20:42:01.106717+00:00,SYN012,syn_SYN012_5,synth_dev_0,20,18.0,652.377661117411,37.47615492862223,1.0,0.5,0.1625,0.0,5.0,1.0,3.124904052734375,1.0,1.0,0.0,1.0,2,1,26,26,True,"[2, 4, 5]",synthetic,True,2,True
2026-03-18T20:42:13.294370+00:00,SYN012,syn_SYN012_5,synth_dev_0,21,27.0,852.6789915016237,90.41990090378798,0.0,0.0,0.0,0.0,5.0,1.0,604800.0,1.0,0.0,1.0,0.0,0,1,57,33,False,"[1, 6]",synthetic,True,2,True
2026-03-18T20:42:26.211825+00:00,SYN012,syn_SYN012_5,synth_dev_0,22,27.0,270.0829986046738,94.56600246816048,1.0,0.0,0.0,0.0,5.0,1.0,12.917455078125,1.0,0.0,2.0,1.0,1,1,57,41,False,"[1, 4, 6]",synthetic,True,2,True
2026-03-18T20:42:30.524504+00:00,SYN012,syn_SYN012_5,synth_dev_0,23,27.0,1259.3756108376251,67.65125106252832,2.0,0.0,0.0,1.0,5.0,1.0,4.312678955078125,1.0,1.0,0.0,2.0,2,2,57,57,True,"[1, 5, 4, 6]",synthetic,True,2,True
