created_at,user_id,session_id,device_id,attempt_index,char_id,response_time,press_duration,retry_count,prev_accuracy,prev_mastery,hint_count,session_number,difficulty_level,time_since_last_practice,prev_confidence,current_streak,wrong_streak,prev_mistakes,teaching_action,confidence_state,expected_pattern,entered_pattern,is_correct,press_order,source,is_synthetic,spec_version,braille_map_verified
2026-09-17T12:35:14.764453+00:00,synthetic,synth_gen_CONFIDENT_NORMAL,synthetic,0,36,955.1,139.6,0,0.7262,0.5845,0,9,4,70557.69211312878,0,6,0,2,2,0,38,38,True,,synthetic,True,2,True
2026-09-17T12:35:14.764453+00:00,synthetic,synth_gen_CONFIDENT_NORMAL,synthetic,1,4,1575.8,76.0,0,0.8424,0.7822,0,2,4,32981.74692658556,0,4,0,7,2,0,45,45,True,,synthetic,True,2,True
2026-09-17T12:35:14.764453+00:00,synthetic,synth_gen_CONFIDENT_NORMAL,synthetic,2,48,828.3,49.3,0,0.6,0.6332,0,2,1,81638.85398912705,0,1,0,8,2,0,23,23,True,,synthetic,True,2,True
2026-09-17T12:35:14.764453+00:00,synthetic,synth_gen_CONFIDENT_NORMAL,synthetic,3,31,884.5,98.9,0,1.0,0.6218,0,13,4,7230.349101328067,0,2,0,10,2,0,24,24,True,,synthetic,True,2,True
2026-09-17T12:35:14.764453+00:00,synthetic,synth_gen_CONFIDENT_NORMAL,synthetic,4,44,1598.6,115.4,0,0.6,0.7241,0,5,4,66514.28560799216,0,10,0,6,2,0,18,18,True,,synthetic,True,2,True
2026-09-17T12:35:14.764453+00:00,synthetic,synth_gen_CONFIDENT_NORMAL,synthetic,5,47,2026.0,37.6,0,0.7249,0.562,0,13,1,40206.28500387797,0,2,0,3,2,0,9,9,True,,synthetic,True,2,True
2026-09-17T12:35:14.764453+00:00,synthetic,synth_gen_CONFIDENT_NORMAL,synthetic,6,28,1865.1,98.1,0,0.6,0.5285,0,5,1,33068.436811404594,0,5,0,14,2,0,39,39,True,,synthetic,True,2,True
2026-09-17T12:35:14.764453+00:00,synthetic,synth_gen_CONFIDENT_NORMAL,synthetic,7,24,628.4,143.6,0,0.6,0.71,0,14,3,63325.621104512065,0,8,0,16,2,0,39,39,True,,synthetic,True,2,True
2026-09-17T12:35:14.764453+00:00,synthetic,synth_gen_CONFIDENT_NORMAL,synthetic,8,43,502.1,96.5,0,0.8701,0.6486,0,1,3,9590.97287404453,0,7,0,5,2,0,22,22,True,,synthetic,True,2,True
2026-09-17T12:35:14.764453+00:00,synthetic,synth_gen_CONFIDENT_NORMAL,synthetic,9,5,865.5,115.6,0,0.7846,0.5192,0,3,3,62487.14492458543,0,4,0,13,2,0,46,46,True,,synthetic,True,2,True
2026-09-17T12:35:14.764453+00:00,synthetic,synth_gen_CONFIDENT_NORMAL,synthetic,10,15,1939.3,56.5,0,0.9993,0.6638,0,7,3,16654.204034240403,0,6,0,20,2,0,6,6,True,,synthetic,True,2,True
2026-09-17T12:35:14.764453+00:00,synthetic,synth_gen_CONFIDENT_NORMAL,synthetic,11,31,1210.1,31.3,0,0.8268,0.674,0,5,5,43189.61895697343,0,3,0,7,2,0,54,54,True,,synthetic,True,2,True
2026-09-17T12:35:14.764453+00:00,synthetic,synth_gen_CONFIDENT_NORMAL,synthetic,12,29,1071.1,83.6,0,0.7182,0.5,0,4,2,12942.063345064118,0,4,0,2,2,0,48,48,True,,synthetic,True,2,True
2026-09-17T12:35:14.764453+00:00,synthetic,synth_gen_CONFIDENT_NORMAL,synthetic,13,22,550.6,85.9,0,0.9409,0.7054,0,8,2,50551.502278229025,0,2,0,19,2,0,11,11,True,,synthetic,True,2,True
2026-09-17T12:35:14.764453+00:00,synthetic,synth_gen_CONFIDENT_NORMAL,synthetic,14,0,1456.5,79.9,0,1.0,0.6371,0,3,1,38253.73903904091,0,5,0,0,2,0,5,5,True,,synthetic,True,2,True
2026-09-17T12:35:14.764453+00:00,synthetic,synth_gen_CONFIDENT_NORMAL,synthetic,15,13,788.3,120.4,0,0.91,0.5559,0,9,1,34886.92723776162,0,7,0,17,2,0,2,2,True,,synthetic,True,2,True
2026-09-17T12:35:14.764453+00:00,synthetic,synth_gen_CONFIDENT_NORMAL,synthetic,16,44,1070.5,40.4,0,0.6,0.6253,0,10,3,21579.286530752815,0,3,0,7,2,0,27,27,True,,synthetic,True,2,True
2026-09-17T12:35:14.764453+00:00,synthetic,synth_gen_CONFIDENT_NORMAL,synthetic,17,40,1288.0,41.3,0,0.8261,0.5,0,7,4,75673.7461671399,0,2,0,16,2,0,40,40,True,,synthetic,True,2,True
2026-09-17T12:35:14.764453+00:00,synthetic,synth_gen_CONFIDENT_NORMAL,synthetic,18,8,626.1,66.9,0,1.0,0.5,0,5,5,57009.84268589671,0,8,0,1,2,0,33,33,True,,synthetic,True,2,True
2026-09-17T12:35:14.764453+00:00,synthetic,synth_gen_CONFIDENT_NORMAL,synthetic,19,20,1030.2,87.0,0,0.8712,0.6345,0,12,4,78428.34801178626,0,2,0,5,2,0,26,26,True,,synthetic,True,2,True
2026-09-17T12:35:14.764453+00:00,synthetic,synth_gen_CONFIDENT_NORMAL,synthetic,20,10,1805.5,55.8,0,0.8969,0.5408,0,7,1,33901.19752470107,0,1,0,19,2,0,8,8,True,,synthetic,True,2,True
2026-09-17T12:35:14.764453+00:00,synthetic,synth_gen_CONFIDENT_NORMAL,synthetic,21,43,1721.4,178.8,0,1.0,0.6679,0,7,2,9519.776654538698,0,9,0,2,2,0,13,13,True,,synthetic,True,2,True
2026-09-17T12:35:14.764453+00:00,synthetic,synth_gen_CONFIDENT_NORMAL,synthetic,22,7,751.1,83.4,0,0.8123,0.6318,0,12,1,23960.759312919974,0,2,0,13,2,0,9,9,True,,synthetic,True,2,True
2026-09-17T12:35:14.764453+00:00,synthetic,synth_gen_CONFIDENT_NORMAL,synthetic,23,32,702.7,74.7,0,0.7127,0.536,0,13,3,2936.6764082910377,0,7,0,11,2,0,10,10,True,,synthetic,True,2,True
2026-09-17T12:35:14.764453+00:00,synthetic,synth_gen_CONFIDENT_NORMAL,synthetic,24,38,1543.3,81.8,0,0.669,0.5412,0,12,4,70331.6041182652,0,5,0,8,2,0,36,36,True,,synthetic,True,2,True
2026-09-17T12:35:14.764453+00:00,synthetic,synth_gen_CONFIDENT_NORMAL,synthetic,25,43,2124.1,82.2,0,0.8257,0.5,0,15,2,58107.8586712853,0,3,0,5,2,0,46,46,True,,synthetic,True,2,True
2026-09-17T12:35:14.764453+00:00,synthetic,synth_gen_CONFIDENT_NORMAL,synthetic,26,44,863.8,110.5,0,0.9582,0.5328,0,10,2,57072.54991989787,0,6,0,5,2,0,51,51,True,,synthetic,True,2,True
2026-09-17T12:35:14.764453+00:00,synthetic,synth_gen_CONFIDENT_NORMAL,synthetic,27,18,564.5,186.3,0,0.6812,0.5358,0,2,2,46013.60615744896,0,7,0,2,2,0,16,16,True,,synthetic,True,2,True
2026-09-17T12:35:14.764453+00:00,synthetic,synth_gen_CONFIDENT_NORMAL,synthetic,28,16,1599.1,57.7,0,0.7574,0.6486,0,6,5,28636.032838620707,0,10,0,0,2,0,1,1,True,,synthetic,True,2,True
2026-09-17T12:35:14.764453+00:00,synthetic,synth_gen_CONFIDENT_NORMAL,synthetic,29,0,1067.5,94.1,0,1.0,0.5478,0,13,1,60833.473617392396,0,4,0,5,2,0,4,4,True,,synthetic,True,2,True
2026-09-17T12:35:14.764453+00:00,synthetic,synth_gen_CONFIDENT_NORMAL,synthetic,30,4,2500,184.4,0,1.0,0.6947,0,5,1,75079.3520590075,0,6,0,10,2,0,6,6,True,,synthetic,True,2,True
2026-09-17T12:35:14.764453+00:00,synthetic,synth_gen_CONFIDENT_NORMAL,synthetic,31,21,743.4,65.0,0,0.6779,0.6968,0,12,4,69830.73881441787,0,6,0,3,2,0,47,47,True,,synthetic,True,2,True
2026-09-17T12:35:14.764453+00:00,synthetic,synth_gen_CONFIDENT_NORMAL,synthetic,32,0,889.0,44.4,0,1.0,0.7884,0,8,1,32965.60271772303,0,2,0,20,2,0,38,38,True,,synthetic,True,2,True
2026-09-17T12:35:14.764453+00:00,synthetic,synth_gen_CONFIDENT_NORMAL,synthetic,33,33,1055.6,66.0,0,0.9103,0.7104,0,15,3,20757.477687705396,0,10,0,0,2,0,34,34,True,,synthetic,True,2,True
2026-09-17T12:35:14.764453+00:00,synthetic,synth_gen_CONFIDENT_NORMAL,synthetic,34,34,1223.1,51.1,0,0.7633,0.5,0,2,1,39820.01514287038,0,1,0,9,2,0,5,5,True,,synthetic,True,2,True
2026-09-17T12:35:14.764453+00:00,synthetic,synth_gen_CONFIDENT_NORMAL,synthetic,35,35,1249.6,118.4,0,0.8305,0.7201,0,6,2,11698.447908427806,0,1,0,14,2,0,15,15,True,,synthetic,True,2,True
2026-09-17T12:35:14.764453+00:00,synthetic,synth_gen_CONFIDENT_NORMAL,synthetic,36,28,2500,167.0,0,0.7733,0.5932,0,10,3,48049.33012436328,0,10,0,13,2,0,45,45,True,,synthetic,True,2,True
2026-09-17T12:35:14.764453+00:00,synthetic,synth_gen_CONFIDENT_NORMAL,synthetic,37,35,1393.0,48.0,0,0.7301,0.5669,0,15,3,31290.746756746314,0,1,0,1,2,0,50,50,True,,synthetic,True,2,True
2026-09-17T12:35:14.764453+00:00,synthetic,synth_gen_CONFIDENT_NORMAL,synthetic,38,29,1020.5,91.6,0,0.7997,0.5,0,12,1,7.156215428328494,0,8,0,20,2,0,19,19,True,,synthetic,True,2,True
2026-09-17T12:35:14.764453+00:00,synthetic,synth_gen_CONFIDENT_NORMAL,synthetic,39,38,1933.3,42.6,0,1.0,0.6656,0,11,4,66235.24923419044,0,7,0,15,2,0,55,55,True,,synthetic,True,2,True
2026-09-17T12:35:14.764453+00:00,synthetic,synth_gen_CONFIDENT_NORMAL,synthetic,40,43,851.4,47.6,0,0.6,0.6335,0,9,2,76824.77698432155,0,7,0,3,2,0,12,12,True,,synthetic,True,2,True
2026-09-17T12:35:14.764453+00:00,synthetic,synth_gen_CONFIDENT_NORMAL,synthetic,41,32,1971.0,119.9,0,0.6134,0.5,0,6,5,20264.07098899735,0,1,0,4,2,0,13,13,True,,synthetic,True,2,True
2026-09-17T12:35:14.764453+00:00,synthetic,synth_gen_CONFIDENT_NORMAL,synthetic,42,18,670.3,131.0,0,0.8117,0.595,0,12,2,111.95559634802379,0,4,0,20,2,0,38,38,True,,synthetic,True,2,True
2026-09-17T12:35:14.764453+00:00,synthetic,synth_gen_CONFIDENT_NORMAL,synthetic,43,42,859.1,85.1,0,0.7896,0.5094,0,4,3,23803.502023732228,0,4,0,7,2,0,3,3,True,,synthetic,True,2,True
2026-09-17T12:35:14.764453+00:00,synthetic,synth_gen_CONFIDENT_NORMAL,synthetic,44,45,916.8,99.9,0,0.6,0.5603,0,10,2,16598.519849588374,0,7,0,1,2,0,9,9,True,,synthetic,True,2,True
2026-09-17T12:35:14.764453+00:00,synthetic,synth_gen_CONFIDENT_NORMAL,synthetic,45,5,1005.3,76.3,0,1.0,0.722,0,8,4,69946.88364654627,0,10,0,17,2,0,56,56,True,,synthetic,True,2,True
2026-09-17T12:35:14.764453+00:00,synthetic,synth_gen_CONFIDENT_NORMAL,synthetic,46,17,1024.1,143.7,0,0.6,0.6777,0,6,2,78828.93229545865,0,4,0,10,2,0,41,41,True,,synthetic,True,2,True
2026-09-17T12:35:14.764453+00:00,synthetic,synth_gen_CONFIDENT_NORMAL,synthetic,47,10,979.8,182.2,0,0.9672,0.7307,0,11,4,33485.78247493593,0,7,0,5,2,0,19,19,True,,synthetic,True,2,True
2026-09-17T12:35:14.764453+00:00,synthetic,synth_gen_CONFIDENT_NORMAL,synthetic,48,45,766.7,56.2,0,0.6818,0.8009,0,9,2,404.80396379168013,0,3,0,15,2,0,4,4,True,,synthetic,True,2,True
2026-09-17T12:35:14.764453+00:00,synthetic,synth_gen_CONFIDENT_NORMAL,synthetic,49,4,1975.3,118.6,0,0.7242,0.7827,0,8,3,77066.23672873442,0,6,0,11,2,0,45,45,True,,synthetic,True,2,True
2026-09-17T12:35:14.764453+00:00,synthetic,synth_gen_CONFIDENT_NORMAL,synthetic,50,32,756.8,54.6,0,0.8808,0.597,0,5,5,25675.24597217661,0,1,0,9,2,0,56,56,True,,synthetic,True,2,True
2026-09-17T12:35:14.764453+00:00,synthetic,synth_gen_CONFIDENT_NORMAL,synthetic,51,35,1551.5,90.4,0,0.9934,0.6861,0,6,2,49171.09749008745,0,6,0,15,2,0,15,15,True,,synthetic,True,2,True
2026-09-17T12:35:14.764453+00:00,synthetic,synth_gen_CONFIDENT_NORMAL,synthetic,52,6,946.4,70.7,0,0.7461,0.5,0,4,2,78899.31505801663,0,4,0,0,2,0,52,52,True,,synthetic,True,2,True
2026-09-17T12:35:14.764453+00:00,synthetic,synth_gen_CONFIDENT_NORMAL,synthetic,53,16,1973.3,73.0,0,1.0,0.7008,0,3,5,3612.8882664021658,0,5,0,7,2,0,20,20,True,,synthetic,True,2,True
2026-09-17T12:35:14.764453+00:00,synthetic,synth_gen_CONFIDENT_NORMAL,synthetic,54,1,1279.3,77.5,0,0.6858,0.5215,0,2,2,61333.75835393498,0,3,0,17,2,0,54,54,True,,synthetic,True,2,True
2026-09-17T12:35:14.764453+00:00,synthetic,synth_gen_CONFIDENT_NORMAL,synthetic,55,43,1126.8,72.1,0,0.761,0.5937,0,8,2,57554.75207498864,0,6,0,11,2,0,46,46,True,,synthetic,True,2,True
2026-09-17T12:35:14.764453+00:00,synthetic,synth_gen_CONFIDENT_NORMAL,synthetic,56,10,1035.4,174.8,0,1.0,0.7904,0,12,4,22018.618587887064,0,3,0,19,2,0,7,7,True,,synthetic,True,2,True
2026-09-17T12:35:14.764453+00:00,synthetic,synth_gen_CONFIDENT_NORMAL,synthetic,57,24,686.5,91.7,0,0.6482,0.6454,0,2,5,83170.26390085029,0,1,0,18,2,0,53,53,True,,synthetic,True,2,True
2026-09-17T12:35:14.764453+00:00,synthetic,synth_gen_CONFIDENT_NORMAL,synthetic,58,20,1230.7,40.1,0,0.8774,0.5703,0,15,2,8763.078099896302,0,1,0,11,2,0,14,14,True,,synthetic,True,2,True
2026-09-17T12:35:14.764453+00:00,synthetic,synth_gen_CONFIDENT_NORMAL,synthetic,59,13,1133.7,247.6,0,0.78,0.6067,0,9,4,41622.27431039112,0,6,0,15,2,0,34,34,True,,synthetic,True,2,True
2026-09-17T12:35:14.764453+00:00,synthetic,synth_gen_CONFIDENT_NORMAL,synthetic,60,22,1699.6,120.1,0,0.7291,0.5,0,13,4,52717.887139095394,0,5,0,6,2,0,22,22,True,,synthetic,True,2,True
2026-09-17T12:35:14.764453+00:00,synthetic,synth_gen_CONFIDENT_NORMAL,synthetic,61,32,1681.3,46.0,0,0.6518,0.7101,0,1,5,4838.136280805925,0,4,0,13,2,0,1,1,True,,synthetic,True,2,True
2026-09-17T12:35:14.764453+00:00,synthetic,synth_gen_CONFIDENT_NORMAL,synthetic,62,32,1539.5,74.5,0,1.0,0.539,0,4,4,64321.11137229617,0,4,0,4,2,0,33,33,True,,synthetic,True,2,True
2026-09-17T12:35:14.764453+00:00,synthetic,synth_gen_CONFIDENT_NORMAL,synthetic,63,23,1077.7,114.3,0,0.7223,0.5167,0,6,4,70095.06026589443,0,6,0,3,2,0,1,1,True,,synthetic,True,2,True
2026-09-17T12:35:14.764453+00:00,synthetic,synth_gen_CONFIDENT_NORMAL,synthetic,64,22,1069.1,136.2,0,0.9101,0.5741,0,12,1,79341.04159844067,0,1,0,13,2,0,61,61,True,,synthetic,True,2,True
2026-09-17T12:35:14.764453+00:00,synthetic,synth_gen_CONFIDENT_NORMAL,synthetic,65,26,1829.3,87.1,0,0.7808,0.585,0,13,5,1996.3806889192124,0,1,0,8,2,0,47,47,True,,synthetic,True,2,True
2026-09-17T12:35:14.764453+00:00,synthetic,synth_gen_CONFIDENT_NORMAL,synthetic,66,4,1994.8,57.7,0,0.7349,0.6502,0,7,1,62227.427461138264,0,3,0,1,2,0,29,29,True,,synthetic,True,2,True
2026-09-17T12:35:14.764453+00:00,synthetic,synth_gen_CONFIDENT_NORMAL,synthetic,67,39,628.6,229.5,0,0.7388,0.5512,0,9,5,714.529686888245,0,3,0,15,2,0,47,47,True,,synthetic,True,2,True
2026-09-17T12:35:14.764453+00:00,synthetic,synth_gen_CONFIDENT_NORMAL,synthetic,68,30,949.4,189.5,0,0.6621,0.5,0,13,2,85596.19486454563,0,2,0,0,2,0,44,44,True,,synthetic,True,2,True
2026-09-17T12:35:14.764453+00:00,synthetic,synth_gen_CONFIDENT_NORMAL,synthetic,69,31,923.5,178.7,0,0.6,0.6582,0,8,3,33593.593749861815,0,2,0,10,2,0,14,14,True,,synthetic,True,2,True
2026-09-17T12:35:14.764453+00:00,synthetic,synth_gen_CONFIDENT_NORMAL,synthetic,70,27,1210.9,111.2,0,0.6291,0.7804,0,12,5,83064.21587506135,0,3,0,20,2,0,49,49,True,,synthetic,True,2,True
2026-09-17T12:35:14.764453+00:00,synthetic,synth_gen_CONFIDENT_NORMAL,synthetic,71,30,1274.2,96.4,0,0.9625,0.6071,0,11,4,44108.3638314198,0,6,0,10,2,0,11,11,True,,synthetic,True,2,True
2026-09-17T12:35:14.764453+00:00,synthetic,synth_gen_CONFIDENT_NORMAL,synthetic,72,45,1408.2,153.3,0,0.6754,0.5,0,3,1,75114.89931261458,0,6,0,17,2,0,63,63,True,,synthetic,True,2,True
2026-09-17T12:35:14.764453+00:00,synthetic,synth_gen_CONFIDENT_NORMAL,synthetic,73,37,794.7,114.7,0,1.0,0.5,0,3,4,51856.30922306067,0,9,0,18,2,0,39,39,True,,synthetic,True,2,True
2026-09-17T12:35:14.764453+00:00,synthetic,synth_gen_CONFIDENT_NORMAL,synthetic,74,23,1155.0,36.8,0,0.6,0.5726,0,3,1,79616.4442516529,0,4,0,12,2,0,1,1,True,,synthetic,True,2,True
2026-09-17T12:35:14.764453+00:00,synthetic,synth_gen_CONFIDENT_NORMAL,synthetic,75,23,1176.5,59.2,0,0.9635,0.5929,0,10,2,27908.091741968063,0,8,0,2,2,0,46,46,True,,synthetic,True,2,True
2026-09-17T12:35:14.764453+00:00,synthetic,synth_gen_CONFIDENT_NORMAL,synthetic,76,24,1463.7,74.1,0,0.6262,0.5838,0,13,5,47269.08343912665,0,1,0,3,2,0,11,11,True,,synthetic,True,2,True
2026-09-17T12:35:14.764453+00:00,synthetic,synth_gen_CONFIDENT_NORMAL,synthetic,77,13,793.2,90.8,0,0.8387,0.5207,0,8,4,46949.69859235191,0,8,0,1,2,0,47,47,True,,synthetic,True,2,True
2026-09-17T12:35:14.764453+00:00,synthetic,synth_gen_CONFIDENT_NORMAL,synthetic,78,20,1270.1,69.3,0,0.6007,0.6375,0,11,4,27982.1869273309,0,4,0,17,2,0,5,5,True,,synthetic,True,2,True
2026-09-17T12:35:14.764453+00:00,synthetic,synth_gen_CONFIDENT_NORMAL,synthetic,79,10,1601.0,155.7,0,0.8565,0.9,0,6,2,9804.783335774087,0,3,0,18,2,0,43,43,True,,synthetic,True,2,True
2026-09-17T12:35:14.764453+00:00,synthetic,synth_gen_CONFIDENT_NORMAL,synthetic,80,0,1915.6,113.3,0,0.8831,0.6391,0,7,4,28630.63985924416,0,7,0,1,2,0,8,8,True,,synthetic,True,2,True
2026-09-17T12:35:14.764453+00:00,synthetic,synth_gen_CONFIDENT_NORMAL,synthetic,81,19,719.2,143.6,0,0.6844,0.6673,0,5,4,21556.937885189265,0,1,0,18,2,0,20,20,True,,synthetic,True,2,True
2026-09-17T12:35:14.764453+00:00,synthetic,synth_gen_CONFIDENT_NORMAL,synthetic,82,43,981.2,60.8,0,0.6784,0.5014,0,12,3,53944.714115761264,0,5,0,10,2,0,11,11,True,,synthetic,True,2,True
2026-09-17T12:35:14.764453+00:00,synthetic,synth_gen_CONFIDENT_NORMAL,synthetic,83,37,1204.9,44.0,0,0.818,0.7027,0,4,1,20151.99708422821,0,9,0,2,2,0,47,47,True,,synthetic,True,2,True
2026-09-17T12:35:14.764453+00:00,synthetic,synth_gen_CONFIDENT_NORMAL,synthetic,84,21,1263.8,101.1,0,0.7208,0.5,0,12,4,39589.03027681755,0,7,0,12,2,0,52,52,True,,synthetic,True,2,True
2026-09-17T12:35:14.764453+00:00,synthetic,synth_gen_CONFIDENT_NORMAL,synthetic,85,5,1711.5,42.6,0,0.7088,0.5,0,7,4,32868.84289644505,0,10,0,6,2,0,11,11,True,,synthetic,True,2,True
2026-09-17T12:35:14.764453+00:00,synthetic,synth_gen_CONFIDENT_NORMAL,synthetic,86,32,664.8,170.6,0,0.8367,0.7274,0,6,2,62067.61961215063,0,1,0,8,2,0,48,48,True,,synthetic,True,2,True
2026-09-17T12:35:14.764453+00:00,synthetic,synth_gen_CONFIDENT_NORMAL,synthetic,87,39,1736.7,87.8,0,0.9846,0.7505,0,12,3,86086.84772669002,0,9,0,16,2,0,25,25,True,,synthetic,True,2,True
2026-09-17T12:35:14.764453+00:00,synthetic,synth_gen_CONFIDENT_NORMAL,synthetic,88,49,1616.5,52.3,0,0.6,0.6043,0,10,1,22174.222593871877,0,5,0,9,2,0,43,43,True,,synthetic,True,2,True
2026-09-17T12:35:14.764453+00:00,synthetic,synth_gen_CONFIDENT_NORMAL,synthetic,89,19,2500,148.6,0,0.9086,0.669,0,4,3,24397.389679106105,0,7,0,8,2,0,7,7,True,,synthetic,True,2,True
2026-09-17T12:35:14.764453+00:00,synthetic,synth_gen_CONFIDENT_NORMAL,synthetic,90,46,1635.5,141.3,0,0.9862,0.5763,0,14,1,76567.33319307737,0,6,0,1,2,0,6,6,True,,synthetic,True,2,True
2026-09-17T12:35:14.764453+00:00,synthetic,synth_gen_CONFIDENT_NORMAL,synthetic,91,11,949.4,102.3,0,0.9417,0.7996,0,1,4,36098.70617759019,0,6,0,20,2,0,62,62,True,,synthetic,True,2,True
2026-09-17T12:35:14.764453+00:00,synthetic,synth_gen_CONFIDENT_NORMAL,synthetic,92,34,2500,158.9,0,0.7781,0.5961,0,5,1,13182.310999708445,0,9,0,6,2,0,5,5,True,,synthetic,True,2,True
2026-09-17T12:35:14.764453+00:00,synthetic,synth_gen_CONFIDENT_NORMAL,synthetic,93,21,2500,115.5,0,0.9326,0.6228,0,11,1,14863.893358665628,0,8,0,7,2,0,3,3,True,,synthetic,True,2,True
2026-09-17T12:35:14.764453+00:00,synthetic,synth_gen_CONFIDENT_NORMAL,synthetic,94,27,976.4,123.2,0,0.8833,0.5176,0,4,2,15909.93128781793,0,10,0,13,2,0,35,35,True,,synthetic,True,2,True
2026-09-17T12:35:14.764453+00:00,synthetic,synth_gen_CONFIDENT_NORMAL,synthetic,95,37,1059.7,65.8,0,0.8297,0.6365,0,3,1,61068.95834666285,0,1,0,13,2,0,39,39,True,,synthetic,True,2,True
2026-09-17T12:35:14.764453+00:00,synthetic,synth_gen_CONFIDENT_NORMAL,synthetic,96,18,770.5,73.7,0,0.6433,0.5872,0,1,4,85354.88009607785,0,8,0,6,2,0,34,34,True,,synthetic,True,2,True
2026-09-17T12:35:14.764453+00:00,synthetic,synth_gen_CONFIDENT_NORMAL,synthetic,97,4,2343.0,76.3,0,0.6,0.6098,0,7,2,80124.02644904124,0,3,0,0,2,0,15,15,True,,synthetic,True,2,True
2026-09-17T12:35:14.764453+00:00,synthetic,synth_gen_CONFIDENT_NORMAL,synthetic,98,42,2136.5,110.9,0,0.9094,0.5,0,7,1,37878.19490626756,0,10,0,19,2,0,18,18,True,,synthetic,True,2,True
2026-09-17T12:35:14.764453+00:00,synthetic,synth_gen_CONFIDENT_NORMAL,synthetic,99,33,1135.6,131.0,0,1.0,0.5226,0,3,2,12664.34344941541,0,9,0,10,2,0,18,18,True,,synthetic,True,2,True
2026-09-17T12:35:14.764453+00:00,synthetic,synth_gen_CONFIDENT_NORMAL,synthetic,100,0,1843.4,281.6,0,0.6674,0.6628,0,3,3,22135.857678604407,0,7,0,15,2,0,17,17,True,,synthetic,True,2,True
2026-09-17T12:35:14.764453+00:00,synthetic,synth_gen_CONFIDENT_NORMAL,synthetic,101,48,985.8,128.5,0,0.8602,0.5798,0,13,1,34807.69540247379,0,10,0,0,2,0,43,43,True,,synthetic,True,2,True
2026-09-17T12:35:14.764453+00:00,synthetic,synth_gen_CONFIDENT_NORMAL,synthetic,102,43,780.4,77.6,0,0.8095,0.5,0,7,5,27725.73012285121,0,9,0,13,2,0,35,35,True,,synthetic,True,2,True
2026-09-17T12:35:14.764453+00:00,synthetic,synth_gen_CONFIDENT_NORMAL,synthetic,103,6,784.0,118.9,0,1.0,0.5003,0,12,4,57890.02257993643,0,1,0,6,2,0,25,25,True,,synthetic,True,2,True
2026-09-17T12:35:14.764453+00:00,synthetic,synth_gen_CONFIDENT_NORMAL,synthetic,104,8,543.0,114.3,0,0.8111,0.6368,0,5,3,67199.3653110813,0,6,0,14,2,0,15,15,True,,synthetic,True,2,True
2026-09-17T12:35:14.764453+00:00,synthetic,synth_gen_CONFIDENT_NORMAL,synthetic,105,0,1438.4,111.8,0,0.7115,0.5394,0,5,4,71178.11510781097,0,9,0,10,2,0,37,37,True,,synthetic,True,2,True
2026-09-17T12:35:14.764453+00:00,synthetic,synth_gen_CONFIDENT_NORMAL,synthetic,106,4,1698.1,85.1,0,0.823,0.5463,0,8,3,52087.76304635288,0,1,0,19,2,0,32,32,True,,synthetic,True,2,True
2026-09-17T12:35:14.764453+00:00,synthetic,synth_gen_CONFIDENT_NORMAL,synthetic,107,12,1191.2,102.5,0,0.6,0.607,0,6,2,2541.4994411609728,0,5,0,5,2,0,50,50,True,,synthetic,True,2,True
2026-09-17T12:35:14.764453+00:00,synthetic,synth_gen_CONFIDENT_NORMAL,synthetic,108,16,1304.5,296.1,0,0.8285,0.685,0,4,2,73440.4366370191,0,2,0,3,2,0,13,13,True,,synthetic,True,2,True
2026-09-17T12:35:14.764453+00:00,synthetic,synth_gen_CONFIDENT_NORMAL,synthetic,109,19,602.4,186.9,0,0.92,0.7465,0,13,1,28695.985708065622,0,9,0,18,2,0,35,35,True,,synthetic,True,2,True
2026-09-17T12:35:14.764453+00:00,synthetic,synth_gen_CONFIDENT_NORMAL,synthetic,110,43,459.4,86.7,0,0.8277,0.5,0,5,2,7404.816426864382,0,7,0,14,2,0,10,10,True,,synthetic,True,2,True
2026-09-17T12:35:14.764453+00:00,synthetic,synth_gen_CONFIDENT_NORMAL,synthetic,111,2,1865.4,75.0,0,1.0,0.5463,0,3,4,67374.22858901827,0,9,0,14,2,0,40,40,True,,synthetic,True,2,True
2026-09-17T12:35:14.764453+00:00,synthetic,synth_gen_CONFIDENT_NORMAL,synthetic,112,15,1892.7,60.1,0,0.9845,0.5998,0,6,1,42815.181081684124,0,7,0,2,2,0,42,42,True,,synthetic,True,2,True
2026-09-17T12:35:14.764453+00:00,synthetic,synth_gen_CONFIDENT_NORMAL,synthetic,113,2,813.2,127.1,0,0.6,0.5,0,10,5,46262.35592256842,0,6,0,18,2,0,47,47,True,,synthetic,True,2,True
2026-09-17T12:35:14.764453+00:00,synthetic,synth_gen_CONFIDENT_NORMAL,synthetic,114,19,716.3,134.5,0,0.6,0.5104,0,8,4,10448.771217129304,0,10,0,19,2,0,51,51,True,,synthetic,True,2,True
2026-09-17T12:35:14.764453+00:00,synthetic,synth_gen_CONFIDENT_NORMAL,synthetic,115,26,846.5,94.8,0,0.6306,0.639,0,15,2,71601.42317476192,0,3,0,13,2,0,43,43,True,,synthetic,True,2,True
2026-09-17T12:35:14.764453+00:00,synthetic,synth_gen_CONFIDENT_NORMAL,synthetic,116,36,1361.9,157.6,0,0.8735,0.7825,0,2,4,11968.151345606439,0,9,0,8,2,0,35,35,True,,synthetic,True,2,True
2026-09-17T12:35:14.764453+00:00,synthetic,synth_gen_CONFIDENT_NORMAL,synthetic,117,0,1475.3,58.1,0,0.8666,0.6751,0,9,3,33590.80083102241,0,6,0,3,2,0,19,19,True,,synthetic,True,2,True
2026-09-17T12:35:14.764453+00:00,synthetic,synth_gen_CONFIDENT_NORMAL,synthetic,118,11,957.4,61.7,0,0.7584,0.5257,0,11,3,39213.75255737339,0,10,0,14,2,0,24,24,True,,synthetic,True,2,True
2026-09-17T12:35:14.764453+00:00,synthetic,synth_gen_CONFIDENT_NORMAL,synthetic,119,42,641.8,52.6,0,0.6,0.6572,0,15,2,12381.182339238596,0,1,0,4,2,0,60,60,True,,synthetic,True,2,True
2026-09-17T12:35:14.764453+00:00,synthetic,synth_gen_CONFIDENT_NORMAL,synthetic,120,29,1577.5,136.1,0,0.9399,0.5,0,7,5,55534.203289260375,0,4,0,15,2,0,17,17,True,,synthetic,True,2,True
2026-09-17T12:35:14.764453+00:00,synthetic,synth_gen_CONFIDENT_NORMAL,synthetic,121,18,361.1,89.4,0,0.8743,0.5,0,3,2,21948.524724183662,0,2,0,5,2,0,16,16,True,,synthetic,True,2,True
2026-09-17T12:35:14.764453+00:00,synthetic,synth_gen_CONFIDENT_NORMAL,synthetic,122,43,1657.6,244.4,0,0.6617,0.5401,0,11,4,43991.05109852069,0,2,0,17,2,0,61,61,True,,synthetic,True,2,True
2026-09-17T12:35:14.764453+00:00,synthetic,synth_gen_CONFIDENT_NORMAL,synthetic,123,35,2261.5,87.6,0,1.0,0.5793,0,4,5,78121.17110637699,0,4,0,7,2,0,3,3,True,,synthetic,True,2,True
2026-09-17T12:35:14.764453+00:00,synthetic,synth_gen_CONFIDENT_NORMAL,synthetic,124,17,1348.5,154.1,0,0.686,0.5575,0,3,1,79141.43672189629,0,8,0,20,2,0,7,7,True,,synthetic,True,2,True
2026-09-17T12:35:14.764453+00:00,synthetic,synth_gen_CONFIDENT_NORMAL,synthetic,125,42,614.8,112.7,0,0.6,0.766,0,1,5,55311.27650221582,0,9,0,15,2,0,1,1,True,,synthetic,True,2,True
2026-09-17T12:35:14.764453+00:00,synthetic,synth_gen_CONFIDENT_NORMAL,synthetic,126,44,1027.0,59.8,0,0.813,0.5,0,9,1,70611.87449687032,0,8,0,19,2,0,7,7,True,,synthetic,True,2,True
2026-09-17T12:35:14.764453+00:00,synthetic,synth_gen_CONFIDENT_NORMAL,synthetic,127,1,1223.1,173.8,0,0.6699,0.5,0,7,5,73416.55202217946,0,9,0,20,2,0,43,43,True,,synthetic,True,2,True
2026-09-17T12:35:14.764453+00:00,synthetic,synth_gen_CONFIDENT_NORMAL,synthetic,128,38,578.1,206.2,0,0.7354,0.7458,0,11,3,61360.60338099526,0,10,0,12,2,0,59,59,True,,synthetic,True,2,True
2026-09-17T12:35:14.764453+00:00,synthetic,synth_gen_CONFIDENT_NORMAL,synthetic,129,40,470.8,71.6,0,0.8183,0.7847,0,5,3,13123.503688830535,0,5,0,2,2,0,54,54,True,,synthetic,True,2,True
2026-09-17T12:35:14.764453+00:00,synthetic,synth_gen_CONFIDENT_NORMAL,synthetic,130,26,936.5,76.0,0,0.6,0.6845,0,7,1,59959.814167421246,0,1,0,16,2,0,10,10,True,,synthetic,True,2,True
2026-09-17T12:35:14.764453+00:00,synthetic,synth_gen_CONFIDENT_NORMAL,synthetic,131,0,2197.7,103.9,0,0.9484,0.6346,0,10,2,55604.971341949495,0,8,0,15,2,0,11,11,True,,synthetic,True,2,True
2026-09-17T12:35:14.764453+00:00,synthetic,synth_gen_CONFIDENT_NORMAL,synthetic,132,44,2050.9,153.6,0,0.6,0.6608,0,7,1,42429.02005426888,0,3,0,12,2,0,49,49,True,,synthetic,True,2,True
2026-09-17T12:35:14.764453+00:00,synthetic,synth_gen_CONFIDENT_NORMAL,synthetic,133,27,651.5,140.4,0,0.6176,0.6302,0,5,4,79352.69368856968,0,6,0,13,2,0,34,34,True,,synthetic,True,2,True
2026-09-17T12:35:14.764453+00:00,synthetic,synth_gen_CONFIDENT_NORMAL,synthetic,134,36,1261.9,104.5,0,0.942,0.8106,0,2,3,23734.068579189447,0,1,0,17,2,0,52,52,True,,synthetic,True,2,True
2026-09-17T12:35:14.764453+00:00,synthetic,synth_gen_CONFIDENT_NORMAL,synthetic,135,14,1048.1,73.7,0,1.0,0.6268,0,6,4,30265.537530006506,0,1,0,18,2,0,2,2,True,,synthetic,True,2,True
2026-09-17T12:35:14.764453+00:00,synthetic,synth_gen_CONFIDENT_NORMAL,synthetic,136,29,1041.4,154.3,0,0.8405,0.6621,0,13,1,71758.15028314236,0,8,0,1,2,0,13,13,True,,synthetic,True,2,True
2026-09-17T12:35:14.764453+00:00,synthetic,synth_gen_CONFIDENT_NORMAL,synthetic,137,1,1576.3,98.6,0,0.6589,0.6421,0,3,5,30401.80107941191,0,4,0,6,2,0,54,54,True,,synthetic,True,2,True
2026-09-17T12:35:14.764453+00:00,synthetic,synth_gen_CONFIDENT_NORMAL,synthetic,138,18,1747.2,118.0,0,0.6,0.5697,0,3,2,13105.702061743405,0,3,0,16,2,0,6,6,True,,synthetic,True,2,True
2026-09-17T12:35:14.764453+00:00,synthetic,synth_gen_CONFIDENT_NORMAL,synthetic,139,39,1421.9,129.9,0,0.8147,0.6732,0,10,2,17141.940420555427,0,5,0,19,2,0,6,6,True,,synthetic,True,2,True
2026-09-17T12:35:14.764453+00:00,synthetic,synth_gen_CONFIDENT_NORMAL,synthetic,140,36,928.2,73.5,0,0.7987,0.6166,0,9,2,44873.480025855664,0,4,0,12,2,0,17,17,True,,synthetic,True,2,True
2026-09-17T12:35:14.764453+00:00,synthetic,synth_gen_CONFIDENT_NORMAL,synthetic,141,6,653.3,105.6,0,0.6,0.5,0,14,3,21779.073438396976,0,5,0,15,2,0,18,18,True,,synthetic,True,2,True
2026-09-17T12:35:14.764453+00:00,synthetic,synth_gen_CONFIDENT_NORMAL,synthetic,142,7,1389.1,96.3,0,0.9622,0.611,0,7,1,69519.23557883443,0,2,0,9,2,0,25,25,True,,synthetic,True,2,True
2026-09-17T12:35:14.764453+00:00,synthetic,synth_gen_CONFIDENT_NORMAL,synthetic,143,31,903.1,225.2,0,0.8993,0.737,0,12,1,67563.27825299372,0,3,0,4,2,0,45,45,True,,synthetic,True,2,True
2026-09-17T12:35:14.764453+00:00,synthetic,synth_gen_CONFIDENT_NORMAL,synthetic,144,6,996.7,163.6,0,0.7893,0.7175,0,15,3,65680.14380866347,0,3,0,17,2,0,56,56,True,,synthetic,True,2,True
2026-09-17T12:35:14.764453+00:00,synthetic,synth_gen_CONFIDENT_NORMAL,synthetic,145,3,2500,195.1,0,0.6,0.5,0,2,2,14612.960958851965,0,1,0,13,2,0,63,63,True,,synthetic,True,2,True
2026-09-17T12:35:14.764453+00:00,synthetic,synth_gen_CONFIDENT_NORMAL,synthetic,146,1,941.3,97.2,0,0.8355,0.7143,0,3,1,49448.10974736562,0,2,0,9,2,0,55,55,True,,synthetic,True,2,True
2026-09-17T12:35:14.764453+00:00,synthetic,synth_gen_CONFIDENT_NORMAL,synthetic,147,20,1048.6,60.9,0,0.7403,0.745,0,14,4,31706.008254436234,0,8,0,3,2,0,56,56,True,,synthetic,True,2,True
2026-09-17T12:35:14.764453+00:00,synthetic,synth_gen_CONFIDENT_NORMAL,synthetic,148,3,1375.0,93.5,0,0.9159,0.81,0,5,2,24237.64759843763,0,9,0,19,2,0,50,50,True,,synthetic,True,2,True
2026-09-17T12:35:14.764453+00:00,synthetic,synth_gen_CONFIDENT_NORMAL,synthetic,149,13,2019.5,199.1,0,0.7695,0.6918,0,2,5,27580.875899069615,0,2,0,2,2,0,22,22,True,,synthetic,True,2,True
2026-09-17T12:35:14.764453+00:00,synthetic,synth_gen_CONFIDENT_NORMAL,synthetic,150,36,1137.0,50.8,0,1.0,0.5903,0,5,1,67309.21834868254,0,7,0,17,2,0,52,52,True,,synthetic,True,2,True
2026-09-17T12:35:14.764453+00:00,synthetic,synth_gen_CONFIDENT_NORMAL,synthetic,151,44,1542.9,81.4,0,0.6,0.7654,0,12,4,8159.891015680402,0,5,0,16,2,0,36,36,True,,synthetic,True,2,True
2026-09-17T12:35:14.764453+00:00,synthetic,synth_gen_CONFIDENT_NORMAL,synthetic,152,23,812.0,100.6,0,0.6777,0.7366,0,7,3,36587.448198858314,0,1,0,9,2,0,16,16,True,,synthetic,True,2,True
2026-09-17T12:35:14.764453+00:00,synthetic,synth_gen_CONFIDENT_NORMAL,synthetic,153,5,1173.5,115.1,0,0.7686,0.7059,0,12,1,58402.47202412268,0,5,0,3,2,0,56,56,True,,synthetic,True,2,True
2026-09-17T12:35:14.764453+00:00,synthetic,synth_gen_CONFIDENT_NORMAL,synthetic,154,27,1220.0,225.0,0,0.7347,0.6017,0,4,1,85084.61767675595,0,1,0,6,2,0,28,28,True,,synthetic,True,2,True
2026-09-17T12:35:14.764453+00:00,synthetic,synth_gen_CONFIDENT_NORMAL,synthetic,155,45,836.2,150.5,0,0.7476,0.5955,0,14,4,12752.098969529197,0,10,0,12,2,0,11,11,True,,synthetic,True,2,True
2026-09-17T12:35:14.764453+00:00,synthetic,synth_gen_CONFIDENT_NORMAL,synthetic,156,1,934.8,102.2,0,0.8175,0.6419,0,8,2,28807.016312042222,0,3,0,17,2,0,10,10,True,,synthetic,True,2,True
2026-09-17T12:35:14.764453+00:00,synthetic,synth_gen_CONFIDENT_NORMAL,synthetic,157,48,762.3,117.2,0,0.9155,0.7038,0,14,1,5779.220587030682,0,9,0,13,2,0,9,9,True,,synthetic,True,2,True
2026-09-17T12:35:14.764453+00:00,synthetic,synth_gen_CONFIDENT_NORMAL,synthetic,158,34,774.0,81.6,0,0.7264,0.5,0,5,1,75941.84013028636,0,8,0,5,2,0,3,3,True,,synthetic,True,2,True
2026-09-17T12:35:14.764453+00:00,synthetic,synth_gen_CONFIDENT_NORMAL,synthetic,159,48,1059.5,158.8,0,1.0,0.5557,0,3,4,81918.09884493868,0,3,0,20,2,0,48,48,True,,synthetic,True,2,True
2026-09-17T12:35:14.764453+00:00,synthetic,synth_gen_CONFIDENT_NORMAL,synthetic,160,8,765.3,187.5,0,0.6923,0.5,0,1,5,68486.97248889854,0,2,0,6,2,0,32,32,True,,synthetic,True,2,True
2026-09-17T12:35:14.764453+00:00,synthetic,synth_gen_CONFIDENT_NORMAL,synthetic,161,26,1333.1,121.9,0,0.7917,0.7831,0,7,1,53762.529800748234,0,2,0,9,2,0,60,60,True,,synthetic,True,2,True
2026-09-17T12:35:14.764453+00:00,synthetic,synth_gen_CONFIDENT_NORMAL,synthetic,162,7,2171.8,123.7,0,0.7971,0.5295,0,14,3,27541.78664094965,0,3,0,11,2,0,34,34,True,,synthetic,True,2,True
2026-09-17T12:35:14.764453+00:00,synthetic,synth_gen_CONFIDENT_NORMAL,synthetic,163,3,764.2,203.8,0,0.8245,0.6121,0,6,4,70719.61707001818,0,3,0,10,2,0,12,12,True,,synthetic,True,2,True
2026-09-17T12:35:14.764453+00:00,synthetic,synth_gen_CONFIDENT_NORMAL,synthetic,164,25,2500,160.4,0,0.8987,0.6667,0,1,3,75560.16887712585,0,1,0,5,2,0,46,46,True,,synthetic,True,2,True
2026-09-17T12:35:14.764453+00:00,synthetic,synth_gen_CONFIDENT_NORMAL,synthetic,165,22,1971.8,224.4,0,0.7231,0.556,0,7,5,19780.84892154042,0,9,0,10,2,0,11,11,True,,synthetic,True,2,True
2026-09-17T12:35:14.764453+00:00,synthetic,synth_gen_CONFIDENT_NORMAL,synthetic,166,31,1652.8,104.2,0,0.9334,0.6388,0,4,5,79799.68315888231,0,6,0,7,2,0,63,63,True,,synthetic,True,2,True
2026-09-17T12:35:14.764453+00:00,synthetic,synth_gen_CONFIDENT_NORMAL,synthetic,167,38,2407.8,103.8,0,0.8685,0.511,0,15,4,66619.73428471555,0,3,0,20,2,0,45,45,True,,synthetic,True,2,True
2026-09-17T12:35:14.764453+00:00,synthetic,synth_gen_CONFIDENT_NORMAL,synthetic,168,6,920.6,87.4,0,0.6906,0.5756,0,5,4,33679.04356114409,0,6,0,20,2,0,3,3,True,,synthetic,True,2,True
2026-09-17T12:35:14.764453+00:00,synthetic,synth_gen_CONFIDENT_NORMAL,synthetic,169,47,1168.7,148.1,0,0.8416,0.6779,0,1,5,55849.064485337956,0,1,0,20,2,0,19,19,True,,synthetic,True,2,True
2026-09-17T12:35:14.764453+00:00,synthetic,synth_gen_CONFIDENT_NORMAL,synthetic,170,18,1010.2,58.7,0,0.9625,0.5225,0,6,5,52981.26588547836,0,7,0,9,2,0,32,32,True,,synthetic,True,2,True
2026-09-17T12:35:14.764453+00:00,synthetic,synth_gen_CONFIDENT_NORMAL,synthetic,171,43,1808.1,57.2,0,0.6484,0.6165,0,7,2,67309.66623646511,0,4,0,9,2,0,39,39,True,,synthetic,True,2,True
2026-09-17T12:35:14.764453+00:00,synthetic,synth_gen_CONFIDENT_NORMAL,synthetic,172,46,1298.3,85.0,0,0.9568,0.6218,0,13,1,56573.04406029943,0,6,0,0,2,0,45,45,True,,synthetic,True,2,True
2026-09-17T12:35:14.764453+00:00,synthetic,synth_gen_CONFIDENT_NORMAL,synthetic,173,10,1039.2,110.3,0,0.7323,0.5,0,14,5,54696.57990587257,0,4,0,7,2,0,48,48,True,,synthetic,True,2,True
2026-09-17T12:35:14.764453+00:00,synthetic,synth_gen_CONFIDENT_NORMAL,synthetic,174,41,2500,116.6,0,0.9296,0.6489,0,10,2,59275.129659448095,0,2,0,11,2,0,4,4,True,,synthetic,True,2,True
2026-09-17T12:35:14.764453+00:00,synthetic,synth_gen_CONFIDENT_NORMAL,synthetic,175,18,656.4,157.0,0,0.7817,0.7209,0,11,5,41491.47738467556,0,6,0,15,2,0,18,18,True,,synthetic,True,2,True
2026-09-17T12:35:14.764453+00:00,synthetic,synth_gen_CONFIDENT_NORMAL,synthetic,176,3,1017.0,81.8,0,0.7606,0.669,0,12,1,53781.78035232124,0,9,0,20,2,0,63,63,True,,synthetic,True,2,True
2026-09-17T12:35:14.764453+00:00,synthetic,synth_gen_CONFIDENT_NORMAL,synthetic,177,10,807.0,156.2,0,0.8349,0.6325,0,4,4,1591.5004919779922,0,7,0,1,2,0,11,11,True,,synthetic,True,2,True
2026-09-17T12:35:14.764453+00:00,synthetic,synth_gen_CONFIDENT_NORMAL,synthetic,178,40,1564.8,154.5,0,0.9864,0.5513,0,4,5,1791.4159882264112,0,10,0,5,2,0,56,56,True,,synthetic,True,2,True
2026-09-17T12:35:14.764453+00:00,synthetic,synth_gen_CONFIDENT_NORMAL,synthetic,179,36,1037.7,166.1,0,0.727,0.5271,0,5,4,66871.68040211647,0,9,0,18,2,0,45,45,True,,synthetic,True,2,True
2026-09-17T12:35:14.764453+00:00,synthetic,synth_gen_CONFIDENT_NORMAL,synthetic,180,12,516.1,97.9,0,0.6908,0.6193,0,3,3,27838.99116050822,0,9,0,3,2,0,41,41,True,,synthetic,True,2,True
2026-09-17T12:35:14.764453+00:00,synthetic,synth_gen_CONFIDENT_NORMAL,synthetic,181,29,1372.5,166.7,0,0.6,0.5983,0,6,1,30254.379126916218,0,8,0,14,2,0,52,52,True,,synthetic,True,2,True
2026-09-17T12:35:14.764453+00:00,synthetic,synth_gen_CONFIDENT_NORMAL,synthetic,182,18,1380.1,76.7,0,0.6728,0.656,0,9,3,16185.465627056663,0,6,0,15,2,0,12,12,True,,synthetic,True,2,True
2026-09-17T12:35:14.764453+00:00,synthetic,synth_gen_CONFIDENT_NORMAL,synthetic,183,19,752.6,152.9,0,0.8474,0.7536,0,6,3,78019.76479541934,0,7,0,19,2,0,42,42,True,,synthetic,True,2,True
2026-09-17T12:35:14.764453+00:00,synthetic,synth_gen_CONFIDENT_NORMAL,synthetic,184,1,1315.0,191.8,0,0.9039,0.5702,0,8,4,59515.65357530001,0,7,0,7,2,0,22,22,True,,synthetic,True,2,True
2026-09-17T12:35:14.764453+00:00,synthetic,synth_gen_CONFIDENT_NORMAL,synthetic,185,32,479.3,112.2,0,0.892,0.5,0,7,3,57085.33480731993,0,9,0,2,2,0,10,10,True,,synthetic,True,2,True
2026-09-17T12:35:14.764453+00:00,synthetic,synth_gen_CONFIDENT_NORMAL,synthetic,186,41,739.3,123.8,0,0.6959,0.6749,0,1,5,40795.38541294478,0,9,0,13,2,0,39,39,True,,synthetic,True,2,True
2026-09-17T12:35:14.764453+00:00,synthetic,synth_gen_CONFIDENT_NORMAL,synthetic,187,45,1489.8,51.4,0,0.6149,0.6837,0,7,2,57379.60204335973,0,2,0,4,2,0,23,23,True,,synthetic,True,2,True
2026-09-17T12:35:14.764453+00:00,synthetic,synth_gen_CONFIDENT_NORMAL,synthetic,188,6,1324.7,76.6,0,1.0,0.5577,0,2,3,30707.709856035737,0,9,0,11,2,0,10,10,True,,synthetic,True,2,True
2026-09-17T12:35:14.764453+00:00,synthetic,synth_gen_CONFIDENT_NORMAL,synthetic,189,21,987.2,119.0,0,0.6,0.6612,0,5,3,48396.422139634895,0,6,0,20,2,0,29,29,True,,synthetic,True,2,True
2026-09-17T12:35:14.764453+00:00,synthetic,synth_gen_CONFIDENT_NORMAL,synthetic,190,33,1444.6,216.7,0,0.6771,0.5855,0,8,5,36890.535796161654,0,6,0,20,2,0,51,51,True,,synthetic,True,2,True
2026-09-17T12:35:14.764453+00:00,synthetic,synth_gen_CONFIDENT_NORMAL,synthetic,191,49,938.4,148.2,0,0.6,0.5571,0,14,2,84228.39584621288,0,10,0,20,2,0,41,41,True,,synthetic,True,2,True
2026-09-17T12:35:14.764453+00:00,synthetic,synth_gen_CONFIDENT_NORMAL,synthetic,192,18,849.4,255.8,0,0.9351,0.5,0,4,5,57017.14796585709,0,5,0,2,2,0,36,36,True,,synthetic,True,2,True
2026-09-17T12:35:14.764453+00:00,synthetic,synth_gen_CONFIDENT_NORMAL,synthetic,193,12,801.6,69.2,0,0.7812,0.764,0,13,2,39097.45788945167,0,8,0,12,2,0,51,51,True,,synthetic,True,2,True
2026-09-17T12:35:14.764453+00:00,synthetic,synth_gen_CONFIDENT_NORMAL,synthetic,194,47,1740.2,51.6,0,0.8396,0.6081,0,11,2,50324.984171374694,0,1,0,15,2,0,38,38,True,,synthetic,True,2,True
2026-09-17T12:35:14.764453+00:00,synthetic,synth_gen_CONFIDENT_NORMAL,synthetic,195,13,1032.4,179.5,0,0.8009,0.641,0,4,5,31884.103625331267,0,8,0,10,2,0,21,21,True,,synthetic,True,2,True
2026-09-17T12:35:14.764453+00:00,synthetic,synth_gen_CONFIDENT_NORMAL,synthetic,196,46,1807.4,98.0,0,0.7311,0.6163,0,10,3,63130.68345466907,0,5,0,12,2,0,33,33,True,,synthetic,True,2,True
2026-09-17T12:35:14.764453+00:00,synthetic,synth_gen_CONFIDENT_NORMAL,synthetic,197,28,726.5,68.6,0,1.0,0.7595,0,13,2,54888.90953919052,0,2,0,15,2,0,20,20,True,,synthetic,True,2,True
2026-09-17T12:35:14.764453+00:00,synthetic,synth_gen_CONFIDENT_NORMAL,synthetic,198,34,813.7,118.6,0,0.7192,0.7976,0,15,3,3293.55454681302,0,6,0,1,2,0,5,5,True,,synthetic,True,2,True
2026-09-17T12:35:14.764453+00:00,synthetic,synth_gen_CONFIDENT_NORMAL,synthetic,199,16,2398.2,165.3,0,0.8626,0.6323,0,6,1,52606.79763141744,0,8,0,9,2,0,1,1,True,,synthetic,True,2,True
2026-09-17T12:35:14.764453+00:00,synthetic,synth_gen_CONFIDENT_NORMAL,synthetic,200,28,1884.6,89.9,0,0.8829,0.6148,0,8,5,61969.35643923738,0,5,0,18,2,0,17,17,True,,synthetic,True,2,True
2026-09-17T12:35:14.764453+00:00,synthetic,synth_gen_CONFIDENT_NORMAL,synthetic,201,3,959.5,155.0,0,0.7636,0.6624,0,13,1,11589.370622851202,0,7,0,16,2,0,48,48,True,,synthetic,True,2,True
2026-09-17T12:35:14.764453+00:00,synthetic,synth_gen_CONFIDENT_NORMAL,synthetic,202,22,1860.0,67.2,0,0.7926,0.6808,0,7,2,22340.61019488157,0,8,0,12,2,0,33,33,True,,synthetic,True,2,True
2026-09-17T12:35:14.764453+00:00,synthetic,synth_gen_CONFIDENT_NORMAL,synthetic,203,4,1742.1,34.8,0,0.775,0.821,0,3,3,60071.427072123835,0,1,0,12,2,0,56,56,True,,synthetic,True,2,True
2026-09-17T12:35:14.764453+00:00,synthetic,synth_gen_CONFIDENT_NORMAL,synthetic,204,14,693.0,63.0,0,0.8392,0.5,0,1,5,45393.94867475034,0,7,0,12,2,0,55,55,True,,synthetic,True,2,True
2026-09-17T12:35:14.764453+00:00,synthetic,synth_gen_CONFIDENT_NORMAL,synthetic,205,41,1779.9,48.3,0,0.7952,0.7693,0,10,3,61107.56292658604,0,7,0,12,2,0,45,45,True,,synthetic,True,2,True
2026-09-17T12:35:14.764453+00:00,synthetic,synth_gen_CONFIDENT_NORMAL,synthetic,206,43,1439.1,189.9,0,1.0,0.5987,0,14,3,15871.685496204549,0,6,0,3,2,0,61,61,True,,synthetic,True,2,True
2026-09-17T12:35:14.764453+00:00,synthetic,synth_gen_CONFIDENT_NORMAL,synthetic,207,10,1537.4,164.8,0,0.6471,0.5793,0,9,2,59147.99879461657,0,1,0,4,2,0,42,42,True,,synthetic,True,2,True
2026-09-17T12:35:14.764453+00:00,synthetic,synth_gen_CONFIDENT_NORMAL,synthetic,208,46,610.1,116.7,0,0.6743,0.5,0,3,3,29517.19909880127,0,5,0,16,2,0,32,32,True,,synthetic,True,2,True
2026-09-17T12:35:14.764453+00:00,synthetic,synth_gen_CONFIDENT_NORMAL,synthetic,209,40,1885.0,75.8,0,0.8466,0.6404,0,2,4,52062.950786027446,0,6,0,6,2,0,41,41,True,,synthetic,True,2,True
2026-09-17T12:35:14.764453+00:00,synthetic,synth_gen_CONFIDENT_NORMAL,synthetic,210,36,533.3,146.7,0,0.7564,0.6211,0,10,2,13984.65184799584,0,2,0,0,2,0,59,59,True,,synthetic,True,2,True
2026-09-17T12:35:14.764453+00:00,synthetic,synth_gen_CONFIDENT_NORMAL,synthetic,211,37,768.4,161.9,0,0.8715,0.7827,0,8,2,81223.27365525127,0,5,0,3,2,0,6,6,True,,synthetic,True,2,True
2026-09-17T12:35:14.764453+00:00,synthetic,synth_gen_CONFIDENT_NORMAL,synthetic,212,17,913.5,129.6,0,0.6303,0.5,0,14,1,78858.11785565582,0,10,0,17,2,0,1,1,True,,synthetic,True,2,True
2026-09-17T12:35:14.764453+00:00,synthetic,synth_gen_CONFIDENT_NORMAL,synthetic,213,1,1405.0,67.2,0,0.9212,0.7386,0,8,4,23921.764486175332,0,9,0,1,2,0,44,44,True,,synthetic,True,2,True
2026-09-17T12:35:14.764453+00:00,synthetic,synth_gen_CONFIDENT_NORMAL,synthetic,214,24,2200.0,86.3,0,0.7037,0.6182,0,3,4,3831.7442001592967,0,9,0,18,2,0,55,55,True,,synthetic,True,2,True
2026-09-17T12:35:14.764453+00:00,synthetic,synth_gen_CONFIDENT_NORMAL,synthetic,215,14,1454.9,94.9,0,0.8505,0.5796,0,12,3,13325.285879946709,0,6,0,11,2,0,13,13,True,,synthetic,True,2,True
2026-09-17T12:35:14.764453+00:00,synthetic,synth_gen_CONFIDENT_NORMAL,synthetic,216,17,2500,165.9,0,0.7095,0.5974,0,13,2,70893.46602642028,0,4,0,13,2,0,15,15,True,,synthetic,True,2,True
2026-09-17T12:35:14.764453+00:00,synthetic,synth_gen_CONFIDENT_NORMAL,synthetic,217,30,1940.0,71.8,0,0.6807,0.5538,0,12,1,64709.09247060713,0,10,0,20,2,0,4,4,True,,synthetic,True,2,True
2026-09-17T12:35:14.764453+00:00,synthetic,synth_gen_CONFIDENT_NORMAL,synthetic,218,13,900.5,73.6,0,0.713,0.8081,0,14,2,76884.05541834494,0,8,0,17,2,0,21,21,True,,synthetic,True,2,True
2026-09-17T12:35:14.764453+00:00,synthetic,synth_gen_CONFIDENT_NORMAL,synthetic,219,6,1500.9,122.1,0,0.6809,0.7239,0,6,5,54577.18548936918,0,10,0,0,2,0,37,37,True,,synthetic,True,2,True
2026-09-17T12:35:14.764453+00:00,synthetic,synth_gen_CONFIDENT_NORMAL,synthetic,220,46,1449.2,92.1,0,0.9389,0.6687,0,15,2,40475.91727603071,0,5,0,5,2,0,44,44,True,,synthetic,True,2,True
2026-09-17T12:35:14.764453+00:00,synthetic,synth_gen_CONFIDENT_NORMAL,synthetic,221,25,1021.1,54.1,0,0.7588,0.5513,0,5,1,83004.91957460273,0,5,0,14,2,0,21,21,True,,synthetic,True,2,True
2026-09-17T12:35:14.764453+00:00,synthetic,synth_gen_CONFIDENT_NORMAL,synthetic,222,13,942.7,108.1,0,0.6,0.718,0,6,1,60045.93787573092,0,2,0,1,2,0,13,13,True,,synthetic,True,2,True
2026-09-17T12:35:14.764453+00:00,synthetic,synth_gen_CONFIDENT_NORMAL,synthetic,223,34,995.9,120.8,0,0.6,0.7124,0,12,1,74584.32639353884,0,9,0,5,2,0,47,47,True,,synthetic,True,2,True
2026-09-17T12:35:14.764453+00:00,synthetic,synth_gen_CONFIDENT_NORMAL,synthetic,224,31,1077.6,120.0,0,0.7642,0.6601,0,4,1,2107.829667389453,0,5,0,20,2,0,60,60,True,,synthetic,True,2,True
2026-09-17T12:35:14.764453+00:00,synthetic,synth_gen_CONFIDENT_NORMAL,synthetic,225,43,1206.7,130.4,0,0.9105,0.6045,0,5,3,20972.83331377715,0,1,0,3,2,0,35,35,True,,synthetic,True,2,True
2026-09-17T12:35:14.764453+00:00,synthetic,synth_gen_CONFIDENT_NORMAL,synthetic,226,19,979.1,130.9,0,0.8612,0.6626,0,2,4,29563.959771270074,0,6,0,17,2,0,35,35,True,,synthetic,True,2,True
2026-09-17T12:35:14.764453+00:00,synthetic,synth_gen_CONFIDENT_NORMAL,synthetic,227,10,1120.0,207.1,0,0.6481,0.739,0,6,1,30484.611318673797,0,9,0,17,2,0,5,5,True,,synthetic,True,2,True
2026-09-17T12:35:14.764453+00:00,synthetic,synth_gen_CONFIDENT_NORMAL,synthetic,228,25,1234.7,267.9,0,0.6885,0.5838,0,8,2,68154.93133506241,0,10,0,11,2,0,5,5,True,,synthetic,True,2,True
2026-09-17T12:35:14.764453+00:00,synthetic,synth_gen_CONFIDENT_NORMAL,synthetic,229,44,885.4,30,0,0.7986,0.6315,0,14,4,73291.8693902548,0,8,0,17,2,0,52,52,True,,synthetic,True,2,True
2026-09-17T12:35:14.764453+00:00,synthetic,synth_gen_CONFIDENT_NORMAL,synthetic,230,13,1017.9,91.2,0,0.9856,0.5291,0,14,4,2757.4236887166862,0,8,0,1,2,0,17,17,True,,synthetic,True,2,True
2026-09-17T12:35:14.764453+00:00,synthetic,synth_gen_CONFIDENT_NORMAL,synthetic,231,12,1023.7,105.2,0,0.7261,0.8297,0,10,1,76783.2397939956,0,6,0,12,2,0,29,29,True,,synthetic,True,2,True
2026-09-17T12:35:14.764453+00:00,synthetic,synth_gen_CONFIDENT_NORMAL,synthetic,232,48,1565.3,62.6,0,0.7917,0.8409,0,1,5,40678.887090400196,0,6,0,18,2,0,7,7,True,,synthetic,True,2,True
2026-09-17T12:35:14.764453+00:00,synthetic,synth_gen_CONFIDENT_NORMAL,synthetic,233,41,1392.0,95.9,0,0.9079,0.7936,0,11,3,64934.53027369132,0,1,0,9,2,0,8,8,True,,synthetic,True,2,True
2026-09-17T12:35:14.764453+00:00,synthetic,synth_gen_CONFIDENT_NORMAL,synthetic,234,9,2500,94.6,0,0.9951,0.5,0,4,2,45481.942964992246,0,1,0,20,2,0,53,53,True,,synthetic,True,2,True
2026-09-17T12:35:14.764453+00:00,synthetic,synth_gen_CONFIDENT_NORMAL,synthetic,235,13,1488.9,94.6,0,0.8863,0.6579,0,12,2,39512.98167334276,0,8,0,13,2,0,61,61,True,,synthetic,True,2,True
2026-09-17T12:35:14.764453+00:00,synthetic,synth_gen_CONFIDENT_NORMAL,synthetic,236,30,965.3,86.9,0,0.6857,0.6208,0,12,2,49140.54050571662,0,9,0,2,2,0,46,46,True,,synthetic,True,2,True
2026-09-17T12:35:14.764453+00:00,synthetic,synth_gen_CONFIDENT_NORMAL,synthetic,237,9,908.1,42.0,0,0.7731,0.5,0,12,5,19700.448583436322,0,5,0,16,2,0,18,18,True,,synthetic,True,2,True
2026-09-17T12:35:14.764453+00:00,synthetic,synth_gen_CONFIDENT_NORMAL,synthetic,238,33,712.3,80.5,0,0.753,0.6961,0,12,1,68817.98334116035,0,7,0,6,2,0,44,44,True,,synthetic,True,2,True
2026-09-17T12:35:14.764453+00:00,synthetic,synth_gen_CONFIDENT_NORMAL,synthetic,239,27,1846.2,155.8,0,0.6545,0.6851,0,6,2,73071.76431333348,0,1,0,9,2,0,23,23,True,,synthetic,True,2,True
2026-09-17T12:35:14.764453+00:00,synthetic,synth_gen_CONFIDENT_NORMAL,synthetic,240,3,849.0,71.4,0,0.7317,0.5555,0,15,2,39040.52042347282,0,7,0,20,2,0,2,2,True,,synthetic,True,2,True
2026-09-17T12:35:14.764453+00:00,synthetic,synth_gen_CONFIDENT_NORMAL,synthetic,241,34,982.9,100.3,0,0.9141,0.5,0,8,4,24782.487490226187,0,4,0,15,2,0,42,42,True,,synthetic,True,2,True
2026-09-17T12:35:14.764453+00:00,synthetic,synth_gen_CONFIDENT_NORMAL,synthetic,242,7,514.9,50.5,0,0.9232,0.6242,0,9,5,65609.69609726078,0,9,0,7,2,0,30,30,True,,synthetic,True,2,True
2026-09-17T12:35:14.764453+00:00,synthetic,synth_gen_CONFIDENT_NORMAL,synthetic,243,24,694.0,100.1,0,0.6968,0.5517,0,10,3,13637.609939387488,0,8,0,9,2,0,62,62,True,,synthetic,True,2,True
2026-09-17T12:35:14.764453+00:00,synthetic,synth_gen_CONFIDENT_NORMAL,synthetic,244,28,838.9,52.9,0,1.0,0.5544,0,10,4,42622.12585038897,0,7,0,9,2,0,25,25,True,,synthetic,True,2,True
2026-09-17T12:35:14.764453+00:00,synthetic,synth_gen_CONFIDENT_NORMAL,synthetic,245,26,1335.7,70.5,0,0.9203,0.8109,0,2,5,14383.968370651079,0,3,0,6,2,0,20,20,True,,synthetic,True,2,True
2026-09-17T12:35:14.764453+00:00,synthetic,synth_gen_CONFIDENT_NORMAL,synthetic,246,45,883.5,95.9,0,0.7963,0.7039,0,2,5,62058.62204640464,0,9,0,10,2,0,55,55,True,,synthetic,True,2,True
2026-09-17T12:35:14.764453+00:00,synthetic,synth_gen_CONFIDENT_NORMAL,synthetic,247,1,1220.0,30,0,0.6495,0.7048,0,13,2,14147.270811842118,0,3,0,12,2,0,9,9,True,,synthetic,True,2,True
2026-09-17T12:35:14.764453+00:00,synthetic,synth_gen_CONFIDENT_NORMAL,synthetic,248,32,960.5,138.6,0,0.6779,0.5,0,1,4,43078.58280579572,0,6,0,13,2,0,27,27,True,,synthetic,True,2,True
2026-09-17T12:35:14.764453+00:00,synthetic,synth_gen_CONFIDENT_NORMAL,synthetic,249,28,1111.6,48.3,0,0.7724,0.5319,0,13,4,57914.65157187152,0,10,0,8,2,0,11,11,True,,synthetic,True,2,True
2026-09-17T12:35:14.764453+00:00,synthetic,synth_gen_CONFIDENT_NORMAL,synthetic,250,34,1192.2,137.2,0,0.9233,0.6406,0,5,1,28421.06825881095,0,3,0,6,2,0,37,37,True,,synthetic,True,2,True
2026-09-17T12:35:14.764453+00:00,synthetic,synth_gen_CONFIDENT_NORMAL,synthetic,251,39,1236.2,176.2,0,0.7225,0.7613,0,10,1,35680.15611728434,0,7,0,17,2,0,42,42,True,,synthetic,True,2,True
2026-09-17T12:35:14.764453+00:00,synthetic,synth_gen_CONFIDENT_NORMAL,synthetic,252,29,1553.1,142.8,0,0.6,0.7121,0,13,1,10215.698848972215,0,10,0,16,2,0,21,21,True,,synthetic,True,2,True
2026-09-17T12:35:14.764453+00:00,synthetic,synth_gen_CONFIDENT_NORMAL,synthetic,253,3,2000.9,69.6,0,0.774,0.6961,0,4,5,25952.695303820543,0,10,0,6,2,0,25,25,True,,synthetic,True,2,True
2026-09-17T12:35:14.764453+00:00,synthetic,synth_gen_CONFIDENT_NORMAL,synthetic,254,30,1322.0,30,0,0.8293,0.7063,0,2,5,27045.680112264923,0,3,0,14,2,0,3,3,True,,synthetic,True,2,True
2026-09-17T12:35:14.764453+00:00,synthetic,synth_gen_CONFIDENT_NORMAL,synthetic,255,0,2321.6,67.9,0,0.6,0.5817,0,14,5,47669.18694365121,0,3,0,15,2,0,15,15,True,,synthetic,True,2,True
2026-09-17T12:35:14.764453+00:00,synthetic,synth_gen_CONFIDENT_NORMAL,synthetic,256,4,859.5,136.7,0,0.8077,0.6344,0,3,2,22492.404101282646,0,4,0,15,2,0,41,41,True,,synthetic,True,2,True
2026-09-17T12:35:14.764453+00:00,synthetic,synth_gen_CONFIDENT_NORMAL,synthetic,257,9,2500,82.9,0,0.8771,0.7548,0,14,2,37711.65462948461,0,2,0,4,2,0,23,23,True,,synthetic,True,2,True
2026-09-17T12:35:14.764453+00:00,synthetic,synth_gen_CONFIDENT_NORMAL,synthetic,258,47,289.1,53.9,0,0.767,0.5777,0,10,1,41426.11112763499,0,3,0,17,2,0,9,9,True,,synthetic,True,2,True
2026-09-17T12:35:14.764453+00:00,synthetic,synth_gen_CONFIDENT_NORMAL,synthetic,259,11,1349.1,158.9,0,0.6927,0.7298,0,4,4,73526.16345800349,0,10,0,17,2,0,53,53,True,,synthetic,True,2,True
2026-09-17T12:35:14.764453+00:00,synthetic,synth_gen_CONFIDENT_NORMAL,synthetic,260,39,858.3,57.1,0,0.8182,0.5739,0,8,5,12019.156980671498,0,6,0,4,2,0,48,48,True,,synthetic,True,2,True
2026-09-17T12:35:14.764453+00:00,synthetic,synth_gen_CONFIDENT_NORMAL,synthetic,261,29,930.1,134.5,0,0.7326,0.7856,0,10,5,2431.946784119318,0,4,0,3,2,0,3,3,True,,synthetic,True,2,True
2026-09-17T12:35:14.764453+00:00,synthetic,synth_gen_CONFIDENT_NORMAL,synthetic,262,16,2500,129.8,0,0.6,0.6806,0,15,3,15468.2192613634,0,10,0,5,2,0,22,22,True,,synthetic,True,2,True
2026-09-17T12:35:14.764453+00:00,synthetic,synth_gen_CONFIDENT_NORMAL,synthetic,263,22,886.1,127.8,0,0.8546,0.5851,0,12,2,3356.191695864408,0,1,0,13,2,0,8,8,True,,synthetic,True,2,True
2026-09-17T12:35:14.764453+00:00,synthetic,synth_gen_CONFIDENT_NORMAL,synthetic,264,6,1136.4,139.9,0,0.9007,0.6786,0,11,1,70468.34559346532,0,5,0,0,2,0,7,7,True,,synthetic,True,2,True
2026-09-17T12:35:14.764453+00:00,synthetic,synth_gen_CONFIDENT_NORMAL,synthetic,265,8,1143.9,115.2,0,0.9564,0.6201,0,5,3,28092.530793330006,0,1,0,20,2,0,6,6,True,,synthetic,True,2,True
2026-09-17T12:35:14.764453+00:00,synthetic,synth_gen_CONFIDENT_NORMAL,synthetic,266,47,819.2,54.3,0,0.8304,0.5733,0,10,2,64164.80449268117,0,9,0,1,2,0,12,12,True,,synthetic,True,2,True
2026-09-17T12:35:14.764453+00:00,synthetic,synth_gen_CONFIDENT_NORMAL,synthetic,267,6,815.5,39.8,0,0.6518,0.5259,0,2,5,19139.68485751282,0,5,0,16,2,0,39,39,True,,synthetic,True,2,True
2026-09-17T12:35:14.764453+00:00,synthetic,synth_gen_CONFIDENT_NORMAL,synthetic,268,47,1027.5,90.2,0,0.6912,0.6911,0,9,4,29657.792548851587,0,8,0,19,2,0,28,28,True,,synthetic,True,2,True
2026-09-17T12:35:14.764453+00:00,synthetic,synth_gen_CONFIDENT_NORMAL,synthetic,269,3,1736.9,74.7,0,0.9564,0.7173,0,14,5,66571.27266304115,0,8,0,13,2,0,26,26,True,,synthetic,True,2,True
2026-09-17T12:35:14.764453+00:00,synthetic,synth_gen_CONFIDENT_NORMAL,synthetic,270,11,1686.3,126.5,0,0.8417,0.7027,0,7,1,4145.677437045403,0,9,0,6,2,0,28,28,True,,synthetic,True,2,True
2026-09-17T12:35:14.764453+00:00,synthetic,synth_gen_CONFIDENT_NORMAL,synthetic,271,31,1488.1,114.4,0,0.6125,0.5,0,9,5,5200.827551673156,0,5,0,4,2,0,38,38,True,,synthetic,True,2,True
2026-09-17T12:35:14.764453+00:00,synthetic,synth_gen_CONFIDENT_NORMAL,synthetic,272,43,1790.6,92.3,0,0.7503,0.6161,0,2,2,73037.49870382811,0,5,0,11,2,0,37,37,True,,synthetic,True,2,True
2026-09-17T12:35:14.764453+00:00,synthetic,synth_gen_CONFIDENT_NORMAL,synthetic,273,7,1771.6,124.2,0,1.0,0.5775,0,14,2,46340.64880927472,0,10,0,1,2,0,59,59,True,,synthetic,True,2,True
2026-09-17T12:35:14.764453+00:00,synthetic,synth_gen_CONFIDENT_NORMAL,synthetic,274,9,1002.5,149.9,0,0.6,0.653,0,3,1,35700.84096168252,0,1,0,3,2,0,36,36,True,,synthetic,True,2,True
2026-09-17T12:35:14.764453+00:00,synthetic,synth_gen_CONFIDENT_NORMAL,synthetic,275,8,975.8,169.4,0,0.6206,0.5158,0,9,1,36102.54715641691,0,2,0,7,2,0,4,4,True,,synthetic,True,2,True
2026-09-17T12:35:14.764453+00:00,synthetic,synth_gen_CONFIDENT_NORMAL,synthetic,276,40,686.2,117.8,0,1.0,0.6389,0,3,5,10369.712846703678,0,9,0,8,2,0,62,62,True,,synthetic,True,2,True
2026-09-17T12:35:14.764453+00:00,synthetic,synth_gen_CONFIDENT_NORMAL,synthetic,277,17,987.1,117.8,0,0.8078,0.6516,0,4,3,5330.002019544341,0,10,0,11,2,0,24,24,True,,synthetic,True,2,True
2026-09-17T12:35:14.764453+00:00,synthetic,synth_gen_CONFIDENT_NORMAL,synthetic,278,10,1228.8,56.9,0,0.8078,0.5264,0,9,2,42322.719766372466,0,6,0,20,2,0,45,45,True,,synthetic,True,2,True
2026-09-17T12:35:14.764453+00:00,synthetic,synth_gen_CONFIDENT_NORMAL,synthetic,279,32,1650.6,154.5,0,0.665,0.5,0,3,4,36446.14970934919,0,10,0,14,2,0,50,50,True,,synthetic,True,2,True
2026-09-17T12:35:14.764453+00:00,synthetic,synth_gen_CONFIDENT_NORMAL,synthetic,280,3,2185.3,247.1,0,0.8275,0.5168,0,6,3,39494.75958110588,0,6,0,1,2,0,35,35,True,,synthetic,True,2,True
2026-09-17T12:35:14.764453+00:00,synthetic,synth_gen_CONFIDENT_NORMAL,synthetic,281,33,876.8,130.9,0,0.7995,0.6728,0,3,1,44043.708179747846,0,10,0,11,2,0,30,30,True,,synthetic,True,2,True
2026-09-17T12:35:14.764453+00:00,synthetic,synth_gen_CONFIDENT_NORMAL,synthetic,282,37,1584.8,86.6,0,0.8877,0.6108,0,15,2,80148.5259192368,0,7,0,12,2,0,63,63,True,,synthetic,True,2,True
2026-09-17T12:35:14.764453+00:00,synthetic,synth_gen_CONFIDENT_NORMAL,synthetic,283,14,1068.0,77.9,0,0.8191,0.6853,0,8,4,33995.823614540685,0,5,0,3,2,0,61,61,True,,synthetic,True,2,True
2026-09-17T12:35:14.764453+00:00,synthetic,synth_gen_CONFIDENT_NORMAL,synthetic,284,11,649.2,69.8,0,0.9094,0.5683,0,12,3,12355.025394578379,0,2,0,12,2,0,4,4,True,,synthetic,True,2,True
2026-09-17T12:35:14.764453+00:00,synthetic,synth_gen_CONFIDENT_NORMAL,synthetic,285,36,846.9,38.6,0,0.7826,0.6483,0,3,4,22299.224395791636,0,1,0,15,2,0,21,21,True,,synthetic,True,2,True
2026-09-17T12:35:14.764453+00:00,synthetic,synth_gen_CONFIDENT_NORMAL,synthetic,286,10,721.9,92.7,0,0.9224,0.5,0,12,1,74260.17931428383,0,2,0,7,2,0,60,60,True,,synthetic,True,2,True
2026-09-17T12:35:14.764453+00:00,synthetic,synth_gen_CONFIDENT_NORMAL,synthetic,287,30,1067.4,107.2,0,0.805,0.7326,0,9,5,24022.23804762927,0,4,0,17,2,0,59,59,True,,synthetic,True,2,True
2026-09-17T12:35:14.764453+00:00,synthetic,synth_gen_CONFIDENT_NORMAL,synthetic,288,46,1435.3,66.7,0,1.0,0.7054,0,6,1,25633.076863335515,0,3,0,12,2,0,55,55,True,,synthetic,True,2,True
2026-09-17T12:35:14.764453+00:00,synthetic,synth_gen_CONFIDENT_NORMAL,synthetic,289,27,1311.4,111.6,0,0.7871,0.5,0,7,5,14263.54736585047,0,3,0,19,2,0,48,48,True,,synthetic,True,2,True
2026-09-17T12:35:14.764453+00:00,synthetic,synth_gen_CONFIDENT_NORMAL,synthetic,290,10,2017.3,225.9,0,0.7639,0.5962,0,7,5,82947.28700831771,0,5,0,2,2,0,42,42,True,,synthetic,True,2,True
2026-09-17T12:35:14.764453+00:00,synthetic,synth_gen_CONFIDENT_NORMAL,synthetic,291,46,1401.0,173.0,0,1.0,0.6828,0,10,5,7243.589970457829,0,8,0,20,2,0,29,29,True,,synthetic,True,2,True
2026-09-17T12:35:14.764453+00:00,synthetic,synth_gen_CONFIDENT_NORMAL,synthetic,292,14,1271.6,70.4,0,0.8533,0.508,0,13,4,39292.310819044425,0,4,0,15,2,0,53,53,True,,synthetic,True,2,True
2026-09-17T12:35:14.764453+00:00,synthetic,synth_gen_CONFIDENT_NORMAL,synthetic,293,21,2467.0,103.8,0,0.7891,0.6151,0,9,2,75785.29300345256,0,1,0,17,2,0,60,60,True,,synthetic,True,2,True
2026-09-17T12:35:14.764453+00:00,synthetic,synth_gen_CONFIDENT_NORMAL,synthetic,294,2,750.9,52.1,0,0.7128,0.5531,0,8,1,79924.40370576124,0,4,0,15,2,0,61,61,True,,synthetic,True,2,True
2026-09-17T12:35:14.764453+00:00,synthetic,synth_gen_CONFIDENT_NORMAL,synthetic,295,35,2104.0,89.0,0,0.7492,0.5693,0,15,2,22500.014199652654,0,1,0,18,2,0,16,16,True,,synthetic,True,2,True
2026-09-17T12:35:14.764453+00:00,synthetic,synth_gen_CONFIDENT_NORMAL,synthetic,296,4,1408.2,217.1,0,0.8407,0.5,0,9,1,55341.60429816153,0,10,0,12,2,0,42,42,True,,synthetic,True,2,True
2026-09-17T12:35:14.764453+00:00,synthetic,synth_gen_CONFIDENT_NORMAL,synthetic,297,14,1970.0,109.5,0,1.0,0.5873,0,5,2,85739.74804320288,0,7,0,11,2,0,5,5,True,,synthetic,True,2,True
2026-09-17T12:35:14.764453+00:00,synthetic,synth_gen_CONFIDENT_NORMAL,synthetic,298,10,1807.1,116.0,0,1.0,0.6584,0,2,5,34234.786028382565,0,9,0,6,2,0,45,45,True,,synthetic,True,2,True
2026-09-17T12:35:14.764453+00:00,synthetic,synth_gen_CONFIDENT_NORMAL,synthetic,299,19,1957.4,80.3,0,0.8879,0.78,0,1,2,19740.20424432709,0,3,0,13,2,0,5,5,True,,synthetic,True,2,True
2026-09-17T12:35:14.764453+00:00,synthetic,synth_gen_CONFIDENT_NORMAL,synthetic,300,6,1080.8,133.4,0,0.8145,0.5914,0,7,1,27101.693442765674,0,4,0,20,2,0,27,27,True,,synthetic,True,2,True
2026-09-17T12:35:14.764453+00:00,synthetic,synth_gen_CONFIDENT_NORMAL,synthetic,301,19,1003.0,52.7,0,0.6481,0.8517,0,6,1,22645.208519212752,0,10,0,19,2,0,15,15,True,,synthetic,True,2,True
2026-09-17T12:35:14.764453+00:00,synthetic,synth_gen_CONFIDENT_NORMAL,synthetic,302,10,1890.4,104.1,0,0.6478,0.5759,0,14,5,41611.85583636653,0,9,0,8,2,0,57,57,True,,synthetic,True,2,True
2026-09-17T12:35:14.764453+00:00,synthetic,synth_gen_CONFIDENT_NORMAL,synthetic,303,9,1036.8,57.8,0,0.6,0.5864,0,4,5,82849.40735528656,0,3,0,18,2,0,48,48,True,,synthetic,True,2,True
2026-09-17T12:35:14.764453+00:00,synthetic,synth_gen_CONFIDENT_NORMAL,synthetic,304,13,998.3,75.6,0,0.72,0.5656,0,5,3,67156.9768425396,0,1,0,14,2,0,27,27,True,,synthetic,True,2,True
2026-09-17T12:35:14.764453+00:00,synthetic,synth_gen_CONFIDENT_NORMAL,synthetic,305,49,874.1,98.5,0,1.0,0.5337,0,3,5,41271.12149057962,0,4,0,12,2,0,16,16,True,,synthetic,True,2,True
2026-09-17T12:35:14.764453+00:00,synthetic,synth_gen_CONFIDENT_NORMAL,synthetic,306,25,1372.4,70.8,0,0.8087,0.6041,0,9,2,54901.98600109025,0,3,0,4,2,0,50,50,True,,synthetic,True,2,True
2026-09-17T12:35:14.764453+00:00,synthetic,synth_gen_CONFIDENT_NORMAL,synthetic,307,47,1682.4,145.3,0,0.6841,0.5,0,2,1,64537.47456524811,0,3,0,9,2,0,28,28,True,,synthetic,True,2,True
2026-09-17T12:35:14.764453+00:00,synthetic,synth_gen_CONFIDENT_NORMAL,synthetic,308,31,910.4,94.6,0,0.6394,0.8051,0,13,3,59681.771366271925,0,1,0,11,2,0,20,20,True,,synthetic,True,2,True
2026-09-17T12:35:14.764453+00:00,synthetic,synth_gen_CONFIDENT_NORMAL,synthetic,309,10,953.3,111.5,0,0.7562,0.6581,0,12,4,65007.4729060842,0,1,0,11,2,0,48,48,True,,synthetic,True,2,True
2026-09-17T12:35:14.764453+00:00,synthetic,synth_gen_CONFIDENT_NORMAL,synthetic,310,43,2483.4,126.0,0,0.6694,0.6563,0,15,4,16199.094713108809,0,5,0,14,2,0,39,39,True,,synthetic,True,2,True
2026-09-17T12:35:14.764453+00:00,synthetic,synth_gen_CONFIDENT_NORMAL,synthetic,311,21,1084.4,79.0,0,0.9607,0.7349,0,11,1,56532.06156174233,0,7,0,17,2,0,54,54,True,,synthetic,True,2,True
2026-09-17T12:35:14.764453+00:00,synthetic,synth_gen_CONFIDENT_NORMAL,synthetic,312,29,1819.1,83.7,0,0.905,0.7968,0,5,4,50709.57702991571,0,7,0,20,2,0,26,26,True,,synthetic,True,2,True
2026-09-17T12:35:14.764453+00:00,synthetic,synth_gen_CONFIDENT_NORMAL,synthetic,313,15,1322.9,230.6,0,0.6,0.5109,0,10,2,67558.11910741466,0,5,0,17,2,0,46,46,True,,synthetic,True,2,True
2026-09-17T12:35:14.764453+00:00,synthetic,synth_gen_CONFIDENT_NORMAL,synthetic,314,14,1242.1,154.8,0,0.9477,0.6569,0,3,4,19935.920281439183,0,2,0,0,2,0,36,36,True,,synthetic,True,2,True
2026-09-17T12:35:14.764453+00:00,synthetic,synth_gen_CONFIDENT_NORMAL,synthetic,315,44,1322.1,150.6,0,0.8223,0.7791,0,13,1,49446.03020951609,0,9,0,4,2,0,17,17,True,,synthetic,True,2,True
2026-09-17T12:35:14.764453+00:00,synthetic,synth_gen_CONFIDENT_NORMAL,synthetic,316,18,1875.5,71.6,0,0.7929,0.5904,0,3,2,47927.305387819564,0,7,0,17,2,0,3,3,True,,synthetic,True,2,True
2026-09-17T12:35:14.764453+00:00,synthetic,synth_gen_CONFIDENT_NORMAL,synthetic,317,16,2500,73.4,0,0.9623,0.7216,0,1,2,2803.953867151857,0,2,0,13,2,0,12,12,True,,synthetic,True,2,True
2026-09-17T12:35:14.764453+00:00,synthetic,synth_gen_CONFIDENT_NORMAL,synthetic,318,19,1850.6,320.7,0,0.9979,0.7895,0,13,4,58708.86075834435,0,3,0,5,2,0,46,46,True,,synthetic,True,2,True
2026-09-17T12:35:14.764453+00:00,synthetic,synth_gen_CONFIDENT_NORMAL,synthetic,319,19,666.2,60.9,0,0.6816,0.6773,0,14,4,31134.12778870843,0,2,0,3,2,0,45,45,True,,synthetic,True,2,True
2026-09-17T12:35:14.764453+00:00,synthetic,synth_gen_CONFIDENT_NORMAL,synthetic,320,20,971.2,55.8,0,1.0,0.6179,0,15,2,35478.29988692953,0,4,0,7,2,0,49,49,True,,synthetic,True,2,True
2026-09-17T12:35:14.764453+00:00,synthetic,synth_gen_CONFIDENT_NORMAL,synthetic,321,48,815.2,70.7,0,0.8119,0.6767,0,7,4,74136.90120743893,0,8,0,7,2,0,40,40,True,,synthetic,True,2,True
2026-09-17T12:35:14.764453+00:00,synthetic,synth_gen_CONFIDENT_NORMAL,synthetic,322,9,847.5,35.1,0,0.7481,0.7617,0,7,2,30433.05705318558,0,6,0,10,2,0,4,4,True,,synthetic,True,2,True
2026-09-17T12:35:14.764453+00:00,synthetic,synth_gen_CONFIDENT_NORMAL,synthetic,323,43,1274.3,253.0,0,0.8064,0.5956,0,12,5,37709.33545861525,0,2,0,12,2,0,26,26,True,,synthetic,True,2,True
2026-09-17T12:35:14.764453+00:00,synthetic,synth_gen_CONFIDENT_NORMAL,synthetic,324,40,1454.9,30,0,0.7141,0.7346,0,14,5,42405.489912729885,0,8,0,17,2,0,45,45,True,,synthetic,True,2,True
2026-09-17T12:35:14.764453+00:00,synthetic,synth_gen_CONFIDENT_NORMAL,synthetic,325,18,327.0,186.4,0,0.8969,0.6273,0,10,3,72053.25464532092,0,2,0,15,2,0,37,37,True,,synthetic,True,2,True
2026-09-17T12:35:14.764453+00:00,synthetic,synth_gen_CONFIDENT_NORMAL,synthetic,326,31,1134.9,118.1,0,0.8726,0.5144,0,5,2,25009.677338998616,0,4,0,1,2,0,42,42,True,,synthetic,True,2,True
2026-09-17T12:35:14.764453+00:00,synthetic,synth_gen_CONFIDENT_NORMAL,synthetic,327,31,1567.7,171.2,0,0.9859,0.7844,0,14,5,49385.93005305119,0,1,0,17,2,0,49,49,True,,synthetic,True,2,True
2026-09-17T12:35:14.764453+00:00,synthetic,synth_gen_CONFIDENT_NORMAL,synthetic,328,39,552.5,50.0,0,0.9746,0.6145,0,1,3,13551.19047563548,0,4,0,4,2,0,30,30,True,,synthetic,True,2,True
2026-09-17T12:35:14.764453+00:00,synthetic,synth_gen_CONFIDENT_NORMAL,synthetic,329,15,1401.9,99.4,0,0.7897,0.5687,0,11,5,60395.146238527355,0,8,0,3,2,0,62,62,True,,synthetic,True,2,True
2026-09-17T12:35:14.764453+00:00,synthetic,synth_gen_CONFIDENT_NORMAL,synthetic,330,16,1931.4,82.6,0,0.9159,0.5499,0,8,1,63163.81963581905,0,5,0,20,2,0,62,62,True,,synthetic,True,2,True
2026-09-17T12:35:14.764453+00:00,synthetic,synth_gen_CONFIDENT_NORMAL,synthetic,331,26,874.2,60.1,0,0.7664,0.5893,0,5,4,10342.001030701891,0,3,0,3,2,0,13,13,True,,synthetic,True,2,True
2026-09-17T12:35:14.764453+00:00,synthetic,synth_gen_CONFIDENT_NORMAL,synthetic,332,45,600.0,51.5,0,0.8141,0.6032,0,6,4,1597.273901821691,0,6,0,3,2,0,18,18,True,,synthetic,True,2,True
2026-09-17T12:35:14.764453+00:00,synthetic,synth_gen_CONFIDENT_NORMAL,synthetic,333,6,1626.4,168.7,0,0.6059,0.6781,0,5,1,15632.251947434535,0,8,0,13,2,0,9,9,True,,synthetic,True,2,True
2026-09-17T12:35:14.764453+00:00,synthetic,synth_gen_CONFIDENT_NORMAL,synthetic,334,6,391.6,103.5,0,0.7413,0.6833,0,11,1,60803.575377084555,0,1,0,18,2,0,61,61,True,,synthetic,True,2,True
2026-09-17T12:35:14.764453+00:00,synthetic,synth_gen_CONFIDENT_NORMAL,synthetic,335,43,1240.7,107.9,0,1.0,0.5674,0,14,4,10905.462544361406,0,7,0,3,2,0,39,39,True,,synthetic,True,2,True
2026-09-17T12:35:14.764453+00:00,synthetic,synth_gen_CONFIDENT_NORMAL,synthetic,336,7,1102.1,60.6,0,0.7836,0.6424,0,1,1,50114.02044316809,0,3,0,2,2,0,34,34,True,,synthetic,True,2,True
2026-09-17T12:35:14.764453+00:00,synthetic,synth_gen_CONFIDENT_NORMAL,synthetic,337,28,1573.6,68.9,0,0.924,0.7155,0,5,2,45219.430938431076,0,2,0,0,2,0,51,51,True,,synthetic,True,2,True
2026-09-17T12:35:14.764453+00:00,synthetic,synth_gen_CONFIDENT_NORMAL,synthetic,338,31,1975.6,76.8,0,0.8093,0.786,0,14,4,36312.43270508038,0,3,0,6,2,0,10,10,True,,synthetic,True,2,True
2026-09-17T12:35:14.764453+00:00,synthetic,synth_gen_CONFIDENT_NORMAL,synthetic,339,24,1046.2,149.5,0,0.6553,0.6285,0,15,3,78295.18234179217,0,6,0,0,2,0,4,4,True,,synthetic,True,2,True
2026-09-17T12:35:14.764453+00:00,synthetic,synth_gen_CONFIDENT_NORMAL,synthetic,340,9,723.4,68.6,0,0.9272,0.6739,0,8,4,74152.84500504084,0,1,0,14,2,0,23,23,True,,synthetic,True,2,True
2026-09-17T12:35:14.764453+00:00,synthetic,synth_gen_CONFIDENT_NORMAL,synthetic,341,19,882.9,50.3,0,0.8412,0.6302,0,6,2,56196.20584974604,0,2,0,5,2,0,31,31,True,,synthetic,True,2,True
2026-09-17T12:35:14.764453+00:00,synthetic,synth_gen_CONFIDENT_NORMAL,synthetic,342,43,555.8,118.1,0,0.7206,0.6039,0,10,2,15165.665275479105,0,8,0,2,2,0,42,42,True,,synthetic,True,2,True
2026-09-17T12:35:14.764453+00:00,synthetic,synth_gen_CONFIDENT_NORMAL,synthetic,343,2,990.0,190.2,0,1.0,0.6842,0,5,1,6325.829614355221,0,2,0,14,2,0,40,40,True,,synthetic,True,2,True
2026-09-17T12:35:14.764453+00:00,synthetic,synth_gen_CONFIDENT_NORMAL,synthetic,344,37,1187.6,78.9,0,0.7762,0.6373,0,8,5,26113.17379889706,0,4,0,1,2,0,33,33,True,,synthetic,True,2,True
2026-09-17T12:35:14.764453+00:00,synthetic,synth_gen_CONFIDENT_NORMAL,synthetic,345,15,656.9,97.3,0,0.8311,0.524,0,3,2,1212.774129757047,0,1,0,3,2,0,26,26,True,,synthetic,True,2,True
2026-09-17T12:35:14.764453+00:00,synthetic,synth_gen_CONFIDENT_NORMAL,synthetic,346,23,1527.4,348.9,0,0.8555,0.5819,0,4,5,22920.17375930032,0,3,0,20,2,0,23,23,True,,synthetic,True,2,True
2026-09-17T12:35:14.764453+00:00,synthetic,synth_gen_CONFIDENT_NORMAL,synthetic,347,25,1995.2,351.4,0,0.8617,0.5033,0,10,4,63834.3665896349,0,6,0,6,2,0,39,39,True,,synthetic,True,2,True
2026-09-17T12:35:14.764453+00:00,synthetic,synth_gen_CONFIDENT_NORMAL,synthetic,348,13,1088.8,176.1,0,0.9594,0.6667,0,3,5,37902.20126504166,0,9,0,6,2,0,44,44,True,,synthetic,True,2,True
2026-09-17T12:35:14.764453+00:00,synthetic,synth_gen_CONFIDENT_NORMAL,synthetic,349,2,1048.8,95.5,0,0.6623,0.6489,0,13,1,66043.33714407639,0,1,0,10,2,0,31,31,True,,synthetic,True,2,True
2026-09-17T12:35:14.764453+00:00,synthetic,synth_gen_CONFIDENT_NORMAL,synthetic,350,2,1931.9,190.0,0,0.7832,0.6229,0,14,4,74564.94850100984,0,5,0,1,2,0,32,32,True,,synthetic,True,2,True
2026-09-17T12:35:14.764453+00:00,synthetic,synth_gen_CONFIDENT_NORMAL,synthetic,351,18,2130.4,257.3,0,0.7578,0.623,0,8,1,37185.85379076189,0,8,0,12,2,0,56,56,True,,synthetic,True,2,True
2026-09-17T12:35:14.764453+00:00,synthetic,synth_gen_CONFIDENT_NORMAL,synthetic,352,15,1687.0,139.7,0,1.0,0.8904,0,8,4,21125.111880972745,0,3,0,10,2,0,54,54,True,,synthetic,True,2,True
2026-09-17T12:35:14.764453+00:00,synthetic,synth_gen_CONFIDENT_NORMAL,synthetic,353,25,838.4,140.2,0,0.6,0.6722,0,9,1,9552.866660925354,0,3,0,15,2,0,10,10,True,,synthetic,True,2,True
2026-09-17T12:35:14.764453+00:00,synthetic,synth_gen_CONFIDENT_NORMAL,synthetic,354,10,2500,133.5,0,0.8409,0.7298,0,5,4,63442.98748600528,0,1,0,14,2,0,62,62,True,,synthetic,True,2,True
2026-09-17T12:35:14.764453+00:00,synthetic,synth_gen_CONFIDENT_NORMAL,synthetic,355,10,977.5,165.3,0,0.8375,0.5656,0,9,2,80590.62112703362,0,6,0,8,2,0,16,16,True,,synthetic,True,2,True
2026-09-17T12:35:14.764453+00:00,synthetic,synth_gen_CONFIDENT_NORMAL,synthetic,356,42,1379.0,98.9,0,0.7226,0.6541,0,1,4,5237.740160055358,0,8,0,0,2,0,17,17,True,,synthetic,True,2,True
2026-09-17T12:35:14.764453+00:00,synthetic,synth_gen_CONFIDENT_NORMAL,synthetic,357,27,1180.8,57.7,0,0.6948,0.7498,0,15,4,72110.6358190548,0,4,0,10,2,0,40,40,True,,synthetic,True,2,True
2026-09-17T12:35:14.764453+00:00,synthetic,synth_gen_CONFIDENT_NORMAL,synthetic,358,24,1388.9,78.7,0,0.7139,0.814,0,6,3,81064.68735853228,0,9,0,15,2,0,22,22,True,,synthetic,True,2,True
2026-09-17T12:35:14.764453+00:00,synthetic,synth_gen_CONFIDENT_NORMAL,synthetic,359,22,1012.1,92.6,0,0.7653,0.7369,0,10,2,70193.14665509044,0,6,0,7,2,0,61,61,True,,synthetic,True,2,True
2026-09-17T12:35:14.764453+00:00,synthetic,synth_gen_CONFIDENT_NORMAL,synthetic,360,29,576.8,43.8,0,0.7534,0.6415,0,11,2,44885.08087995869,0,1,0,12,2,0,40,40,True,,synthetic,True,2,True
2026-09-17T12:35:14.764453+00:00,synthetic,synth_gen_CONFIDENT_NORMAL,synthetic,361,37,1402.0,118.3,0,0.6824,0.7561,0,10,4,40523.553247899115,0,10,0,14,2,0,30,30,True,,synthetic,True,2,True
2026-09-17T12:35:14.764453+00:00,synthetic,synth_gen_CONFIDENT_NORMAL,synthetic,362,0,1254.8,123.9,0,0.9107,0.5953,0,10,4,34176.793394508655,0,4,0,5,2,0,8,8,True,,synthetic,True,2,True
2026-09-17T12:35:14.764453+00:00,synthetic,synth_gen_CONFIDENT_NORMAL,synthetic,363,43,985.8,96.8,0,0.7273,0.6961,0,14,1,64187.2236652797,0,5,0,19,2,0,35,35,True,,synthetic,True,2,True
2026-09-17T12:35:14.764453+00:00,synthetic,synth_gen_CONFIDENT_NORMAL,synthetic,364,32,854.4,150.2,0,0.9532,0.555,0,6,2,13392.194962015663,0,7,0,17,2,0,37,37,True,,synthetic,True,2,True
2026-09-17T12:35:14.764453+00:00,synthetic,synth_gen_CONFIDENT_NORMAL,synthetic,365,5,2500,205.6,0,0.6,0.7811,0,8,1,48198.88749631422,0,4,0,15,2,0,31,31,True,,synthetic,True,2,True
2026-09-17T12:35:14.764453+00:00,synthetic,synth_gen_CONFIDENT_NORMAL,synthetic,366,16,1413.7,88.9,0,0.9034,0.5,0,7,5,43474.491629208154,0,8,0,1,2,0,31,31,True,,synthetic,True,2,True
2026-09-17T12:35:14.764453+00:00,synthetic,synth_gen_CONFIDENT_NORMAL,synthetic,367,37,627.8,47.4,0,0.7877,0.5063,0,9,2,40276.796119973485,0,7,0,16,2,0,35,35,True,,synthetic,True,2,True
2026-09-17T12:35:14.764453+00:00,synthetic,synth_gen_CONFIDENT_NORMAL,synthetic,368,9,1187.2,54.6,0,1.0,0.6587,0,10,4,50018.79687489515,0,6,0,13,2,0,42,42,True,,synthetic,True,2,True
2026-09-17T12:35:14.764453+00:00,synthetic,synth_gen_CONFIDENT_NORMAL,synthetic,369,16,2008.8,71.5,0,0.7716,0.5,0,9,2,56040.86435678393,0,5,0,12,2,0,50,50,True,,synthetic,True,2,True
2026-09-17T12:35:14.764453+00:00,synthetic,synth_gen_CONFIDENT_NORMAL,synthetic,370,49,710.6,30,0,0.944,0.6286,0,10,1,51418.057414411334,0,8,0,13,2,0,53,53,True,,synthetic,True,2,True
2026-09-17T12:35:14.764453+00:00,synthetic,synth_gen_CONFIDENT_NORMAL,synthetic,371,21,1162.3,127.4,0,0.9983,0.5502,0,4,1,70899.0794069505,0,8,0,9,2,0,22,22,True,,synthetic,True,2,True
2026-09-17T12:35:14.764453+00:00,synthetic,synth_gen_CONFIDENT_NORMAL,synthetic,372,33,1330.0,74.4,0,0.6,0.6895,0,14,3,51923.219795375284,0,5,0,2,2,0,49,49,True,,synthetic,True,2,True
2026-09-17T12:35:14.764453+00:00,synthetic,synth_gen_CONFIDENT_NORMAL,synthetic,373,11,2341.0,171.1,0,0.8044,0.8168,0,5,5,57121.565663620815,0,1,0,17,2,0,12,12,True,,synthetic,True,2,True
2026-09-17T12:35:14.764453+00:00,synthetic,synth_gen_CONFIDENT_NORMAL,synthetic,374,9,1030.3,30.7,0,0.6068,0.6223,0,6,3,72051.95422601685,0,6,0,14,2,0,50,50,True,,synthetic,True,2,True
2026-09-17T12:35:14.764453+00:00,synthetic,synth_gen_CONFIDENT_NORMAL,synthetic,375,37,1210.4,320.0,0,0.9057,0.6169,0,5,1,56914.008120483275,0,7,0,11,2,0,26,26,True,,synthetic,True,2,True
2026-09-17T12:35:14.764453+00:00,synthetic,synth_gen_CONFIDENT_NORMAL,synthetic,376,27,838.4,148.2,0,0.838,0.5771,0,4,4,60279.93555112092,0,3,0,2,2,0,9,9,True,,synthetic,True,2,True
2026-09-17T12:35:14.764453+00:00,synthetic,synth_gen_CONFIDENT_NORMAL,synthetic,377,48,1669.0,82.7,0,0.8196,0.7299,0,15,4,24911.6985954139,0,10,0,18,2,0,6,6,True,,synthetic,True,2,True
2026-09-17T12:35:14.764453+00:00,synthetic,synth_gen_CONFIDENT_NORMAL,synthetic,378,16,1318.1,51.5,0,0.6267,0.7171,0,5,5,6578.869153667957,0,3,0,11,2,0,28,28,True,,synthetic,True,2,True
2026-09-17T12:35:14.764453+00:00,synthetic,synth_gen_CONFIDENT_NORMAL,synthetic,379,4,1586.5,102.9,0,0.8968,0.7003,0,2,5,73416.02640109787,0,5,0,13,2,0,57,57,True,,synthetic,True,2,True
2026-09-17T12:35:14.764453+00:00,synthetic,synth_gen_CONFIDENT_NORMAL,synthetic,380,39,1599.3,167.8,0,0.6266,0.5862,0,1,3,7046.946249139974,0,1,0,12,2,0,34,34,True,,synthetic,True,2,True
2026-09-17T12:35:14.764453+00:00,synthetic,synth_gen_CONFIDENT_NORMAL,synthetic,381,12,949.1,208.7,0,0.7013,0.6325,0,2,1,59658.03662104002,0,10,0,11,2,0,47,47,True,,synthetic,True,2,True
2026-09-17T12:35:14.764453+00:00,synthetic,synth_gen_CONFIDENT_NORMAL,synthetic,382,10,1588.8,109.2,0,0.9883,0.6508,0,9,5,43774.944074570594,0,5,0,3,2,0,42,42,True,,synthetic,True,2,True
2026-09-17T12:35:14.764453+00:00,synthetic,synth_gen_CONFIDENT_NORMAL,synthetic,383,9,2500,261.6,0,0.7719,0.7022,0,2,4,11685.87057499993,0,4,0,15,2,0,19,19,True,,synthetic,True,2,True
2026-09-17T12:35:14.764453+00:00,synthetic,synth_gen_CONFIDENT_NORMAL,synthetic,384,46,845.9,113.7,0,0.6435,0.7135,0,12,3,59794.99103734953,0,1,0,20,2,0,53,53,True,,synthetic,True,2,True
2026-09-17T12:35:14.764453+00:00,synthetic,synth_gen_CONFIDENT_NORMAL,synthetic,385,17,970.9,101.4,0,0.9634,0.6096,0,7,4,3100.4337315075722,0,8,0,0,2,0,50,50,True,,synthetic,True,2,True
2026-09-17T12:35:14.764453+00:00,synthetic,synth_gen_CONFIDENT_NORMAL,synthetic,386,23,1377.0,58.4,0,0.8847,0.6498,0,1,2,69456.72071801797,0,4,0,7,2,0,47,47,True,,synthetic,True,2,True
2026-09-17T12:35:14.764453+00:00,synthetic,synth_gen_CONFIDENT_NORMAL,synthetic,387,43,1346.7,84.5,0,1.0,0.5423,0,14,4,20887.585631352456,0,5,0,16,2,0,33,33,True,,synthetic,True,2,True
2026-09-17T12:35:14.764453+00:00,synthetic,synth_gen_CONFIDENT_NORMAL,synthetic,388,21,627.7,86.7,0,1.0,0.6535,0,1,1,58264.082337111344,0,3,0,17,2,0,45,45,True,,synthetic,True,2,True
2026-09-17T12:35:14.764453+00:00,synthetic,synth_gen_CONFIDENT_NORMAL,synthetic,389,20,938.9,54.2,0,0.7545,0.5443,0,14,3,13649.620521118122,0,3,0,2,2,0,52,52,True,,synthetic,True,2,True
2026-09-17T12:35:14.764453+00:00,synthetic,synth_gen_CONFIDENT_NORMAL,synthetic,390,42,986.8,74.5,0,0.82,0.5567,0,14,2,54813.93822066099,0,6,0,11,2,0,61,61,True,,synthetic,True,2,True
2026-09-17T12:35:14.764453+00:00,synthetic,synth_gen_CONFIDENT_NORMAL,synthetic,391,18,449.2,98.0,0,0.9747,0.5915,0,6,3,83426.15854923024,0,7,0,15,2,0,37,37,True,,synthetic,True,2,True
2026-09-17T12:35:14.764453+00:00,synthetic,synth_gen_CONFIDENT_NORMAL,synthetic,392,26,1329.9,102.2,0,0.6493,0.7344,0,9,5,33685.984189570896,0,3,0,19,2,0,7,7,True,,synthetic,True,2,True
2026-09-17T12:35:14.764453+00:00,synthetic,synth_gen_CONFIDENT_NORMAL,synthetic,393,17,1168.5,52.0,0,0.6,0.5,0,12,3,61803.69641076307,0,8,0,3,2,0,4,4,True,,synthetic,True,2,True
2026-09-17T12:35:14.764453+00:00,synthetic,synth_gen_CONFIDENT_NORMAL,synthetic,394,49,536.4,114.2,0,0.9879,0.5,0,3,2,19776.026706535566,0,6,0,8,2,0,25,25,True,,synthetic,True,2,True
2026-09-17T12:35:14.764453+00:00,synthetic,synth_gen_CONFIDENT_NORMAL,synthetic,395,9,1135.1,190.7,0,0.8308,0.5012,0,2,1,74030.3286495803,0,8,0,3,2,0,22,22,True,,synthetic,True,2,True
2026-09-17T12:35:14.764453+00:00,synthetic,synth_gen_CONFIDENT_NORMAL,synthetic,396,1,1969.3,152.4,0,0.6922,0.5,0,3,4,77691.92225124023,0,5,0,3,2,0,40,40,True,,synthetic,True,2,True
2026-09-17T12:35:14.764453+00:00,synthetic,synth_gen_CONFIDENT_NORMAL,synthetic,397,36,1266.9,111.9,0,0.8062,0.64,0,5,3,26756.396092150906,0,6,0,11,2,0,42,42,True,,synthetic,True,2,True
2026-09-17T12:35:14.764453+00:00,synthetic,synth_gen_CONFIDENT_NORMAL,synthetic,398,46,1744.8,155.9,0,0.8486,0.574,0,7,1,54189.79583747863,0,3,0,10,2,0,27,27,True,,synthetic,True,2,True
2026-09-17T12:35:14.764453+00:00,synthetic,synth_gen_CONFIDENT_NORMAL,synthetic,399,5,991.9,90.6,0,0.8255,0.502,0,1,1,77305.4135464924,0,2,0,13,2,0,4,4,True,,synthetic,True,2,True
2026-09-17T12:35:14.764453+00:00,synthetic,synth_gen_CONFIDENT_NORMAL,synthetic,400,23,1387.8,352.4,0,0.8344,0.7477,0,14,3,787.4319389176331,0,2,0,6,2,0,63,63,True,,synthetic,True,2,True
2026-09-17T12:35:14.764453+00:00,synthetic,synth_gen_CONFIDENT_NORMAL,synthetic,401,20,1960.8,30,0,0.679,0.7067,0,9,2,11045.708130404502,0,9,0,10,2,0,39,39,True,,synthetic,True,2,True
2026-09-17T12:35:14.764453+00:00,synthetic,synth_gen_CONFIDENT_NORMAL,synthetic,402,7,801.6,118.9,0,0.767,0.6366,0,9,3,75834.7397971108,0,4,0,5,2,0,59,59,True,,synthetic,True,2,True
2026-09-17T12:35:14.764453+00:00,synthetic,synth_gen_CONFIDENT_NORMAL,synthetic,403,37,362.4,297.4,0,0.6049,0.73,0,10,2,3317.679393492409,0,8,0,5,2,0,42,42,True,,synthetic,True,2,True
2026-09-17T12:35:14.764453+00:00,synthetic,synth_gen_CONFIDENT_NORMAL,synthetic,404,40,498.9,32.5,0,0.8401,0.819,0,14,3,25217.991760760324,0,3,0,0,2,0,49,49,True,,synthetic,True,2,True
2026-09-17T12:35:14.764453+00:00,synthetic,synth_gen_CONFIDENT_NORMAL,synthetic,405,6,1363.0,172.4,0,0.8142,0.7831,0,12,3,68449.42227643462,0,1,0,8,2,0,9,9,True,,synthetic,True,2,True
2026-09-17T12:35:14.764453+00:00,synthetic,synth_gen_CONFIDENT_NORMAL,synthetic,406,37,1446.2,88.3,0,0.9062,0.6958,0,13,5,71769.38257283179,0,10,0,19,2,0,21,21,True,,synthetic,True,2,True
2026-09-17T12:35:14.764453+00:00,synthetic,synth_gen_CONFIDENT_NORMAL,synthetic,407,46,1030.3,99.7,0,0.9341,0.6253,0,4,4,4737.851446712945,0,5,0,9,2,0,56,56,True,,synthetic,True,2,True
2026-09-17T12:35:14.764453+00:00,synthetic,synth_gen_CONFIDENT_NORMAL,synthetic,408,46,913.3,60.8,0,0.7848,0.5352,0,9,2,5692.215018111099,0,8,0,20,2,0,49,49,True,,synthetic,True,2,True
2026-09-17T12:35:14.764453+00:00,synthetic,synth_gen_CONFIDENT_NORMAL,synthetic,409,27,968.0,212.1,0,0.7105,0.6827,0,2,2,66279.10140960958,0,7,0,4,2,0,9,9,True,,synthetic,True,2,True
2026-09-17T12:35:14.764453+00:00,synthetic,synth_gen_CONFIDENT_NORMAL,synthetic,410,46,1210.2,74.2,0,0.9183,0.642,0,11,4,75455.97421880672,0,5,0,11,2,0,56,56,True,,synthetic,True,2,True
2026-09-17T12:35:14.764453+00:00,synthetic,synth_gen_CONFIDENT_NORMAL,synthetic,411,11,1416.6,97.3,0,0.9754,0.5839,0,13,1,29901.26498225715,0,7,0,8,2,0,27,27,True,,synthetic,True,2,True
2026-09-17T12:35:14.764453+00:00,synthetic,synth_gen_CONFIDENT_NORMAL,synthetic,412,13,1599.4,106.8,0,0.7597,0.5,0,12,4,12114.766846484172,0,3,0,20,2,0,13,13,True,,synthetic,True,2,True
2026-09-17T12:35:14.764453+00:00,synthetic,synth_gen_CONFIDENT_NORMAL,synthetic,413,41,2046.5,64.0,0,1.0,0.519,0,1,5,26830.058602927504,0,8,0,15,2,0,42,42,True,,synthetic,True,2,True
2026-09-17T12:35:14.764453+00:00,synthetic,synth_gen_CONFIDENT_NORMAL,synthetic,414,35,1135.0,63.3,0,1.0,0.5827,0,15,2,4749.851211584946,0,2,0,7,2,0,1,1,True,,synthetic,True,2,True
2026-09-17T12:35:14.764453+00:00,synthetic,synth_gen_CONFIDENT_NORMAL,synthetic,415,49,1605.2,116.9,0,0.8361,0.5687,0,5,3,43268.249422076115,0,5,0,5,2,0,29,29,True,,synthetic,True,2,True
2026-09-17T12:35:14.764453+00:00,synthetic,synth_gen_CONFIDENT_NORMAL,synthetic,416,30,1332.6,68.9,0,0.835,0.571,0,5,1,15678.067983163433,0,3,0,20,2,0,16,16,True,,synthetic,True,2,True
2026-09-17T12:35:14.764453+00:00,synthetic,synth_gen_CONFIDENT_NORMAL,synthetic,417,0,1140.4,61.0,0,0.6084,0.6059,0,7,2,25843.078860492635,0,10,0,16,2,0,40,40,True,,synthetic,True,2,True
2026-09-17T12:35:14.764453+00:00,synthetic,synth_gen_CONFIDENT_NORMAL,synthetic,418,28,885.2,70.0,0,0.6936,0.6826,0,1,2,79216.42978433848,0,8,0,14,2,0,50,50,True,,synthetic,True,2,True
2026-09-17T12:35:14.764453+00:00,synthetic,synth_gen_CONFIDENT_NORMAL,synthetic,419,21,2500,186.5,0,0.752,0.725,0,12,4,48027.7659134312,0,3,0,7,2,0,31,31,True,,synthetic,True,2,True
2026-09-17T12:35:14.764453+00:00,synthetic,synth_gen_CONFIDENT_NORMAL,synthetic,420,2,1117.8,152.8,0,0.9666,0.6199,0,15,3,36186.97864457833,0,8,0,16,2,0,24,24,True,,synthetic,True,2,True
2026-09-17T12:35:14.764453+00:00,synthetic,synth_gen_CONFIDENT_NORMAL,synthetic,421,34,1227.9,81.1,0,1.0,0.5105,0,1,1,49738.028277881465,0,4,0,10,2,0,61,61,True,,synthetic,True,2,True
2026-09-17T12:35:14.764453+00:00,synthetic,synth_gen_CONFIDENT_NORMAL,synthetic,422,40,1488.7,95.0,0,0.6461,0.7389,0,14,5,54292.51604469404,0,8,0,16,2,0,9,9,True,,synthetic,True,2,True
2026-09-17T12:35:14.764453+00:00,synthetic,synth_gen_CONFIDENT_NORMAL,synthetic,423,33,1494.2,94.7,0,0.676,0.6013,0,3,1,4078.3901183269654,0,1,0,15,2,0,15,15,True,,synthetic,True,2,True
2026-09-17T12:35:14.764453+00:00,synthetic,synth_gen_CONFIDENT_NORMAL,synthetic,424,32,954.0,155.3,0,0.9279,0.561,0,13,2,54786.25587386725,0,3,0,14,2,0,60,60,True,,synthetic,True,2,True
2026-09-17T12:35:14.764453+00:00,synthetic,synth_gen_CONFIDENT_NORMAL,synthetic,425,30,1158.0,270.6,0,0.9782,0.5509,0,1,4,47147.532849073046,0,8,0,1,2,0,32,32,True,,synthetic,True,2,True
2026-09-17T12:35:14.764453+00:00,synthetic,synth_gen_CONFIDENT_NORMAL,synthetic,426,23,2186.5,45.0,0,0.803,0.6019,0,14,2,63676.177520082885,0,8,0,7,2,0,56,56,True,,synthetic,True,2,True
2026-09-17T12:35:14.764453+00:00,synthetic,synth_gen_CONFIDENT_NORMAL,synthetic,427,12,1208.1,70.9,0,0.8771,0.5,0,3,2,24893.215965189494,0,4,0,4,2,0,24,24,True,,synthetic,True,2,True
2026-09-17T12:35:14.764453+00:00,synthetic,synth_gen_CONFIDENT_NORMAL,synthetic,428,24,389.2,66.0,0,1.0,0.6062,0,2,4,7352.88473100201,0,9,0,3,2,0,57,57,True,,synthetic,True,2,True
2026-09-17T12:35:14.764453+00:00,synthetic,synth_gen_CONFIDENT_NORMAL,synthetic,429,1,2500,52.4,0,0.8926,0.5202,0,4,5,44368.374455921505,0,10,0,18,2,0,3,3,True,,synthetic,True,2,True
2026-09-17T12:35:14.764453+00:00,synthetic,synth_gen_CONFIDENT_NORMAL,synthetic,430,16,1153.7,85.5,0,0.7628,0.5,0,4,2,33822.9289844543,0,4,0,19,2,0,30,30,True,,synthetic,True,2,True
2026-09-17T12:35:14.764453+00:00,synthetic,synth_gen_CONFIDENT_NORMAL,synthetic,431,13,2104.0,96.7,0,0.7742,0.5371,0,3,1,24379.21061105634,0,10,0,9,2,0,25,25,True,,synthetic,True,2,True
2026-09-17T12:35:14.764453+00:00,synthetic,synth_gen_CONFIDENT_NORMAL,synthetic,432,4,687.8,103.2,0,0.6,0.5,0,8,2,62165.72719446443,0,7,0,0,2,0,51,51,True,,synthetic,True,2,True
2026-09-17T12:35:14.764453+00:00,synthetic,synth_gen_CONFIDENT_NORMAL,synthetic,433,7,1798.4,114.3,0,1.0,0.564,0,10,4,59027.49699671398,0,5,0,16,2,0,31,31,True,,synthetic,True,2,True
2026-09-17T12:35:14.764453+00:00,synthetic,synth_gen_CONFIDENT_NORMAL,synthetic,434,0,762.5,54.6,0,0.9661,0.7444,0,4,2,17380.37301366126,0,8,0,3,2,0,16,16,True,,synthetic,True,2,True
2026-09-17T12:35:14.764453+00:00,synthetic,synth_gen_CONFIDENT_NORMAL,synthetic,435,2,657.9,43.5,0,0.8135,0.5325,0,6,3,41812.67180283109,0,4,0,20,2,0,62,62,True,,synthetic,True,2,True
2026-09-17T12:35:14.764453+00:00,synthetic,synth_gen_CONFIDENT_NORMAL,synthetic,436,13,1969.6,115.7,0,1.0,0.6831,0,14,5,66528.726431587,0,4,0,9,2,0,58,58,True,,synthetic,True,2,True
2026-09-17T12:35:14.764453+00:00,synthetic,synth_gen_CONFIDENT_NORMAL,synthetic,437,49,997.8,277.0,0,0.6,0.6764,0,2,2,70995.67118003013,0,7,0,18,2,0,61,61,True,,synthetic,True,2,True
2026-09-17T12:35:14.764453+00:00,synthetic,synth_gen_CONFIDENT_NORMAL,synthetic,438,41,792.5,53.4,0,0.9907,0.5,0,8,3,34767.34244555208,0,7,0,18,2,0,31,31,True,,synthetic,True,2,True
2026-09-17T12:35:14.764453+00:00,synthetic,synth_gen_CONFIDENT_NORMAL,synthetic,439,35,564.8,61.5,0,0.6,0.7155,0,12,1,45551.00911555909,0,10,0,19,2,0,37,37,True,,synthetic,True,2,True
2026-09-17T12:35:14.764453+00:00,synthetic,synth_gen_CONFIDENT_NORMAL,synthetic,440,48,1342.3,135.2,0,0.6,0.8432,0,7,1,48846.03944178363,0,7,0,17,2,0,53,53,True,,synthetic,True,2,True
2026-09-17T12:35:14.764453+00:00,synthetic,synth_gen_CONFIDENT_NORMAL,synthetic,441,37,991.6,215.6,0,1.0,0.7972,0,6,1,69606.72546513873,0,3,0,20,2,0,26,26,True,,synthetic,True,2,True
2026-09-17T12:35:14.764453+00:00,synthetic,synth_gen_CONFIDENT_NORMAL,synthetic,442,12,1737.1,81.2,0,0.6258,0.7867,0,2,5,31619.638522950172,0,6,0,1,2,0,30,30,True,,synthetic,True,2,True
2026-09-17T12:35:14.764453+00:00,synthetic,synth_gen_CONFIDENT_NORMAL,synthetic,443,25,1035.2,141.4,0,0.9697,0.6014,0,14,1,67387.53365923486,0,4,0,13,2,0,54,54,True,,synthetic,True,2,True
2026-09-17T12:35:14.764453+00:00,synthetic,synth_gen_CONFIDENT_NORMAL,synthetic,444,43,818.3,97.1,0,0.7101,0.6397,0,12,3,1548.182049569204,0,3,0,16,2,0,36,36,True,,synthetic,True,2,True
2026-09-17T12:35:14.764453+00:00,synthetic,synth_gen_CONFIDENT_NORMAL,synthetic,445,25,1143.4,96.6,0,0.8325,0.5,0,15,5,7503.020011487989,0,5,0,18,2,0,21,21,True,,synthetic,True,2,True
2026-09-17T12:35:14.764453+00:00,synthetic,synth_gen_CONFIDENT_NORMAL,synthetic,446,32,1081.6,49.4,0,0.6,0.5976,0,3,3,18169.215370084225,0,2,0,14,2,0,4,4,True,,synthetic,True,2,True
2026-09-17T12:35:14.764453+00:00,synthetic,synth_gen_CONFIDENT_NORMAL,synthetic,447,5,1395.4,96.9,0,0.6412,0.5279,0,15,4,25413.972953383938,0,10,0,3,2,0,18,18,True,,synthetic,True,2,True
2026-09-17T12:35:14.764453+00:00,synthetic,synth_gen_CONFIDENT_NORMAL,synthetic,448,41,1376.0,122.1,0,0.6,0.5,0,4,5,80019.9751853133,0,5,0,9,2,0,33,33,True,,synthetic,True,2,True
2026-09-17T12:35:14.764453+00:00,synthetic,synth_gen_CONFIDENT_NORMAL,synthetic,449,44,875.3,71.7,0,0.828,0.6963,0,13,4,5509.5876437930765,0,1,0,15,2,0,21,21,True,,synthetic,True,2,True
2026-09-17T12:35:14.764453+00:00,synthetic,synth_gen_CONFIDENT_NORMAL,synthetic,450,20,490.1,86.0,0,0.7573,0.5433,0,13,4,63637.34551647537,0,7,0,13,2,0,38,38,True,,synthetic,True,2,True
2026-09-17T12:35:14.764453+00:00,synthetic,synth_gen_CONFIDENT_NORMAL,synthetic,451,24,968.2,204.5,0,0.8698,0.5717,0,12,2,62278.316082621735,0,4,0,12,2,0,30,30,True,,synthetic,True,2,True
2026-09-17T12:35:14.764453+00:00,synthetic,synth_gen_CONFIDENT_NORMAL,synthetic,452,43,1356.4,74.1,0,0.8154,0.6129,0,13,4,85548.54649477784,0,10,0,10,2,0,29,29,True,,synthetic,True,2,True
2026-09-17T12:35:14.764453+00:00,synthetic,synth_gen_CONFIDENT_NORMAL,synthetic,453,16,606.2,140.5,0,0.7747,0.6655,0,11,1,13837.44716207744,0,5,0,11,2,0,34,34,True,,synthetic,True,2,True
2026-09-17T12:35:14.764453+00:00,synthetic,synth_gen_CONFIDENT_NORMAL,synthetic,454,48,501.8,32.4,0,0.9734,0.5,0,9,4,33124.411117738935,0,8,0,5,2,0,28,28,True,,synthetic,True,2,True
2026-09-17T12:35:14.764453+00:00,synthetic,synth_gen_CONFIDENT_NORMAL,synthetic,455,13,1577.6,84.9,0,0.8212,0.7051,0,13,4,8064.569218638094,0,4,0,6,2,0,48,48,True,,synthetic,True,2,True
2026-09-17T12:35:14.764453+00:00,synthetic,synth_gen_CONFIDENT_NORMAL,synthetic,456,9,1073.6,96.4,0,1.0,0.5749,0,10,2,73559.86658306853,0,4,0,18,2,0,50,50,True,,synthetic,True,2,True
2026-09-17T12:35:14.764453+00:00,synthetic,synth_gen_CONFIDENT_NORMAL,synthetic,457,32,1012.6,80.3,0,0.7825,0.5,0,12,3,18296.38292342603,0,10,0,19,2,0,27,27,True,,synthetic,True,2,True
2026-09-17T12:35:14.764453+00:00,synthetic,synth_gen_CONFIDENT_NORMAL,synthetic,458,47,1046.2,82.3,0,0.9252,0.7844,0,11,2,79702.47540013527,0,2,0,7,2,0,27,27,True,,synthetic,True,2,True
2026-09-17T12:35:14.764453+00:00,synthetic,synth_gen_CONFIDENT_NORMAL,synthetic,459,17,1155.9,107.1,0,0.7297,0.5928,0,15,2,22092.37553122474,0,3,0,18,2,0,55,55,True,,synthetic,True,2,True
2026-09-17T12:35:14.764453+00:00,synthetic,synth_gen_CONFIDENT_NORMAL,synthetic,460,12,1009.8,97.8,0,0.9107,0.5,0,14,5,5584.699307240707,0,1,0,2,2,0,21,21,True,,synthetic,True,2,True
2026-09-17T12:35:14.764453+00:00,synthetic,synth_gen_CONFIDENT_NORMAL,synthetic,461,11,2082.5,72.3,0,0.9351,0.6219,0,4,3,23792.885658617684,0,10,0,5,2,0,3,3,True,,synthetic,True,2,True
2026-09-17T12:35:14.764453+00:00,synthetic,synth_gen_CONFIDENT_NORMAL,synthetic,462,6,1371.3,161.4,0,0.6,0.7008,0,3,4,66587.06653489375,0,6,0,2,2,0,14,14,True,,synthetic,True,2,True
2026-09-17T12:35:14.764453+00:00,synthetic,synth_gen_CONFIDENT_NORMAL,synthetic,463,30,1211.1,75.2,0,0.8061,0.7955,0,10,1,53668.8519446116,0,1,0,5,2,0,16,16,True,,synthetic,True,2,True
2026-09-17T12:35:14.764453+00:00,synthetic,synth_gen_CONFIDENT_NORMAL,synthetic,464,18,2009.2,170.6,0,0.6537,0.5163,0,14,2,68031.42568039907,0,1,0,15,2,0,28,28,True,,synthetic,True,2,True
2026-09-17T12:35:14.764453+00:00,synthetic,synth_gen_CONFIDENT_NORMAL,synthetic,465,29,392.9,125.1,0,0.8182,0.56,0,2,2,37547.01652236635,0,4,0,4,2,0,4,4,True,,synthetic,True,2,True
2026-09-17T12:35:14.764453+00:00,synthetic,synth_gen_CONFIDENT_NORMAL,synthetic,466,6,1257.6,264.8,0,0.6135,0.5,0,3,1,37489.68351473609,0,3,0,7,2,0,55,55,True,,synthetic,True,2,True
2026-09-17T12:35:14.764453+00:00,synthetic,synth_gen_CONFIDENT_NORMAL,synthetic,467,20,1543.4,126.9,0,0.646,0.5511,0,14,5,79755.13444670559,0,1,0,16,2,0,38,38,True,,synthetic,True,2,True
2026-09-17T12:35:14.764453+00:00,synthetic,synth_gen_CONFIDENT_NORMAL,synthetic,468,2,1162.1,48.3,0,0.8822,0.6549,0,4,3,2358.839969303355,0,5,0,3,2,0,27,27,True,,synthetic,True,2,True
2026-09-17T12:35:14.764453+00:00,synthetic,synth_gen_CONFIDENT_NORMAL,synthetic,469,16,1622.2,106.5,0,0.6038,0.746,0,4,5,5865.612323873576,0,9,0,11,2,0,30,30,True,,synthetic,True,2,True
2026-09-17T12:35:14.764453+00:00,synthetic,synth_gen_CONFIDENT_NORMAL,synthetic,470,14,1083.3,223.1,0,0.7507,0.6782,0,10,5,71416.1662016346,0,2,0,20,2,0,25,25,True,,synthetic,True,2,True
2026-09-17T12:35:14.764453+00:00,synthetic,synth_gen_CONFIDENT_NORMAL,synthetic,471,44,1029.5,111.1,0,0.8272,0.5106,0,10,1,31765.385458548415,0,10,0,3,2,0,11,11,True,,synthetic,True,2,True
2026-09-17T12:35:14.764453+00:00,synthetic,synth_gen_CONFIDENT_NORMAL,synthetic,472,21,1681.5,213.8,0,0.7283,0.6704,0,12,4,14208.274047032886,0,1,0,8,2,0,25,25,True,,synthetic,True,2,True
2026-09-17T12:35:14.764453+00:00,synthetic,synth_gen_CONFIDENT_NORMAL,synthetic,473,33,641.5,122.9,0,0.6796,0.7387,0,13,1,71526.39909021415,0,8,0,3,2,0,31,31,True,,synthetic,True,2,True
2026-09-17T12:35:14.764453+00:00,synthetic,synth_gen_CONFIDENT_NORMAL,synthetic,474,20,481.7,243.0,0,0.8114,0.7566,0,1,4,19416.563330210334,0,4,0,0,2,0,27,27,True,,synthetic,True,2,True
2026-09-17T12:35:14.764453+00:00,synthetic,synth_gen_CONFIDENT_NORMAL,synthetic,475,28,753.0,92.9,0,0.8202,0.6235,0,7,4,18019.987335782847,0,1,0,13,2,0,1,1,True,,synthetic,True,2,True
2026-09-17T12:35:14.764453+00:00,synthetic,synth_gen_CONFIDENT_NORMAL,synthetic,476,11,1357.7,96.4,0,0.7767,0.5401,0,4,3,4678.938905109751,0,10,0,4,2,0,45,45,True,,synthetic,True,2,True
2026-09-17T12:35:14.764453+00:00,synthetic,synth_gen_CONFIDENT_NORMAL,synthetic,477,47,834.9,67.5,0,0.7079,0.513,0,11,2,33949.147038459894,0,2,0,12,2,0,12,12,True,,synthetic,True,2,True
2026-09-17T12:35:14.764453+00:00,synthetic,synth_gen_CONFIDENT_NORMAL,synthetic,478,1,686.1,134.4,0,0.7248,0.5776,0,14,1,66852.10057491636,0,4,0,8,2,0,61,61,True,,synthetic,True,2,True
2026-09-17T12:35:14.764453+00:00,synthetic,synth_gen_CONFIDENT_NORMAL,synthetic,479,48,1898.0,97.0,0,0.6954,0.5,0,13,5,37294.461744517124,0,3,0,15,2,0,33,33,True,,synthetic,True,2,True
2026-09-17T12:35:14.764453+00:00,synthetic,synth_gen_CONFIDENT_NORMAL,synthetic,480,9,2125.8,50.2,0,0.6942,0.6623,0,15,1,56849.350964847894,0,2,0,13,2,0,62,62,True,,synthetic,True,2,True
2026-09-17T12:35:14.764453+00:00,synthetic,synth_gen_CONFIDENT_NORMAL,synthetic,481,24,796.9,177.1,0,0.7941,0.646,0,14,3,3920.801761435251,0,9,0,10,2,0,16,16,True,,synthetic,True,2,True
2026-09-17T12:35:14.764453+00:00,synthetic,synth_gen_CONFIDENT_NORMAL,synthetic,482,28,1212.2,60.2,0,0.8352,0.6469,0,4,5,62348.09796284501,0,10,0,10,2,0,58,58,True,,synthetic,True,2,True
2026-09-17T12:35:14.764453+00:00,synthetic,synth_gen_CONFIDENT_NORMAL,synthetic,483,0,1050.2,86.7,0,0.7233,0.5,0,1,2,27743.44614913595,0,4,0,7,2,0,8,8,True,,synthetic,True,2,True
2026-09-17T12:35:14.764453+00:00,synthetic,synth_gen_CONFIDENT_NORMAL,synthetic,484,48,861.5,51.4,0,0.8759,0.6628,0,3,3,52566.49126076239,0,9,0,9,2,0,36,36,True,,synthetic,True,2,True
2026-09-17T12:35:14.764453+00:00,synthetic,synth_gen_CONFIDENT_NORMAL,synthetic,485,30,1302.4,259.5,0,0.7145,0.537,0,13,1,49900.7840590146,0,4,0,15,2,0,50,50,True,,synthetic,True,2,True
2026-09-17T12:35:14.764453+00:00,synthetic,synth_gen_CONFIDENT_NORMAL,synthetic,486,49,905.7,130.5,0,0.9239,0.5075,0,3,1,61883.6591416206,0,2,0,15,2,0,5,5,True,,synthetic,True,2,True
2026-09-17T12:35:14.764453+00:00,synthetic,synth_gen_CONFIDENT_NORMAL,synthetic,487,34,718.9,136.0,0,0.7238,0.5771,0,2,4,77377.70268517501,0,1,0,19,2,0,15,15,True,,synthetic,True,2,True
2026-09-17T12:35:14.764453+00:00,synthetic,synth_gen_CONFIDENT_NORMAL,synthetic,488,15,1429.5,147.5,0,1.0,0.5,0,15,5,29578.516163515702,0,7,0,14,2,0,12,12,True,,synthetic,True,2,True
2026-09-17T12:35:14.764453+00:00,synthetic,synth_gen_CONFIDENT_NORMAL,synthetic,489,37,899.5,56.5,0,0.6,0.5403,0,3,3,18330.456954953843,0,1,0,17,2,0,6,6,True,,synthetic,True,2,True
2026-09-17T12:35:14.764453+00:00,synthetic,synth_gen_CONFIDENT_NORMAL,synthetic,490,43,563.6,169.9,0,0.7783,0.6173,0,13,3,3403.031552490612,0,9,0,1,2,0,26,26,True,,synthetic,True,2,True
2026-09-17T12:35:14.764453+00:00,synthetic,synth_gen_CONFIDENT_NORMAL,synthetic,491,12,1558.1,313.1,0,0.7843,0.6454,0,12,2,74118.98045495179,0,8,0,7,2,0,32,32,True,,synthetic,True,2,True
2026-09-17T12:35:14.764453+00:00,synthetic,synth_gen_CONFIDENT_NORMAL,synthetic,492,0,1524.6,133.8,0,0.6011,0.6469,0,2,1,49002.64638023205,0,9,0,10,2,0,54,54,True,,synthetic,True,2,True
2026-09-17T12:35:14.764453+00:00,synthetic,synth_gen_CONFIDENT_NORMAL,synthetic,493,49,1081.8,40.5,0,1.0,0.884,0,12,5,40413.16559388574,0,2,0,17,2,0,9,9,True,,synthetic,True,2,True
2026-09-17T12:35:14.764453+00:00,synthetic,synth_gen_CONFIDENT_NORMAL,synthetic,494,12,1911.1,115.6,0,1.0,0.6763,0,6,5,23241.956319486624,0,7,0,7,2,0,42,42,True,,synthetic,True,2,True
2026-09-17T12:35:14.764453+00:00,synthetic,synth_gen_CONFIDENT_NORMAL,synthetic,495,3,1051.4,67.6,0,0.9443,0.7001,0,11,4,9176.31658510368,0,3,0,15,2,0,16,16,True,,synthetic,True,2,True
2026-09-17T12:35:14.764453+00:00,synthetic,synth_gen_CONFIDENT_NORMAL,synthetic,496,7,1391.4,48.9,0,1.0,0.7448,0,15,1,25990.049383457823,0,6,0,0,2,0,23,23,True,,synthetic,True,2,True
2026-09-17T12:35:14.764453+00:00,synthetic,synth_gen_CONFIDENT_NORMAL,synthetic,497,11,1066.7,147.6,0,0.7964,0.6436,0,10,3,75689.69857843526,0,10,0,17,2,0,26,26,True,,synthetic,True,2,True
2026-09-17T12:35:14.764453+00:00,synthetic,synth_gen_CONFIDENT_NORMAL,synthetic,498,46,1500.6,71.2,0,0.9914,0.5,0,3,5,6143.659149453746,0,7,0,11,2,0,8,8,True,,synthetic,True,2,True
2026-09-17T12:35:14.764453+00:00,synthetic,synth_gen_CONFIDENT_NORMAL,synthetic,499,46,721.1,82.6,0,0.869,0.5247,0,2,1,43664.529719268234,0,3,0,11,2,0,33,33,True,,synthetic,True,2,True
2026-09-17T12:35:14.764453+00:00,synthetic,synth_gen_CONFIDENT_NORMAL,synthetic,500,44,1651.3,94.1,0,0.8834,0.7794,0,9,4,55045.8604676166,0,6,0,18,2,0,2,2,True,,synthetic,True,2,True
2026-09-17T12:35:14.764453+00:00,synthetic,synth_gen_CONFIDENT_NORMAL,synthetic,501,12,1515.7,130.4,0,0.8434,0.7045,0,10,1,23717.546642792153,0,9,0,16,2,0,29,29,True,,synthetic,True,2,True
2026-09-17T12:35:14.764453+00:00,synthetic,synth_gen_CONFIDENT_NORMAL,synthetic,502,40,2223.9,111.8,0,0.7142,0.5,0,1,1,579.4377980235179,0,6,0,6,2,0,54,54,True,,synthetic,True,2,True
2026-09-17T12:35:14.764453+00:00,synthetic,synth_gen_CONFIDENT_NORMAL,synthetic,503,26,1296.2,36.3,0,0.6396,0.5,0,3,5,53581.00119380615,0,8,0,14,2,0,21,21,True,,synthetic,True,2,True
2026-09-17T12:35:14.764453+00:00,synthetic,synth_gen_CONFIDENT_NORMAL,synthetic,504,18,955.0,239.2,0,0.758,0.5,0,5,3,61070.52085029546,0,10,0,12,2,0,41,41,True,,synthetic,True,2,True
2026-09-17T12:35:14.764453+00:00,synthetic,synth_gen_CONFIDENT_NORMAL,synthetic,505,1,1707.0,124.6,0,0.8102,0.6028,0,1,1,48309.59144569177,0,10,0,20,2,0,49,49,True,,synthetic,True,2,True
2026-09-17T12:35:14.764453+00:00,synthetic,synth_gen_CONFIDENT_NORMAL,synthetic,506,22,319.5,79.6,0,0.8649,0.6617,0,4,1,49551.01021347624,0,4,0,2,2,0,28,28,True,,synthetic,True,2,True
2026-09-17T12:35:14.764453+00:00,synthetic,synth_gen_CONFIDENT_NORMAL,synthetic,507,20,2500,102.2,0,0.6,0.5794,0,9,4,61789.92310128277,0,7,0,8,2,0,48,48,True,,synthetic,True,2,True
2026-09-17T12:35:14.764453+00:00,synthetic,synth_gen_CONFIDENT_NORMAL,synthetic,508,9,880.1,116.3,0,0.9279,0.5284,0,9,2,5199.797142592955,0,7,0,4,2,0,47,47,True,,synthetic,True,2,True
2026-09-17T12:35:14.764453+00:00,synthetic,synth_gen_CONFIDENT_NORMAL,synthetic,509,31,1196.9,122.6,0,0.904,0.6009,0,13,4,1506.2958098087588,0,6,0,15,2,0,41,41,True,,synthetic,True,2,True
2026-09-17T12:35:14.764453+00:00,synthetic,synth_gen_CONFIDENT_NORMAL,synthetic,510,33,987.4,147.7,0,1.0,0.6989,0,12,2,23148.04009384751,0,1,0,5,2,0,35,35,True,,synthetic,True,2,True
2026-09-17T12:35:14.764453+00:00,synthetic,synth_gen_CONFIDENT_NORMAL,synthetic,511,22,2500,52.2,0,0.7198,0.7729,0,12,5,59829.25321488102,0,6,0,6,2,0,21,21,True,,synthetic,True,2,True
2026-09-17T12:35:14.764453+00:00,synthetic,synth_gen_CONFIDENT_NORMAL,synthetic,512,34,1447.6,102.3,0,0.8889,0.6894,0,6,2,78692.39928612194,0,9,0,16,2,0,48,48,True,,synthetic,True,2,True
2026-09-17T12:35:14.764453+00:00,synthetic,synth_gen_CONFIDENT_NORMAL,synthetic,513,37,311.0,121.8,0,0.6,0.6833,0,14,4,5431.178716032151,0,3,0,3,2,0,34,34,True,,synthetic,True,2,True
2026-09-17T12:35:14.764453+00:00,synthetic,synth_gen_CONFIDENT_NORMAL,synthetic,514,22,1022.5,205.0,0,0.8685,0.8271,0,7,3,68279.60431134429,0,9,0,9,2,0,33,33,True,,synthetic,True,2,True
2026-09-17T12:35:14.764453+00:00,synthetic,synth_gen_CONFIDENT_NORMAL,synthetic,515,4,881.8,70.3,0,0.9255,0.5,0,14,1,61548.24807655784,0,2,0,8,2,0,32,32,True,,synthetic,True,2,True
2026-09-17T12:35:14.764453+00:00,synthetic,synth_gen_CONFIDENT_NORMAL,synthetic,516,38,1282.9,87.2,0,0.6,0.7314,0,3,2,53080.450932213986,0,2,0,0,2,0,16,16,True,,synthetic,True,2,True
2026-09-17T12:35:14.764453+00:00,synthetic,synth_gen_CONFIDENT_NORMAL,synthetic,517,3,917.4,41.5,0,1.0,0.8247,0,8,3,65437.908630817314,0,8,0,19,2,0,49,49,True,,synthetic,True,2,True
2026-09-17T12:35:14.764453+00:00,synthetic,synth_gen_CONFIDENT_NORMAL,synthetic,518,30,2042.3,157.2,0,0.8194,0.6791,0,11,4,77117.39065418213,0,8,0,14,2,0,47,47,True,,synthetic,True,2,True
2026-09-17T12:35:14.764453+00:00,synthetic,synth_gen_CONFIDENT_NORMAL,synthetic,519,21,935.2,41.6,0,0.6773,0.6219,0,5,4,22086.610757309787,0,5,0,5,2,0,14,14,True,,synthetic,True,2,True
2026-09-17T12:35:14.764453+00:00,synthetic,synth_gen_CONFIDENT_NORMAL,synthetic,520,3,1386.0,120.4,0,0.8687,0.5903,0,10,3,82211.8452861172,0,9,0,1,2,0,39,39,True,,synthetic,True,2,True
2026-09-17T12:35:14.764453+00:00,synthetic,synth_gen_CONFIDENT_NORMAL,synthetic,521,48,2500,74.0,0,0.8313,0.7072,0,2,4,80733.69157614074,0,7,0,8,2,0,15,15,True,,synthetic,True,2,True
2026-09-17T12:35:14.764453+00:00,synthetic,synth_gen_CONFIDENT_NORMAL,synthetic,522,36,625.8,141.7,0,0.8738,0.5201,0,13,5,71038.44837108324,0,5,0,16,2,0,12,12,True,,synthetic,True,2,True
2026-09-17T12:35:14.764453+00:00,synthetic,synth_gen_CONFIDENT_NORMAL,synthetic,523,48,1112.4,64.2,0,0.9516,0.6391,0,13,5,24589.786306061178,0,1,0,12,2,0,14,14,True,,synthetic,True,2,True
2026-09-17T12:35:14.764453+00:00,synthetic,synth_gen_CONFIDENT_NORMAL,synthetic,524,44,828.0,110.5,0,0.7237,0.5726,0,2,4,20121.422352877555,0,4,0,6,2,0,4,4,True,,synthetic,True,2,True
2026-09-17T12:35:14.764453+00:00,synthetic,synth_gen_CONFIDENT_NORMAL,synthetic,525,46,1065.4,118.3,0,0.6,0.7099,0,8,3,39942.77075728081,0,5,0,15,2,0,16,16,True,,synthetic,True,2,True
2026-09-17T12:35:14.764453+00:00,synthetic,synth_gen_CONFIDENT_NORMAL,synthetic,526,15,763.2,58.6,0,0.6587,0.6738,0,8,4,59146.84130722847,0,7,0,16,2,0,1,1,True,,synthetic,True,2,True
2026-09-17T12:35:14.764453+00:00,synthetic,synth_gen_CONFIDENT_NORMAL,synthetic,527,6,1173.9,105.4,0,0.6443,0.5,0,11,5,30005.026658264203,0,10,0,4,2,0,61,61,True,,synthetic,True,2,True
2026-09-17T12:35:14.764453+00:00,synthetic,synth_gen_CONFIDENT_NORMAL,synthetic,528,20,1611.9,174.7,0,0.8667,0.6646,0,8,5,38390.68163298291,0,9,0,13,2,0,51,51,True,,synthetic,True,2,True
2026-09-17T12:35:14.764453+00:00,synthetic,synth_gen_CONFIDENT_NORMAL,synthetic,529,34,1628.2,121.1,0,0.7191,0.5436,0,11,4,4790.670095999793,0,10,0,12,2,0,23,23,True,,synthetic,True,2,True
2026-09-17T12:35:14.764453+00:00,synthetic,synth_gen_CONFIDENT_NORMAL,synthetic,530,6,2295.7,106.6,0,0.6242,0.5572,0,15,3,35597.521337529026,0,4,0,14,2,0,25,25,True,,synthetic,True,2,True
2026-09-17T12:35:14.764453+00:00,synthetic,synth_gen_CONFIDENT_NORMAL,synthetic,531,11,1382.1,154.1,0,0.8742,0.6581,0,13,1,23318.263390318603,0,3,0,1,2,0,19,19,True,,synthetic,True,2,True
2026-09-17T12:35:14.764453+00:00,synthetic,synth_gen_CONFIDENT_NORMAL,synthetic,532,17,800.5,115.0,0,0.8089,0.6428,0,8,5,19044.929324215256,0,2,0,17,2,0,43,43,True,,synthetic,True,2,True
2026-09-17T12:35:14.764453+00:00,synthetic,synth_gen_CONFIDENT_NORMAL,synthetic,533,19,1286.5,116.2,0,0.877,0.5865,0,15,1,37736.54330869618,0,3,0,6,2,0,32,32,True,,synthetic,True,2,True
2026-09-17T12:35:14.764453+00:00,synthetic,synth_gen_CONFIDENT_NORMAL,synthetic,534,4,956.5,85.2,0,0.8717,0.6507,0,11,5,32475.243960483727,0,3,0,8,2,0,29,29,True,,synthetic,True,2,True
2026-09-17T12:35:14.764453+00:00,synthetic,synth_gen_CONFIDENT_NORMAL,synthetic,535,46,2177.8,333.3,0,0.7649,0.6272,0,13,3,59263.77679138624,0,3,0,2,2,0,45,45,True,,synthetic,True,2,True
2026-09-17T12:35:14.764453+00:00,synthetic,synth_gen_CONFIDENT_NORMAL,synthetic,536,4,2500,99.0,0,0.9788,0.6,0,15,3,81720.24421205408,0,5,0,19,2,0,16,16,True,,synthetic,True,2,True
2026-09-17T12:35:14.764453+00:00,synthetic,synth_gen_CONFIDENT_NORMAL,synthetic,537,31,960.5,96.4,0,0.6571,0.8518,0,12,5,16615.04293689127,0,10,0,15,2,0,5,5,True,,synthetic,True,2,True
2026-09-17T12:35:14.764453+00:00,synthetic,synth_gen_CONFIDENT_NORMAL,synthetic,538,19,875.3,49.9,0,0.9801,0.7092,0,4,2,75949.52503382879,0,9,0,15,2,0,54,54,True,,synthetic,True,2,True
2026-09-17T12:35:14.764453+00:00,synthetic,synth_gen_CONFIDENT_NORMAL,synthetic,539,23,1517.0,204.4,0,0.7063,0.7924,0,3,4,51421.75396200022,0,3,0,1,2,0,60,60,True,,synthetic,True,2,True
2026-09-17T12:35:14.764453+00:00,synthetic,synth_gen_CONFIDENT_NORMAL,synthetic,540,48,1347.6,122.3,0,0.8801,0.6331,0,15,4,15630.357507987314,0,7,0,12,2,0,4,4,True,,synthetic,True,2,True
2026-09-17T12:35:14.764453+00:00,synthetic,synth_gen_CONFIDENT_NORMAL,synthetic,541,23,1224.0,50.7,0,0.8126,0.6851,0,15,3,41412.67708877151,0,6,0,5,2,0,57,57,True,,synthetic,True,2,True
2026-09-17T12:35:14.764453+00:00,synthetic,synth_gen_CONFIDENT_NORMAL,synthetic,542,38,1449.4,273.0,0,0.6048,0.5912,0,12,5,28665.63076459852,0,6,0,16,2,0,2,2,True,,synthetic,True,2,True
2026-09-17T12:35:14.764453+00:00,synthetic,synth_gen_CONFIDENT_NORMAL,synthetic,543,38,797.6,79.4,0,0.7536,0.5997,0,12,3,33550.492765343915,0,6,0,18,2,0,6,6,True,,synthetic,True,2,True
2026-09-17T12:35:14.764453+00:00,synthetic,synth_gen_CONFIDENT_NORMAL,synthetic,544,36,1767.0,57.6,0,0.7803,0.6096,0,8,5,6469.726405599663,0,1,0,11,2,0,32,32,True,,synthetic,True,2,True
2026-09-17T12:35:14.764453+00:00,synthetic,synth_gen_CONFIDENT_NORMAL,synthetic,545,48,1913.4,63.9,0,0.8561,0.6834,0,7,2,28238.574995203744,0,9,0,12,2,0,4,4,True,,synthetic,True,2,True
2026-09-17T12:35:14.764453+00:00,synthetic,synth_gen_CONFIDENT_NORMAL,synthetic,546,37,1019.9,81.2,0,0.7295,0.8536,0,2,3,34393.56901275247,0,5,0,17,2,0,47,47,True,,synthetic,True,2,True
2026-09-17T12:35:14.764453+00:00,synthetic,synth_gen_CONFIDENT_NORMAL,synthetic,547,28,1028.7,217.0,0,0.6,0.5,0,7,1,39097.483745145924,0,7,0,11,2,0,39,39,True,,synthetic,True,2,True
2026-09-17T12:35:14.764453+00:00,synthetic,synth_gen_CONFIDENT_NORMAL,synthetic,548,30,1483.6,400,0,0.9538,0.5,0,4,4,14031.970322906996,0,3,0,11,2,0,31,31,True,,synthetic,True,2,True
2026-09-17T12:35:14.764453+00:00,synthetic,synth_gen_CONFIDENT_NORMAL,synthetic,549,3,1881.0,194.4,0,0.7306,0.6801,0,9,5,49125.157943050166,0,6,0,3,2,0,13,13,True,,synthetic,True,2,True
2026-09-17T12:35:14.764453+00:00,synthetic,synth_gen_CONFIDENT_NORMAL,synthetic,550,46,1477.6,102.8,0,0.8596,0.6535,0,11,4,47019.68729343912,0,9,0,18,2,0,42,42,True,,synthetic,True,2,True
2026-09-17T12:35:14.764453+00:00,synthetic,synth_gen_CONFIDENT_NORMAL,synthetic,551,32,452.6,190.3,0,0.9595,0.6384,0,6,5,5144.704331918758,0,7,0,2,2,0,15,15,True,,synthetic,True,2,True
2026-09-17T12:35:14.764453+00:00,synthetic,synth_gen_CONFIDENT_NORMAL,synthetic,552,44,958.0,172.8,0,0.829,0.6413,0,13,2,71181.06929343719,0,3,0,14,2,0,2,2,True,,synthetic,True,2,True
2026-09-17T12:35:14.764453+00:00,synthetic,synth_gen_CONFIDENT_NORMAL,synthetic,553,29,1441.0,115.1,0,0.8697,0.5143,0,2,1,77322.52209208628,0,1,0,15,2,0,60,60,True,,synthetic,True,2,True
2026-09-17T12:35:14.764453+00:00,synthetic,synth_gen_CONFIDENT_NORMAL,synthetic,554,20,840.0,106.9,0,0.9757,0.6941,0,11,2,28840.063118426562,0,4,0,1,2,0,45,45,True,,synthetic,True,2,True
2026-09-17T12:35:14.764453+00:00,synthetic,synth_gen_CONFIDENT_NORMAL,synthetic,555,15,1124.7,81.8,0,0.8209,0.7292,0,9,3,25754.52831979815,0,3,0,2,2,0,55,55,True,,synthetic,True,2,True
2026-09-17T12:35:14.764453+00:00,synthetic,synth_gen_CONFIDENT_NORMAL,synthetic,556,7,1980.0,128.1,0,1.0,0.6423,0,8,4,45281.8256866668,0,10,0,10,2,0,13,13,True,,synthetic,True,2,True
2026-09-17T12:35:14.764453+00:00,synthetic,synth_gen_CONFIDENT_NORMAL,synthetic,557,15,1099.1,96.0,0,0.8894,0.804,0,1,2,53701.16419814766,0,10,0,2,2,0,22,22,True,,synthetic,True,2,True
2026-09-17T12:35:14.764453+00:00,synthetic,synth_gen_CONFIDENT_NORMAL,synthetic,558,9,950.1,99.0,0,0.6,0.6266,0,7,1,31142.27344771137,0,7,0,10,2,0,49,49,True,,synthetic,True,2,True
2026-09-17T12:35:14.764453+00:00,synthetic,synth_gen_CONFIDENT_NORMAL,synthetic,559,26,739.7,60.9,0,0.7587,0.7227,0,7,5,56198.02536004619,0,8,0,6,2,0,16,16,True,,synthetic,True,2,True
2026-09-17T12:35:14.764453+00:00,synthetic,synth_gen_CONFIDENT_NORMAL,synthetic,560,1,1154.5,42.3,0,0.8916,0.5317,0,9,2,2903.4273854701883,0,3,0,1,2,0,27,27,True,,synthetic,True,2,True
2026-09-17T12:35:14.764453+00:00,synthetic,synth_gen_CONFIDENT_NORMAL,synthetic,561,32,1153.9,80.2,0,1.0,0.5869,0,15,5,21992.082312033177,0,8,0,11,2,0,38,38,True,,synthetic,True,2,True
2026-09-17T12:35:14.764453+00:00,synthetic,synth_gen_CONFIDENT_NORMAL,synthetic,562,25,1408.0,62.9,0,0.9813,0.6904,0,4,3,22430.591876504262,0,1,0,5,2,0,34,34,True,,synthetic,True,2,True
2026-09-17T12:35:14.764453+00:00,synthetic,synth_gen_CONFIDENT_NORMAL,synthetic,563,19,1361.8,62.0,0,0.8466,0.7042,0,14,4,56035.82886907269,0,6,0,3,2,0,55,55,True,,synthetic,True,2,True
2026-09-17T12:35:14.764453+00:00,synthetic,synth_gen_CONFIDENT_NORMAL,synthetic,564,7,1324.5,46.9,0,0.8418,0.6564,0,15,4,63447.928040985666,0,10,0,18,2,0,24,24,True,,synthetic,True,2,True
2026-09-17T12:35:14.764453+00:00,synthetic,synth_gen_CONFIDENT_NORMAL,synthetic,565,35,469.7,112.0,0,0.6,0.6831,0,13,3,3938.826031216706,0,7,0,11,2,0,45,45,True,,synthetic,True,2,True
2026-09-17T12:35:14.764453+00:00,synthetic,synth_gen_CONFIDENT_NORMAL,synthetic,566,25,734.7,135.8,0,0.8487,0.7238,0,13,5,22152.38879164601,0,6,0,14,2,0,48,48,True,,synthetic,True,2,True
2026-09-17T12:35:14.764453+00:00,synthetic,synth_gen_CONFIDENT_NORMAL,synthetic,567,15,954.6,107.2,0,0.9513,0.5669,0,6,4,57749.53463867241,0,2,0,14,2,0,53,53,True,,synthetic,True,2,True
2026-09-17T12:35:14.764453+00:00,synthetic,synth_gen_CONFIDENT_NORMAL,synthetic,568,1,1084.6,106.2,0,0.6819,0.5,0,5,4,23562.26325267453,0,1,0,11,2,0,35,35,True,,synthetic,True,2,True
2026-09-17T12:35:14.764453+00:00,synthetic,synth_gen_CONFIDENT_NORMAL,synthetic,569,21,2021.4,158.5,0,1.0,0.6435,0,11,3,55470.17951369533,0,3,0,5,2,0,61,61,True,,synthetic,True,2,True
2026-09-17T12:35:14.764453+00:00,synthetic,synth_gen_CONFIDENT_NORMAL,synthetic,570,0,1329.5,104.3,0,0.9781,0.5953,0,4,2,67688.94665691469,0,2,0,12,2,0,14,14,True,,synthetic,True,2,True
2026-09-17T12:35:14.764453+00:00,synthetic,synth_gen_CONFIDENT_NORMAL,synthetic,571,49,1364.9,143.0,0,0.8304,0.5521,0,5,4,45427.401221609616,0,6,0,17,2,0,27,27,True,,synthetic,True,2,True
2026-09-17T12:35:14.764453+00:00,synthetic,synth_gen_CONFIDENT_NORMAL,synthetic,572,0,706.0,225.6,0,0.9951,0.7415,0,6,4,65765.67422595686,0,3,0,12,2,0,55,55,True,,synthetic,True,2,True
2026-09-17T12:35:14.764453+00:00,synthetic,synth_gen_CONFIDENT_NORMAL,synthetic,573,39,2323.6,45.2,0,0.6348,0.5788,0,15,4,26632.661328495167,0,10,0,18,2,0,40,40,True,,synthetic,True,2,True
2026-09-17T12:35:14.764453+00:00,synthetic,synth_gen_CONFIDENT_NORMAL,synthetic,574,18,1632.0,66.0,0,1.0,0.5541,0,6,5,7336.912840187589,0,10,0,17,2,0,16,16,True,,synthetic,True,2,True
2026-09-17T12:35:14.764453+00:00,synthetic,synth_gen_CONFIDENT_NORMAL,synthetic,575,1,736.7,81.3,0,0.6709,0.6035,0,5,4,2052.8190027420997,0,3,0,14,2,0,51,51,True,,synthetic,True,2,True
2026-09-17T12:35:14.764453+00:00,synthetic,synth_gen_CONFIDENT_NORMAL,synthetic,576,35,1928.4,51.9,0,0.7114,0.8153,0,7,4,53966.18369907174,0,4,0,5,2,0,20,20,True,,synthetic,True,2,True
2026-09-17T12:35:14.764453+00:00,synthetic,synth_gen_CONFIDENT_NORMAL,synthetic,577,11,772.7,57.9,0,0.8861,0.5987,0,2,3,59003.31712922939,0,4,0,13,2,0,10,10,True,,synthetic,True,2,True
2026-09-17T12:35:14.764453+00:00,synthetic,synth_gen_CONFIDENT_NORMAL,synthetic,578,31,2403.0,199.4,0,0.9234,0.55,0,9,5,1211.4739534871103,0,7,0,1,2,0,45,45,True,,synthetic,True,2,True
2026-09-17T12:35:14.764453+00:00,synthetic,synth_gen_CONFIDENT_NORMAL,synthetic,579,14,743.5,122.3,0,0.921,0.7036,0,2,2,7554.959462136558,0,8,0,11,2,0,43,43,True,,synthetic,True,2,True
2026-09-17T12:35:14.764453+00:00,synthetic,synth_gen_CONFIDENT_NORMAL,synthetic,580,15,747.9,205.5,0,0.7123,0.6269,0,12,2,82412.85470403361,0,10,0,4,2,0,4,4,True,,synthetic,True,2,True
2026-09-17T12:35:14.764453+00:00,synthetic,synth_gen_CONFIDENT_NORMAL,synthetic,581,12,1460.0,44.9,0,0.7661,0.6877,0,13,3,68948.49071895768,0,9,0,12,2,0,33,33,True,,synthetic,True,2,True
2026-09-17T12:35:14.764453+00:00,synthetic,synth_gen_CONFIDENT_NORMAL,synthetic,582,45,1336.0,212.6,0,0.914,0.6466,0,9,5,71810.04932826059,0,10,0,7,2,0,31,31,True,,synthetic,True,2,True
2026-09-17T12:35:14.764453+00:00,synthetic,synth_gen_CONFIDENT_NORMAL,synthetic,583,48,1584.0,101.6,0,0.8286,0.5,0,3,1,36926.71590988345,0,7,0,11,2,0,36,36,True,,synthetic,True,2,True
2026-09-17T12:35:14.764453+00:00,synthetic,synth_gen_CONFIDENT_NORMAL,synthetic,584,31,669.1,155.4,0,0.8224,0.7341,0,5,5,75742.88003825894,0,8,0,1,2,0,49,49,True,,synthetic,True,2,True
2026-09-17T12:35:14.764453+00:00,synthetic,synth_gen_CONFIDENT_NORMAL,synthetic,585,20,1062.7,98.4,0,0.6616,0.6925,0,12,3,50031.34461206584,0,2,0,20,2,0,28,28,True,,synthetic,True,2,True
2026-09-17T12:35:14.764453+00:00,synthetic,synth_gen_CONFIDENT_NORMAL,synthetic,586,2,2500,55.5,0,0.7948,0.731,0,4,3,18093.055946634882,0,7,0,10,2,0,20,20,True,,synthetic,True,2,True
2026-09-17T12:35:14.764453+00:00,synthetic,synth_gen_CONFIDENT_NORMAL,synthetic,587,33,643.8,104.7,0,0.7857,0.8077,0,5,5,26203.274863352675,0,7,0,6,2,0,51,51,True,,synthetic,True,2,True
2026-09-17T12:35:14.764453+00:00,synthetic,synth_gen_CONFIDENT_NORMAL,synthetic,588,34,1132.4,96.7,0,0.6583,0.8764,0,1,5,64471.16272418305,0,3,0,19,2,0,26,26,True,,synthetic,True,2,True
2026-09-17T12:35:14.764453+00:00,synthetic,synth_gen_CONFIDENT_NORMAL,synthetic,589,30,1917.0,72.7,0,0.7854,0.5754,0,3,1,54118.5711673082,0,2,0,1,2,0,19,19,True,,synthetic,True,2,True
2026-09-17T12:35:14.764453+00:00,synthetic,synth_gen_CONFIDENT_NORMAL,synthetic,590,43,1402.7,87.6,0,0.9116,0.5159,0,5,4,45404.21452822574,0,8,0,13,2,0,7,7,True,,synthetic,True,2,True
2026-09-17T12:35:14.764453+00:00,synthetic,synth_gen_CONFIDENT_NORMAL,synthetic,591,6,520.6,73.9,0,0.7053,0.5843,0,5,3,35383.66867790365,0,5,0,20,2,0,63,63,True,,synthetic,True,2,True
2026-09-17T12:35:14.764453+00:00,synthetic,synth_gen_CONFIDENT_NORMAL,synthetic,592,23,1628.9,148.0,0,0.883,0.5123,0,9,3,40974.03182396712,0,1,0,5,2,0,24,24,True,,synthetic,True,2,True
2026-09-17T12:35:14.764453+00:00,synthetic,synth_gen_CONFIDENT_NORMAL,synthetic,593,39,2026.5,126.3,0,0.6759,0.5465,0,14,4,49647.190382690096,0,6,0,19,2,0,18,18,True,,synthetic,True,2,True
2026-09-17T12:35:14.764453+00:00,synthetic,synth_gen_CONFIDENT_NORMAL,synthetic,594,49,1141.7,107.3,0,0.7974,0.7301,0,1,1,67686.57844304387,0,1,0,19,2,0,44,44,True,,synthetic,True,2,True
2026-09-17T12:35:14.764453+00:00,synthetic,synth_gen_CONFIDENT_NORMAL,synthetic,595,15,2124.5,66.4,0,0.9623,0.5,0,9,3,14183.739670674577,0,6,0,3,2,0,59,59,True,,synthetic,True,2,True
2026-09-17T12:35:14.764453+00:00,synthetic,synth_gen_CONFIDENT_NORMAL,synthetic,596,5,1331.0,103.6,0,0.6,0.8985,0,9,5,83075.58819422191,0,8,0,0,2,0,37,37,True,,synthetic,True,2,True
2026-09-17T12:35:14.764453+00:00,synthetic,synth_gen_CONFIDENT_NORMAL,synthetic,597,11,1676.6,161.0,0,0.8796,0.6599,0,7,2,2878.099785758967,0,2,0,16,2,0,48,48,True,,synthetic,True,2,True
2026-09-17T12:35:14.764453+00:00,synthetic,synth_gen_CONFIDENT_NORMAL,synthetic,598,20,1310.6,94.2,0,0.7547,0.5683,0,11,2,72873.67221892797,0,1,0,2,2,0,52,52,True,,synthetic,True,2,True
2026-09-17T12:35:14.764453+00:00,synthetic,synth_gen_CONFIDENT_NORMAL,synthetic,599,47,1003.8,85.8,0,0.7419,0.667,0,10,2,51683.808047837265,0,3,0,0,2,0,54,54,True,,synthetic,True,2,True
2026-09-17T12:35:14.764453+00:00,synthetic,synth_gen_CONFIDENT_NORMAL,synthetic,600,6,1242.3,153.1,0,1.0,0.5738,0,1,3,20385.207379192816,0,2,0,9,2,0,1,1,True,,synthetic,True,2,True
2026-09-17T12:35:14.764453+00:00,synthetic,synth_gen_CONFIDENT_NORMAL,synthetic,601,46,1026.8,139.5,0,0.6931,0.624,0,9,1,12937.657589670654,0,5,0,13,2,0,22,22,True,,synthetic,True,2,True
2026-09-17T12:35:14.764453+00:00,synthetic,synth_gen_CONFIDENT_NORMAL,synthetic,602,15,689.8,74.3,0,0.797,0.5696,0,15,5,66503.87541966455,0,10,0,12,2,0,42,42,True,,synthetic,True,2,True
2026-09-17T12:35:14.764453+00:00,synthetic,synth_gen_CONFIDENT_NORMAL,synthetic,603,26,959.1,60.9,0,0.7723,0.5458,0,14,4,44373.93784607317,0,8,0,6,2,0,6,6,True,,synthetic,True,2,True
2026-09-17T12:35:14.764453+00:00,synthetic,synth_gen_CONFIDENT_NORMAL,synthetic,604,40,1275.3,236.4,0,0.6,0.613,0,3,4,73755.57252815954,0,6,0,9,2,0,43,43,True,,synthetic,True,2,True
2026-09-17T12:35:14.764453+00:00,synthetic,synth_gen_CONFIDENT_NORMAL,synthetic,605,11,712.7,73.4,0,0.8826,0.6874,0,13,4,15208.204473834314,0,10,0,18,2,0,43,43,True,,synthetic,True,2,True
2026-09-17T12:35:14.764453+00:00,synthetic,synth_gen_CONFIDENT_NORMAL,synthetic,606,47,1523.4,96.3,0,0.9917,0.5,0,1,4,51855.53844621402,0,9,0,6,2,0,7,7,True,,synthetic,True,2,True
2026-09-17T12:35:14.764453+00:00,synthetic,synth_gen_CONFIDENT_NORMAL,synthetic,607,0,1147.7,75.4,0,0.8242,0.5,0,9,4,85374.87870703616,0,7,0,7,2,0,33,33,True,,synthetic,True,2,True
2026-09-17T12:35:14.764453+00:00,synthetic,synth_gen_CONFIDENT_NORMAL,synthetic,608,20,1366.1,174.7,0,0.8357,0.7155,0,11,4,77690.05932872387,0,7,0,17,2,0,17,17,True,,synthetic,True,2,True
2026-09-17T12:35:14.764453+00:00,synthetic,synth_gen_CONFIDENT_NORMAL,synthetic,609,39,1124.5,98.6,0,0.7738,0.7525,0,1,4,27108.509649472766,0,3,0,5,2,0,20,20,True,,synthetic,True,2,True
2026-09-17T12:35:14.764453+00:00,synthetic,synth_gen_CONFIDENT_NORMAL,synthetic,610,26,522.1,180.6,0,0.7879,0.5,0,2,2,1330.5472805210647,0,5,0,20,2,0,53,53,True,,synthetic,True,2,True
2026-09-17T12:35:14.764453+00:00,synthetic,synth_gen_CONFIDENT_NORMAL,synthetic,611,42,1500.6,94.6,0,0.7209,0.8148,0,11,5,3321.2809095647017,0,7,0,13,2,0,23,23,True,,synthetic,True,2,True
2026-09-17T12:35:14.764453+00:00,synthetic,synth_gen_CONFIDENT_NORMAL,synthetic,612,39,844.2,68.2,0,0.6978,0.5967,0,7,2,48650.48234490186,0,10,0,15,2,0,25,25,True,,synthetic,True,2,True
2026-09-17T12:35:14.764453+00:00,synthetic,synth_gen_CONFIDENT_NORMAL,synthetic,613,25,1427.9,124.5,0,0.8002,0.5351,0,6,2,62821.127389230795,0,1,0,14,2,0,43,43,True,,synthetic,True,2,True
2026-09-17T12:35:14.764453+00:00,synthetic,synth_gen_CONFIDENT_NORMAL,synthetic,614,19,1845.7,49.4,0,0.9663,0.6136,0,6,4,25139.096125805067,0,3,0,13,2,0,33,33,True,,synthetic,True,2,True
2026-09-17T12:35:14.764453+00:00,synthetic,synth_gen_CONFIDENT_NORMAL,synthetic,615,22,808.2,92.2,0,0.8502,0.5,0,8,4,57565.66466501813,0,5,0,17,2,0,38,38,True,,synthetic,True,2,True
2026-09-17T12:35:14.764453+00:00,synthetic,synth_gen_CONFIDENT_NORMAL,synthetic,616,31,1161.4,51.4,0,1.0,0.616,0,11,3,29278.211851147273,0,5,0,5,2,0,40,40,True,,synthetic,True,2,True
2026-09-17T12:35:14.764453+00:00,synthetic,synth_gen_CONFIDENT_NORMAL,synthetic,617,17,724.7,147.3,0,0.9663,0.5917,0,12,1,9166.59922448605,0,2,0,18,2,0,34,34,True,,synthetic,True,2,True
2026-09-17T12:35:14.764453+00:00,synthetic,synth_gen_CONFIDENT_NORMAL,synthetic,618,13,712.1,77.8,0,0.7699,0.5,0,14,1,36956.80303649839,0,6,0,0,2,0,18,18,True,,synthetic,True,2,True
2026-09-17T12:35:14.764453+00:00,synthetic,synth_gen_CONFIDENT_NORMAL,synthetic,619,27,1579.2,80.7,0,0.6129,0.5,0,15,4,48219.36116199784,0,2,0,18,2,0,33,33,True,,synthetic,True,2,True
2026-09-17T12:35:14.764453+00:00,synthetic,synth_gen_CONFIDENT_NORMAL,synthetic,620,27,583.9,189.0,0,0.6805,0.5811,0,1,2,76637.33025230077,0,2,0,11,2,0,57,57,True,,synthetic,True,2,True
2026-09-17T12:35:14.764453+00:00,synthetic,synth_gen_CONFIDENT_NORMAL,synthetic,621,9,641.3,50.4,0,0.8118,0.7422,0,14,4,52530.129604041314,0,2,0,18,2,0,54,54,True,,synthetic,True,2,True
2026-09-17T12:35:14.764453+00:00,synthetic,synth_gen_CONFIDENT_NORMAL,synthetic,622,12,1445.2,62.4,0,0.7322,0.6497,0,13,3,22590.753740153494,0,4,0,6,2,0,47,47,True,,synthetic,True,2,True
2026-09-17T12:35:14.764453+00:00,synthetic,synth_gen_CONFIDENT_NORMAL,synthetic,623,17,1652.8,42.7,0,1.0,0.6967,0,2,1,55152.92176049775,0,1,0,10,2,0,27,27,True,,synthetic,True,2,True
2026-09-17T12:35:14.764453+00:00,synthetic,synth_gen_CONFIDENT_NORMAL,synthetic,624,11,2344.0,116.6,0,0.9287,0.6375,0,12,1,10632.631921553593,0,9,0,7,2,0,43,43,True,,synthetic,True,2,True
2026-09-17T12:35:14.764453+00:00,synthetic,synth_gen_CONFIDENT_NORMAL,synthetic,625,4,1929.5,124.4,0,0.9423,0.5,0,15,4,8068.0964297127375,0,4,0,6,2,0,51,51,True,,synthetic,True,2,True
2026-09-17T12:35:14.764453+00:00,synthetic,synth_gen_CONFIDENT_NORMAL,synthetic,626,44,946.9,72.8,0,0.7562,0.7072,0,3,3,82742.73912000895,0,1,0,16,2,0,63,63,True,,synthetic,True,2,True
2026-09-17T12:35:14.764453+00:00,synthetic,synth_gen_CONFIDENT_NORMAL,synthetic,627,3,1121.1,182.7,0,0.8392,0.5,0,15,5,24253.494828785853,0,8,0,15,2,0,56,56,True,,synthetic,True,2,True
2026-09-17T12:35:14.764453+00:00,synthetic,synth_gen_CONFIDENT_NORMAL,synthetic,628,2,1389.4,103.1,0,0.6378,0.5143,0,14,1,68272.09640644056,0,4,0,0,2,0,50,50,True,,synthetic,True,2,True
2026-09-17T12:35:14.764453+00:00,synthetic,synth_gen_CONFIDENT_NORMAL,synthetic,629,16,524.4,132.0,0,0.8063,0.5855,0,7,5,26732.637450472877,0,8,0,5,2,0,30,30,True,,synthetic,True,2,True
2026-09-17T12:35:14.764453+00:00,synthetic,synth_gen_CONFIDENT_NORMAL,synthetic,630,3,951.8,100.8,0,0.6449,0.5,0,11,1,34610.818527977855,0,3,0,14,2,0,58,58,True,,synthetic,True,2,True
2026-09-17T12:35:14.764453+00:00,synthetic,synth_gen_CONFIDENT_NORMAL,synthetic,631,12,570.5,115.4,0,0.7353,0.7415,0,4,5,67373.97499945953,0,2,0,7,2,0,47,47,True,,synthetic,True,2,True
2026-09-17T12:35:14.764453+00:00,synthetic,synth_gen_CONFIDENT_NORMAL,synthetic,632,6,1324.0,197.3,0,0.9751,0.6501,0,14,5,78220.056425356,0,3,0,15,2,0,12,12,True,,synthetic,True,2,True
2026-09-17T12:35:14.764453+00:00,synthetic,synth_gen_CONFIDENT_NORMAL,synthetic,633,18,931.6,63.2,0,0.8302,0.6934,0,8,5,49544.66819871329,0,4,0,15,2,0,55,55,True,,synthetic,True,2,True
2026-09-17T12:35:14.764453+00:00,synthetic,synth_gen_CONFIDENT_NORMAL,synthetic,634,3,1751.4,111.4,0,1.0,0.6801,0,8,5,46740.52434751174,0,6,0,4,2,0,5,5,True,,synthetic,True,2,True
2026-09-17T12:35:14.764453+00:00,synthetic,synth_gen_CONFIDENT_NORMAL,synthetic,635,36,1120.7,122.2,0,0.6,0.6639,0,2,3,73942.1375167562,0,10,0,16,2,0,15,15,True,,synthetic,True,2,True
2026-09-17T12:35:14.764453+00:00,synthetic,synth_gen_CONFIDENT_NORMAL,synthetic,636,41,1093.3,98.3,0,1.0,0.5,0,4,2,78338.05807254996,0,10,0,20,2,0,27,27,True,,synthetic,True,2,True
2026-09-17T12:35:14.764453+00:00,synthetic,synth_gen_CONFIDENT_NORMAL,synthetic,637,41,1152.6,151.7,0,0.8488,0.5,0,14,1,63372.83793527672,0,8,0,10,2,0,55,55,True,,synthetic,True,2,True
2026-09-17T12:35:14.764453+00:00,synthetic,synth_gen_CONFIDENT_NORMAL,synthetic,638,29,1569.9,110.9,0,0.7518,0.7164,0,13,4,15050.042389835648,0,3,0,6,2,0,47,47,True,,synthetic,True,2,True
2026-09-17T12:35:14.764453+00:00,synthetic,synth_gen_CONFIDENT_NORMAL,synthetic,639,22,553.0,173.5,0,0.9489,0.7679,0,3,3,3201.9420356832984,0,7,0,5,2,0,45,45,True,,synthetic,True,2,True
2026-09-17T12:35:14.764453+00:00,synthetic,synth_gen_CONFIDENT_NORMAL,synthetic,640,40,2500,54.9,0,0.7973,0.576,0,1,1,31335.632298708697,0,4,0,2,2,0,22,22,True,,synthetic,True,2,True
2026-09-17T12:35:14.764453+00:00,synthetic,synth_gen_CONFIDENT_NORMAL,synthetic,641,3,1450.7,277.6,0,0.8086,0.7204,0,1,2,6043.250869691128,0,6,0,2,2,0,16,16,True,,synthetic,True,2,True
2026-09-17T12:35:14.764453+00:00,synthetic,synth_gen_CONFIDENT_NORMAL,synthetic,642,44,972.1,217.0,0,0.6954,0.6768,0,1,5,13181.781396675475,0,8,0,19,2,0,9,9,True,,synthetic,True,2,True
2026-09-17T12:35:14.764453+00:00,synthetic,synth_gen_CONFIDENT_NORMAL,synthetic,643,9,1363.7,145.5,0,0.7711,0.5669,0,15,5,50431.52594194206,0,6,0,16,2,0,60,60,True,,synthetic,True,2,True
2026-09-17T12:35:14.764453+00:00,synthetic,synth_gen_CONFIDENT_NORMAL,synthetic,644,22,1110.4,150.7,0,0.627,0.5477,0,4,3,44544.26775753429,0,2,0,16,2,0,61,61,True,,synthetic,True,2,True
2026-09-17T12:35:14.764453+00:00,synthetic,synth_gen_CONFIDENT_NORMAL,synthetic,645,46,925.6,162.2,0,0.8092,0.5,0,15,4,6058.933604747793,0,6,0,15,2,0,2,2,True,,synthetic,True,2,True
2026-09-17T12:35:14.764453+00:00,synthetic,synth_gen_CONFIDENT_NORMAL,synthetic,646,0,918.2,107.4,0,0.8844,0.5,0,15,4,47362.66528460687,0,3,0,4,2,0,38,38,True,,synthetic,True,2,True
2026-09-17T12:35:14.764453+00:00,synthetic,synth_gen_CONFIDENT_NORMAL,synthetic,647,18,1409.4,91.2,0,0.9482,0.5,0,5,1,66591.19796367524,0,1,0,13,2,0,49,49,True,,synthetic,True,2,True
2026-09-17T12:35:14.764453+00:00,synthetic,synth_gen_CONFIDENT_NORMAL,synthetic,648,29,2500,71.0,0,1.0,0.5,0,8,5,4848.607714813285,0,8,0,10,2,0,18,18,True,,synthetic,True,2,True
2026-09-17T12:35:14.764453+00:00,synthetic,synth_gen_CONFIDENT_NORMAL,synthetic,649,7,820.7,32.0,0,0.6455,0.5,0,10,5,30544.139394490147,0,6,0,11,2,0,14,14,True,,synthetic,True,2,True
2026-09-17T12:35:14.764453+00:00,synthetic,synth_gen_CONFIDENT_NORMAL,synthetic,650,36,695.3,53.0,0,0.7546,0.6598,0,3,5,20243.527380785872,0,10,0,8,2,0,26,26,True,,synthetic,True,2,True
2026-09-17T12:35:14.764453+00:00,synthetic,synth_gen_CONFIDENT_NORMAL,synthetic,651,20,1854.3,64.3,0,1.0,0.5819,0,12,2,73760.94430565371,0,8,0,12,2,0,62,62,True,,synthetic,True,2,True
2026-09-17T12:35:14.764453+00:00,synthetic,synth_gen_CONFIDENT_NORMAL,synthetic,652,47,1113.2,32.0,0,0.7151,0.5895,0,8,1,64455.189102400385,0,6,0,14,2,0,35,35,True,,synthetic,True,2,True
2026-09-17T12:35:14.764453+00:00,synthetic,synth_gen_CONFIDENT_NORMAL,synthetic,653,41,683.2,100.0,0,0.8821,0.5376,0,3,3,48726.241116436235,0,3,0,12,2,0,36,36,True,,synthetic,True,2,True
2026-09-17T12:35:14.764453+00:00,synthetic,synth_gen_CONFIDENT_NORMAL,synthetic,654,24,912.2,81.7,0,0.7666,0.5414,0,13,4,81554.14211700807,0,8,0,2,2,0,22,22,True,,synthetic,True,2,True
2026-09-17T12:35:14.764453+00:00,synthetic,synth_gen_CONFIDENT_NORMAL,synthetic,655,20,1457.1,101.9,0,0.7944,0.6116,0,7,2,11842.259868147743,0,9,0,11,2,0,23,23,True,,synthetic,True,2,True
2026-09-17T12:35:14.764453+00:00,synthetic,synth_gen_CONFIDENT_NORMAL,synthetic,656,30,1928.5,78.4,0,0.7372,0.5,0,3,2,75318.31778359867,0,8,0,17,2,0,34,34,True,,synthetic,True,2,True
2026-09-17T12:35:14.764453+00:00,synthetic,synth_gen_CONFIDENT_NORMAL,synthetic,657,4,1815.2,123.1,0,0.7123,0.5281,0,8,5,52682.83109497765,0,2,0,16,2,0,54,54,True,,synthetic,True,2,True
2026-09-17T12:35:14.764453+00:00,synthetic,synth_gen_CONFIDENT_NORMAL,synthetic,658,36,856.8,202.7,0,0.7652,0.7927,0,11,2,38249.65184297528,0,9,0,10,2,0,1,1,True,,synthetic,True,2,True
2026-09-17T12:35:14.764453+00:00,synthetic,synth_gen_CONFIDENT_NORMAL,synthetic,659,10,1038.3,110.9,0,0.695,0.6966,0,10,1,75771.73892306969,0,9,0,8,2,0,60,60,True,,synthetic,True,2,True
2026-09-17T12:35:14.764453+00:00,synthetic,synth_gen_CONFIDENT_NORMAL,synthetic,660,5,1101.8,69.5,0,0.9751,0.5743,0,2,4,79709.71446870075,0,2,0,15,2,0,36,36,True,,synthetic,True,2,True
2026-09-17T12:35:14.764453+00:00,synthetic,synth_gen_CONFIDENT_NORMAL,synthetic,661,30,607.7,73.0,0,0.7182,0.7013,0,5,4,65601.99727711259,0,5,0,4,2,0,36,36,True,,synthetic,True,2,True
2026-09-17T12:35:14.764453+00:00,synthetic,synth_gen_CONFIDENT_NORMAL,synthetic,662,13,2500,94.0,0,1.0,0.5,0,9,4,65523.28478302502,0,5,0,8,2,0,52,52,True,,synthetic,True,2,True
2026-09-17T12:35:14.764453+00:00,synthetic,synth_gen_CONFIDENT_NORMAL,synthetic,663,7,1346.2,202.9,0,0.6965,0.5306,0,5,5,29073.455028809167,0,7,0,8,2,0,38,38,True,,synthetic,True,2,True
2026-09-17T12:35:14.764453+00:00,synthetic,synth_gen_CONFIDENT_NORMAL,synthetic,664,15,1706.6,102.7,0,0.7332,0.7365,0,9,4,61880.64211526737,0,5,0,11,2,0,22,22,True,,synthetic,True,2,True
2026-09-17T12:35:14.764453+00:00,synthetic,synth_gen_CONFIDENT_NORMAL,synthetic,665,26,780.5,155.0,0,0.8095,0.6388,0,15,2,22221.032764011412,0,8,0,8,2,0,55,55,True,,synthetic,True,2,True
2026-09-17T12:35:14.764453+00:00,synthetic,synth_gen_CONFIDENT_NORMAL,synthetic,666,25,871.1,35.1,0,0.7574,0.6711,0,7,1,57987.52554084863,0,10,0,3,2,0,58,58,True,,synthetic,True,2,True
2026-09-17T12:35:14.764453+00:00,synthetic,synth_gen_CONFIDENT_NORMAL,synthetic,667,28,833.0,200.0,0,0.9972,0.6678,0,1,1,35169.537387791104,0,8,0,11,2,0,46,46,True,,synthetic,True,2,True
2026-09-17T12:35:14.764453+00:00,synthetic,synth_gen_CONFIDENT_NORMAL,synthetic,668,38,1459.7,236.6,0,0.8584,0.6073,0,15,4,17956.582883307445,0,6,0,12,2,0,50,50,True,,synthetic,True,2,True
2026-09-17T12:35:14.764453+00:00,synthetic,synth_gen_CONFIDENT_NORMAL,synthetic,669,25,704.6,104.1,0,0.7518,0.6047,0,7,2,2707.2078210141235,0,10,0,19,2,0,4,4,True,,synthetic,True,2,True
2026-09-17T12:35:14.764453+00:00,synthetic,synth_gen_CONFIDENT_NORMAL,synthetic,670,49,1042.3,75.8,0,0.6437,0.5,0,2,5,34612.401537806814,0,8,0,9,2,0,19,19,True,,synthetic,True,2,True
2026-09-17T12:35:14.764453+00:00,synthetic,synth_gen_CONFIDENT_NORMAL,synthetic,671,27,1057.7,104.5,0,0.9776,0.7691,0,9,5,25511.732944997642,0,4,0,18,2,0,17,17,True,,synthetic,True,2,True
2026-09-17T12:35:14.764453+00:00,synthetic,synth_gen_CONFIDENT_NORMAL,synthetic,672,23,903.0,57.5,0,0.9476,0.7092,0,6,5,7623.443389736765,0,3,0,6,2,0,29,29,True,,synthetic,True,2,True
2026-09-17T12:35:14.764453+00:00,synthetic,synth_gen_CONFIDENT_NORMAL,synthetic,673,10,2500,78.4,0,0.9103,0.7411,0,13,2,76388.34012451445,0,5,0,18,2,0,12,12,True,,synthetic,True,2,True
2026-09-17T12:35:14.764453+00:00,synthetic,synth_gen_CONFIDENT_NORMAL,synthetic,674,4,2079.9,153.7,0,0.7605,0.5828,0,13,4,14026.407721202677,0,6,0,7,2,0,55,55,True,,synthetic,True,2,True
2026-09-17T12:35:14.764453+00:00,synthetic,synth_gen_CONFIDENT_NORMAL,synthetic,675,15,954.3,222.4,0,0.675,0.6521,0,13,4,43717.106628190806,0,4,0,18,2,0,44,44,True,,synthetic,True,2,True
2026-09-17T12:35:14.764453+00:00,synthetic,synth_gen_CONFIDENT_NORMAL,synthetic,676,24,920.3,75.0,0,0.8335,0.5,0,8,1,7703.855337977378,0,2,0,10,2,0,56,56,True,,synthetic,True,2,True
2026-09-17T12:35:14.764453+00:00,synthetic,synth_gen_CONFIDENT_NORMAL,synthetic,677,35,637.7,35.0,0,0.7931,0.543,0,4,5,57838.72040282086,0,3,0,19,2,0,19,19,True,,synthetic,True,2,True
2026-09-17T12:35:14.764453+00:00,synthetic,synth_gen_CONFIDENT_NORMAL,synthetic,678,40,474.3,90.9,0,0.6017,0.6773,0,3,5,45585.73441880718,0,5,0,8,2,0,33,33,True,,synthetic,True,2,True
2026-09-17T12:35:14.764453+00:00,synthetic,synth_gen_CONFIDENT_NORMAL,synthetic,679,38,1700.1,54.7,0,0.7948,0.7976,0,14,4,59464.21850526341,0,5,0,9,2,0,37,37,True,,synthetic,True,2,True
2026-09-17T12:35:14.764453+00:00,synthetic,synth_gen_CONFIDENT_NORMAL,synthetic,680,20,901.8,180.8,0,0.9619,0.73,0,15,4,57264.51143467636,0,4,0,18,2,0,16,16,True,,synthetic,True,2,True
2026-09-17T12:35:14.764453+00:00,synthetic,synth_gen_CONFIDENT_NORMAL,synthetic,681,43,1197.1,73.2,0,0.7441,0.6931,0,1,3,14162.242276241937,0,10,0,12,2,0,52,52,True,,synthetic,True,2,True
2026-09-17T12:35:14.764453+00:00,synthetic,synth_gen_CONFIDENT_NORMAL,synthetic,682,10,1013.3,58.8,0,0.9001,0.5651,0,10,2,57691.3863603559,0,8,0,7,2,0,61,61,True,,synthetic,True,2,True
2026-09-17T12:35:14.764453+00:00,synthetic,synth_gen_CONFIDENT_NORMAL,synthetic,683,45,1557.6,55.6,0,0.9924,0.8411,0,2,1,17288.279610162972,0,5,0,11,2,0,48,48,True,,synthetic,True,2,True
2026-09-17T12:35:14.764453+00:00,synthetic,synth_gen_CONFIDENT_NORMAL,synthetic,684,46,2065.3,71.2,0,0.9235,0.5,0,2,2,74340.44630600237,0,1,0,1,2,0,26,26,True,,synthetic,True,2,True
2026-09-17T12:35:14.764453+00:00,synthetic,synth_gen_CONFIDENT_NORMAL,synthetic,685,7,2483.3,152.6,0,1.0,0.6423,0,13,1,84161.88665669448,0,1,0,16,2,0,52,52,True,,synthetic,True,2,True
2026-09-17T12:35:14.764453+00:00,synthetic,synth_gen_CONFIDENT_NORMAL,synthetic,686,21,2439.6,88.8,0,0.8238,0.5,0,4,2,37354.50360486646,0,8,0,12,2,0,48,48,True,,synthetic,True,2,True
2026-09-17T12:35:14.764453+00:00,synthetic,synth_gen_CONFIDENT_NORMAL,synthetic,687,6,502.1,203.0,0,0.9974,0.5,0,6,5,72147.94819288826,0,10,0,3,2,0,57,57,True,,synthetic,True,2,True
2026-09-17T12:35:14.764453+00:00,synthetic,synth_gen_CONFIDENT_NORMAL,synthetic,688,3,2219.3,286.4,0,0.6981,0.5678,0,2,5,84550.18788554863,0,9,0,15,2,0,61,61,True,,synthetic,True,2,True
2026-09-17T12:35:14.764453+00:00,synthetic,synth_gen_CONFIDENT_NORMAL,synthetic,689,14,1429.7,78.9,0,0.661,0.5011,0,14,1,59742.113394174565,0,9,0,14,2,0,54,54,True,,synthetic,True,2,True
2026-09-17T12:35:14.764453+00:00,synthetic,synth_gen_CONFIDENT_NORMAL,synthetic,690,21,1195.2,92.8,0,0.7766,0.7471,0,9,1,16997.109929729377,0,9,0,16,2,0,63,63,True,,synthetic,True,2,True
2026-09-17T12:35:14.764453+00:00,synthetic,synth_gen_CONFIDENT_NORMAL,synthetic,691,47,1612.8,111.3,0,0.7178,0.811,0,3,5,43195.79237015033,0,1,0,5,2,0,60,60,True,,synthetic,True,2,True
2026-09-17T12:35:14.764453+00:00,synthetic,synth_gen_CONFIDENT_NORMAL,synthetic,692,18,1570.5,187.1,0,1.0,0.594,0,11,5,45239.84665681502,0,10,0,1,2,0,59,59,True,,synthetic,True,2,True
2026-09-17T12:35:14.764453+00:00,synthetic,synth_gen_CONFIDENT_NORMAL,synthetic,693,25,1351.2,228.1,0,0.6292,0.5661,0,4,5,66015.93071093241,0,6,0,4,2,0,35,35,True,,synthetic,True,2,True
2026-09-17T12:35:14.764453+00:00,synthetic,synth_gen_CONFIDENT_NORMAL,synthetic,694,8,1129.7,95.5,0,0.9831,0.721,0,7,2,60780.89065163199,0,6,0,11,2,0,56,56,True,,synthetic,True,2,True
2026-09-17T12:35:14.764453+00:00,synthetic,synth_gen_CONFIDENT_NORMAL,synthetic,695,27,952.2,187.7,0,0.7936,0.5,0,2,3,44963.44320883729,0,2,0,15,2,0,18,18,True,,synthetic,True,2,True
2026-09-17T12:35:14.764453+00:00,synthetic,synth_gen_CONFIDENT_NORMAL,synthetic,696,41,373.9,89.8,0,1.0,0.5872,0,13,2,3294.7098999105233,0,2,0,0,2,0,8,8,True,,synthetic,True,2,True
2026-09-17T12:35:14.764453+00:00,synthetic,synth_gen_CONFIDENT_NORMAL,synthetic,697,32,1843.8,148.1,0,0.6,0.5286,0,3,1,42577.38890193223,0,5,0,10,2,0,56,56,True,,synthetic,True,2,True
2026-09-17T12:35:14.764453+00:00,synthetic,synth_gen_CONFIDENT_NORMAL,synthetic,698,39,1067.8,139.4,0,0.7124,0.5642,0,10,1,16670.90677406223,0,3,0,2,2,0,51,51,True,,synthetic,True,2,True
2026-09-17T12:35:14.764453+00:00,synthetic,synth_gen_CONFIDENT_NORMAL,synthetic,699,5,651.9,397.5,0,0.9078,0.6527,0,15,3,36196.56863777955,0,4,0,14,2,0,14,14,True,,synthetic,True,2,True
2026-09-17T12:35:14.764453+00:00,synthetic,synth_gen_CONFIDENT_NORMAL,synthetic,700,25,1042.1,91.5,0,0.6346,0.8316,0,14,5,65920.5587837582,0,7,0,19,2,0,60,60,True,,synthetic,True,2,True
2026-09-17T12:35:14.764453+00:00,synthetic,synth_gen_CONFIDENT_NORMAL,synthetic,701,49,751.9,91.4,0,0.9428,0.6895,0,10,4,71659.69112277338,0,6,0,9,2,0,57,57,True,,synthetic,True,2,True
2026-09-17T12:35:14.764453+00:00,synthetic,synth_gen_CONFIDENT_NORMAL,synthetic,702,9,2500,30,0,0.7746,0.7175,0,10,1,40583.70947759491,0,9,0,4,2,0,26,26,True,,synthetic,True,2,True
2026-09-17T12:35:14.764453+00:00,synthetic,synth_gen_CONFIDENT_NORMAL,synthetic,703,16,1405.4,68.7,0,1.0,0.7493,0,5,5,77208.55808276881,0,6,0,9,2,0,61,61,True,,synthetic,True,2,True
2026-09-17T12:35:14.764453+00:00,synthetic,synth_gen_CONFIDENT_NORMAL,synthetic,704,25,1555.2,34.4,0,1.0,0.568,0,5,3,30922.165492441258,0,6,0,11,2,0,35,35,True,,synthetic,True,2,True
2026-09-17T12:35:14.764453+00:00,synthetic,synth_gen_CONFIDENT_NORMAL,synthetic,705,47,1352.6,98.1,0,0.611,0.6032,0,7,2,6191.848206070634,0,9,0,13,2,0,63,63,True,,synthetic,True,2,True
2026-09-17T12:35:14.764453+00:00,synthetic,synth_gen_CONFIDENT_NORMAL,synthetic,706,41,786.1,111.2,0,0.9073,0.6981,0,6,1,24843.81370555164,0,5,0,12,2,0,23,23,True,,synthetic,True,2,True
2026-09-17T12:35:14.764453+00:00,synthetic,synth_gen_CONFIDENT_NORMAL,synthetic,707,46,2098.2,218.3,0,0.7963,0.5515,0,13,2,60269.2087725477,0,3,0,19,2,0,11,11,True,,synthetic,True,2,True
2026-09-17T12:35:14.764453+00:00,synthetic,synth_gen_CONFIDENT_NORMAL,synthetic,708,14,1209.8,30,0,0.7615,0.7192,0,7,4,35299.558403714334,0,9,0,2,2,0,45,45,True,,synthetic,True,2,True
2026-09-17T12:35:14.764453+00:00,synthetic,synth_gen_CONFIDENT_NORMAL,synthetic,709,20,1497.1,101.9,0,0.8051,0.5279,0,10,3,79443.55034788724,0,9,0,10,2,0,58,58,True,,synthetic,True,2,True
2026-09-17T12:35:14.764453+00:00,synthetic,synth_gen_CONFIDENT_NORMAL,synthetic,710,44,1171.0,87.8,0,0.6778,0.5,0,6,5,59816.61182207185,0,6,0,8,2,0,1,1,True,,synthetic,True,2,True
2026-09-17T12:35:14.764453+00:00,synthetic,synth_gen_CONFIDENT_NORMAL,synthetic,711,30,1356.0,76.5,0,0.8833,0.5351,0,15,5,7616.629186972764,0,6,0,3,2,0,43,43,True,,synthetic,True,2,True
2026-09-17T12:35:14.764453+00:00,synthetic,synth_gen_CONFIDENT_NORMAL,synthetic,712,49,2163.4,143.1,0,0.9997,0.6466,0,12,5,69319.1801880468,0,7,0,5,2,0,8,8,True,,synthetic,True,2,True
2026-09-17T12:35:14.764453+00:00,synthetic,synth_gen_CONFIDENT_NORMAL,synthetic,713,38,1301.2,62.1,0,0.9915,0.6214,0,8,4,54724.06297350567,0,8,0,14,2,0,35,35,True,,synthetic,True,2,True
2026-09-17T12:35:14.764453+00:00,synthetic,synth_gen_CONFIDENT_NORMAL,synthetic,714,9,1525.6,82.5,0,0.6816,0.676,0,7,5,47137.9774345702,0,8,0,17,2,0,58,58,True,,synthetic,True,2,True
2026-09-17T12:35:14.764453+00:00,synthetic,synth_gen_CONFIDENT_NORMAL,synthetic,715,9,571.9,101.4,0,0.8958,0.5993,0,2,3,65141.03469752894,0,10,0,13,2,0,17,17,True,,synthetic,True,2,True
2026-09-17T12:35:14.764453+00:00,synthetic,synth_gen_CONFIDENT_NORMAL,synthetic,716,4,964.6,82.4,0,0.7156,0.645,0,13,1,85980.92855813763,0,5,0,4,2,0,60,60,True,,synthetic,True,2,True
2026-09-17T12:35:14.764453+00:00,synthetic,synth_gen_CONFIDENT_NORMAL,synthetic,717,1,786.0,143.7,0,0.8052,0.5448,0,15,3,49976.11045607726,0,8,0,16,2,0,7,7,True,,synthetic,True,2,True
2026-09-17T12:35:14.764453+00:00,synthetic,synth_gen_CONFIDENT_NORMAL,synthetic,718,0,1993.4,67.1,0,0.7942,0.8211,0,12,2,20813.13442469393,0,9,0,6,2,0,52,52,True,,synthetic,True,2,True
2026-09-17T12:35:14.764453+00:00,synthetic,synth_gen_CONFIDENT_NORMAL,synthetic,719,19,517.8,83.6,0,1.0,0.714,0,15,3,49615.54332119922,0,10,0,15,2,0,25,25,True,,synthetic,True,2,True
2026-09-17T12:35:14.764453+00:00,synthetic,synth_gen_CONFIDENT_NORMAL,synthetic,720,8,1293.3,305.6,0,1.0,0.5498,0,3,5,56357.14516449243,0,1,0,20,2,0,31,31,True,,synthetic,True,2,True
2026-09-17T12:35:14.764453+00:00,synthetic,synth_gen_CONFIDENT_NORMAL,synthetic,721,28,1296.6,126.3,0,0.9539,0.6715,0,10,1,68275.49073027539,0,5,0,5,2,0,49,49,True,,synthetic,True,2,True
2026-09-17T12:35:14.764453+00:00,synthetic,synth_gen_CONFIDENT_NORMAL,synthetic,722,42,1472.7,134.9,0,1.0,0.8116,0,5,4,77277.53652047669,0,2,0,2,2,0,50,50,True,,synthetic,True,2,True
2026-09-17T12:35:14.764453+00:00,synthetic,synth_gen_CONFIDENT_NORMAL,synthetic,723,22,1085.7,150.9,0,0.6,0.6173,0,13,3,47382.15629404943,0,6,0,6,2,0,11,11,True,,synthetic,True,2,True
2026-09-17T12:35:14.764453+00:00,synthetic,synth_gen_CONFIDENT_NORMAL,synthetic,724,42,955.5,57.5,0,0.9809,0.62,0,3,4,72258.71377893245,0,2,0,14,2,0,35,35,True,,synthetic,True,2,True
2026-09-17T12:35:14.764453+00:00,synthetic,synth_gen_CONFIDENT_NORMAL,synthetic,725,1,877.3,111.5,0,0.8237,0.6604,0,2,3,21032.02211197923,0,7,0,11,2,0,46,46,True,,synthetic,True,2,True
2026-09-17T12:35:14.764453+00:00,synthetic,synth_gen_CONFIDENT_NORMAL,synthetic,726,20,1249.1,82.4,0,0.8314,0.6651,0,5,2,56912.68205404985,0,3,0,16,2,0,42,42,True,,synthetic,True,2,True
2026-09-17T12:35:14.764453+00:00,synthetic,synth_gen_CONFIDENT_NORMAL,synthetic,727,20,1517.7,150.7,0,0.9476,0.8342,0,13,1,3474.178688575491,0,2,0,4,2,0,47,47,True,,synthetic,True,2,True
2026-09-17T12:35:14.764453+00:00,synthetic,synth_gen_CONFIDENT_NORMAL,synthetic,728,14,2305.2,44.3,0,0.6629,0.623,0,13,1,21958.817456212284,0,5,0,3,2,0,59,59,True,,synthetic,True,2,True
2026-09-17T12:35:14.764453+00:00,synthetic,synth_gen_CONFIDENT_NORMAL,synthetic,729,5,996.2,42.7,0,0.8811,0.669,0,4,2,46843.72502862373,0,2,0,18,2,0,21,21,True,,synthetic,True,2,True
2026-09-17T12:35:14.764453+00:00,synthetic,synth_gen_CONFIDENT_NORMAL,synthetic,730,21,1116.9,186.6,0,0.8643,0.5843,0,4,1,33447.640139348245,0,7,0,17,2,0,28,28,True,,synthetic,True,2,True
2026-09-17T12:35:14.764453+00:00,synthetic,synth_gen_CONFIDENT_NORMAL,synthetic,731,32,594.3,118.7,0,0.8598,0.5396,0,14,1,76966.82334842056,0,2,0,15,2,0,45,45,True,,synthetic,True,2,True
2026-09-17T12:35:14.764453+00:00,synthetic,synth_gen_CONFIDENT_NORMAL,synthetic,732,36,1613.1,166.1,0,0.7082,0.5158,0,9,2,32961.57594732549,0,3,0,19,2,0,62,62,True,,synthetic,True,2,True
2026-09-17T12:35:14.764453+00:00,synthetic,synth_gen_CONFIDENT_NORMAL,synthetic,733,0,1467.2,86.7,0,1.0,0.6668,0,7,5,53544.33770744763,0,5,0,3,2,0,25,25,True,,synthetic,True,2,True
2026-09-17T12:35:14.764453+00:00,synthetic,synth_gen_CONFIDENT_NORMAL,synthetic,734,9,1110.7,52.2,0,0.7827,0.8278,0,2,3,45371.47692846293,0,9,0,6,2,0,32,32,True,,synthetic,True,2,True
2026-09-17T12:35:14.764453+00:00,synthetic,synth_gen_CONFIDENT_NORMAL,synthetic,735,13,1597.2,93.1,0,0.6545,0.8033,0,1,5,60549.6963726586,0,8,0,7,2,0,59,59,True,,synthetic,True,2,True
2026-09-17T12:35:14.764453+00:00,synthetic,synth_gen_CONFIDENT_NORMAL,synthetic,736,17,1581.8,172.4,0,1.0,0.5604,0,9,4,20070.80905020914,0,10,0,6,2,0,6,6,True,,synthetic,True,2,True
2026-09-17T12:35:14.764453+00:00,synthetic,synth_gen_CONFIDENT_NORMAL,synthetic,737,6,1383.3,76.0,0,0.8059,0.5,0,15,4,49880.475226224225,0,2,0,7,2,0,19,19,True,,synthetic,True,2,True
2026-09-17T12:35:14.764453+00:00,synthetic,synth_gen_CONFIDENT_NORMAL,synthetic,738,38,883.9,49.6,0,0.6183,0.6273,0,11,2,43427.76056931858,0,4,0,10,2,0,38,38,True,,synthetic,True,2,True
2026-09-17T12:35:14.764453+00:00,synthetic,synth_gen_CONFIDENT_NORMAL,synthetic,739,32,1989.4,92.0,0,0.9554,0.5,0,1,4,24055.350672083707,0,1,0,3,2,0,31,31,True,,synthetic,True,2,True
2026-09-17T12:35:14.764453+00:00,synthetic,synth_gen_CONFIDENT_NORMAL,synthetic,740,2,557.0,73.6,0,0.6117,0.5448,0,3,1,58016.79078504037,0,3,0,15,2,0,42,42,True,,synthetic,True,2,True
2026-09-17T12:35:14.764453+00:00,synthetic,synth_gen_CONFIDENT_NORMAL,synthetic,741,41,1761.1,122.6,0,0.9314,0.6648,0,10,5,63115.25192400601,0,5,0,10,2,0,25,25,True,,synthetic,True,2,True
2026-09-17T12:35:14.764453+00:00,synthetic,synth_gen_CONFIDENT_NORMAL,synthetic,742,28,1145.5,84.4,0,0.6788,0.5858,0,7,1,19043.27836120208,0,8,0,16,2,0,63,63,True,,synthetic,True,2,True
2026-09-17T12:35:14.764453+00:00,synthetic,synth_gen_CONFIDENT_NORMAL,synthetic,743,22,1125.1,47.1,0,0.9918,0.6037,0,10,5,52470.0817738101,0,4,0,6,2,0,27,27,True,,synthetic,True,2,True
2026-09-17T12:35:14.764453+00:00,synthetic,synth_gen_CONFIDENT_NORMAL,synthetic,744,5,906.9,73.4,0,0.9341,0.6331,0,5,4,13842.734781883544,0,10,0,7,2,0,31,31,True,,synthetic,True,2,True
2026-09-17T12:35:14.764453+00:00,synthetic,synth_gen_CONFIDENT_NORMAL,synthetic,745,39,570.9,95.5,0,0.6,0.6654,0,11,2,17281.787957660104,0,2,0,17,2,0,45,45,True,,synthetic,True,2,True
2026-09-17T12:35:14.764453+00:00,synthetic,synth_gen_CONFIDENT_NORMAL,synthetic,746,7,2025.8,113.9,0,0.8161,0.6591,0,7,1,61872.40155617912,0,6,0,19,2,0,6,6,True,,synthetic,True,2,True
2026-09-17T12:35:14.764453+00:00,synthetic,synth_gen_CONFIDENT_NORMAL,synthetic,747,21,528.5,113.2,0,0.9342,0.6113,0,1,5,71481.31611304295,0,10,0,20,2,0,45,45,True,,synthetic,True,2,True
2026-09-17T12:35:14.764453+00:00,synthetic,synth_gen_CONFIDENT_NORMAL,synthetic,748,38,1438.8,93.7,0,1.0,0.668,0,4,3,408.6487249519362,0,1,0,11,2,0,47,47,True,,synthetic,True,2,True
2026-09-17T12:35:14.764453+00:00,synthetic,synth_gen_CONFIDENT_NORMAL,synthetic,749,32,2500,171.1,0,0.8621,0.716,0,8,5,32025.030243444842,0,6,0,10,2,0,56,56,True,,synthetic,True,2,True
2026-09-17T12:35:14.764453+00:00,synthetic,synth_gen_CONFIDENT_NORMAL,synthetic,750,41,1126.6,116.5,0,0.744,0.5,0,6,1,78079.60455550815,0,2,0,3,2,0,17,17,True,,synthetic,True,2,True
2026-09-17T12:35:14.764453+00:00,synthetic,synth_gen_CONFIDENT_NORMAL,synthetic,751,37,1332.6,166.5,0,0.8927,0.6006,0,7,3,63079.72133665614,0,4,0,16,2,0,24,24,True,,synthetic,True,2,True
2026-09-17T12:35:14.764453+00:00,synthetic,synth_gen_CONFIDENT_NORMAL,synthetic,752,11,1017.7,80.5,0,0.826,0.7655,0,6,3,83302.9269101497,0,9,0,14,2,0,1,1,True,,synthetic,True,2,True
2026-09-17T12:35:14.764453+00:00,synthetic,synth_gen_CONFIDENT_NORMAL,synthetic,753,31,2500,136.9,0,1.0,0.6494,0,9,3,40497.66111256491,0,5,0,0,2,0,33,33,True,,synthetic,True,2,True
2026-09-17T12:35:14.764453+00:00,synthetic,synth_gen_CONFIDENT_NORMAL,synthetic,754,38,727.8,108.1,0,0.8796,0.7608,0,10,4,79123.11692747334,0,4,0,8,2,0,17,17,True,,synthetic,True,2,True
2026-09-17T12:35:14.764453+00:00,synthetic,synth_gen_CONFIDENT_NORMAL,synthetic,755,40,1387.5,99.9,0,0.9823,0.5408,0,15,2,16770.844911275828,0,2,0,5,2,0,15,15,True,,synthetic,True,2,True
2026-09-17T12:35:14.764453+00:00,synthetic,synth_gen_CONFIDENT_NORMAL,synthetic,756,32,728.7,50.4,0,0.808,0.5234,0,7,2,35163.52835452078,0,5,0,9,2,0,6,6,True,,synthetic,True,2,True
2026-09-17T12:35:14.764453+00:00,synthetic,synth_gen_CONFIDENT_NORMAL,synthetic,757,26,2500,32.5,0,0.8041,0.6349,0,14,2,35533.02783049975,0,6,0,0,2,0,41,41,True,,synthetic,True,2,True
2026-09-17T12:35:14.764453+00:00,synthetic,synth_gen_CONFIDENT_NORMAL,synthetic,758,26,2432.5,128.4,0,0.936,0.5199,0,4,2,56502.59012263117,0,1,0,11,2,0,62,62,True,,synthetic,True,2,True
2026-09-17T12:35:14.764453+00:00,synthetic,synth_gen_CONFIDENT_NORMAL,synthetic,759,7,1160.5,184.8,0,0.9424,0.8217,0,12,4,42412.93902325691,0,9,0,6,2,0,30,30,True,,synthetic,True,2,True
2026-09-17T12:35:14.764453+00:00,synthetic,synth_gen_CONFIDENT_NORMAL,synthetic,760,5,1020.2,105.7,0,0.9705,0.8255,0,4,3,72421.23164236163,0,9,0,4,2,0,49,49,True,,synthetic,True,2,True
2026-09-17T12:35:14.764453+00:00,synthetic,synth_gen_CONFIDENT_NORMAL,synthetic,761,35,1126.7,76.6,0,0.6827,0.5003,0,3,1,27670.005807647143,0,10,0,17,2,0,56,56,True,,synthetic,True,2,True
2026-09-17T12:35:14.764453+00:00,synthetic,synth_gen_CONFIDENT_NORMAL,synthetic,762,26,1481.7,83.7,0,0.6637,0.603,0,11,3,37835.220784375146,0,10,0,16,2,0,63,63,True,,synthetic,True,2,True
2026-09-17T12:35:14.764453+00:00,synthetic,synth_gen_CONFIDENT_NORMAL,synthetic,763,25,2318.6,73.3,0,0.7727,0.651,0,3,2,74569.50615925745,0,8,0,0,2,0,24,24,True,,synthetic,True,2,True
2026-09-17T12:35:14.764453+00:00,synthetic,synth_gen_CONFIDENT_NORMAL,synthetic,764,26,1499.1,80.1,0,0.6,0.5,0,15,3,47921.933673023574,0,10,0,16,2,0,63,63,True,,synthetic,True,2,True
2026-09-17T12:35:14.764453+00:00,synthetic,synth_gen_CONFIDENT_NORMAL,synthetic,765,38,920.2,62.8,0,0.748,0.7528,0,2,5,70513.48495953807,0,5,0,7,2,0,24,24,True,,synthetic,True,2,True
2026-09-17T12:35:14.764453+00:00,synthetic,synth_gen_CONFIDENT_NORMAL,synthetic,766,20,844.9,205.3,0,0.6968,0.6358,0,5,4,16216.328502526221,0,10,0,17,2,0,60,60,True,,synthetic,True,2,True
2026-09-17T12:35:14.764453+00:00,synthetic,synth_gen_CONFIDENT_NORMAL,synthetic,767,35,1279.4,134.3,0,0.9494,0.6043,0,15,1,53922.08230053169,0,10,0,2,2,0,3,3,True,,synthetic,True,2,True
2026-09-17T12:35:14.764453+00:00,synthetic,synth_gen_CONFIDENT_NORMAL,synthetic,768,45,1651.6,114.0,0,0.6785,0.774,0,2,2,81048.38419285064,0,3,0,9,2,0,32,32,True,,synthetic,True,2,True
2026-09-17T12:35:14.764453+00:00,synthetic,synth_gen_CONFIDENT_NORMAL,synthetic,769,40,1081.4,76.1,0,0.6,0.5338,0,4,3,80460.06858645947,0,10,0,7,2,0,51,51,True,,synthetic,True,2,True
2026-09-17T12:35:14.764453+00:00,synthetic,synth_gen_CONFIDENT_NORMAL,synthetic,770,18,624.6,88.7,0,0.9721,0.6394,0,15,5,34113.77866708489,0,10,0,13,2,0,5,5,True,,synthetic,True,2,True
2026-09-17T12:35:14.764453+00:00,synthetic,synth_gen_CONFIDENT_NORMAL,synthetic,771,46,1276.4,87.8,0,0.7406,0.5,0,10,5,66881.19430891618,0,8,0,1,2,0,6,6,True,,synthetic,True,2,True
2026-09-17T12:35:14.764453+00:00,synthetic,synth_gen_CONFIDENT_NORMAL,synthetic,772,29,1628.7,104.1,0,0.6,0.5738,0,13,2,2685.3055737874965,0,6,0,19,2,0,29,29,True,,synthetic,True,2,True
2026-09-17T12:35:14.764453+00:00,synthetic,synth_gen_CONFIDENT_NORMAL,synthetic,773,27,1305.5,62.1,0,0.9011,0.6863,0,1,4,4486.067072379955,0,7,0,8,2,0,33,33,True,,synthetic,True,2,True
2026-09-17T12:35:14.764453+00:00,synthetic,synth_gen_CONFIDENT_NORMAL,synthetic,774,2,956.8,111.2,0,0.8994,0.5227,0,7,1,53105.131337027095,0,7,0,19,2,0,31,31,True,,synthetic,True,2,True
2026-09-17T12:35:14.764453+00:00,synthetic,synth_gen_CONFIDENT_NORMAL,synthetic,775,36,739.0,88.4,0,0.6,0.7405,0,3,2,75981.57329819571,0,5,0,4,2,0,55,55,True,,synthetic,True,2,True
2026-09-17T12:35:14.764453+00:00,synthetic,synth_gen_CONFIDENT_NORMAL,synthetic,776,24,1863.5,100.2,0,0.7556,0.6979,0,11,3,36504.78490682328,0,1,0,1,2,0,33,33,True,,synthetic,True,2,True
2026-09-17T12:35:14.764453+00:00,synthetic,synth_gen_CONFIDENT_NORMAL,synthetic,777,45,2399.5,47.9,0,0.7935,0.7353,0,3,5,63760.814672839886,0,5,0,2,2,0,55,55,True,,synthetic,True,2,True
2026-09-17T12:35:14.764453+00:00,synthetic,synth_gen_CONFIDENT_NORMAL,synthetic,778,17,1462.1,85.0,0,1.0,0.6058,0,1,4,65747.27437885574,0,5,0,16,2,0,54,54,True,,synthetic,True,2,True
2026-09-17T12:35:14.764453+00:00,synthetic,synth_gen_CONFIDENT_NORMAL,synthetic,779,6,844.8,103.6,0,0.6626,0.5704,0,4,5,41427.408891748215,0,7,0,17,2,0,3,3,True,,synthetic,True,2,True
2026-09-17T12:35:14.764453+00:00,synthetic,synth_gen_CONFIDENT_NORMAL,synthetic,780,35,1658.8,142.3,0,1.0,0.721,0,5,4,27303.69811688128,0,9,0,4,2,0,39,39,True,,synthetic,True,2,True
2026-09-17T12:35:14.764453+00:00,synthetic,synth_gen_CONFIDENT_NORMAL,synthetic,781,44,910.3,177.8,0,0.7414,0.7018,0,14,2,50458.48295316172,0,2,0,16,2,0,25,25,True,,synthetic,True,2,True
2026-09-17T12:35:14.764453+00:00,synthetic,synth_gen_CONFIDENT_NORMAL,synthetic,782,35,1292.9,80.5,0,0.6981,0.7064,0,8,5,85036.5313594436,0,5,0,3,2,0,58,58,True,,synthetic,True,2,True
2026-09-17T12:35:14.764453+00:00,synthetic,synth_gen_CONFIDENT_NORMAL,synthetic,783,47,1184.7,161.6,0,0.9327,0.7212,0,8,5,81475.27672609384,0,4,0,3,2,0,8,8,True,,synthetic,True,2,True
2026-09-17T12:35:14.764453+00:00,synthetic,synth_gen_HESITANT_REPEAT,synthetic,784,22,755.9,80.5,0,0.8678,0.2226,0,1,1,23069.91990782265,1,0,2,0,0,1,32,39,False,,synthetic,True,2,True
2026-09-17T12:35:14.764453+00:00,synthetic,synth_gen_HESITANT_REPEAT,synthetic,785,15,2161.8,88.7,0,1,0.173,0,7,1,46779.937750932404,1,0,6,2,0,1,26,23,False,,synthetic,True,2,True
2026-09-17T12:35:14.764453+00:00,synthetic,synth_gen_HESITANT_REPEAT,synthetic,786,25,1140.1,185.8,0,0.1939,0.3244,0,2,2,67093.9559816397,1,0,2,1,0,1,52,51,False,,synthetic,True,2,True
2026-09-17T12:35:14.764453+00:00,synthetic,synth_gen_HESITANT_REPEAT,synthetic,787,2,3308.2,163.6,0,0.9803,0.2909,0,1,5,62089.74830817621,1,0,1,6,0,1,49,58,False,,synthetic,True,2,True
2026-09-17T12:35:14.764453+00:00,synthetic,synth_gen_HESITANT_REPEAT,synthetic,788,1,2410.0,75.4,0,0.3518,0.3887,0,9,5,62891.135024188596,1,0,6,12,0,1,61,60,False,,synthetic,True,2,True
2026-09-17T12:35:14.764453+00:00,synthetic,synth_gen_HESITANT_REPEAT,synthetic,789,47,2469.1,112.4,0,0.727,0.3753,0,2,4,56603.743272880805,1,0,2,12,0,1,22,20,False,,synthetic,True,2,True
2026-09-17T12:35:14.764453+00:00,synthetic,synth_gen_HESITANT_REPEAT,synthetic,790,33,1084.8,73.8,0,0.6753,0.8442,0,2,2,71930.59929391592,1,0,3,14,0,1,48,49,False,,synthetic,True,2,True
2026-09-17T12:35:14.764453+00:00,synthetic,synth_gen_HESITANT_REPEAT,synthetic,791,29,648.6,124.8,0,0,0.4039,0,14,5,60426.080370978525,1,0,2,16,0,1,56,63,False,,synthetic,True,2,True
2026-09-17T12:35:14.764453+00:00,synthetic,synth_gen_HESITANT_REPEAT,synthetic,792,36,5999,41.5,0,0.4257,0.662,0,3,1,59010.439310952395,1,0,5,10,0,1,9,14,False,,synthetic,True,2,True
2026-09-17T12:35:14.764453+00:00,synthetic,synth_gen_HESITANT_REPEAT,synthetic,793,48,3692.0,116.8,0,0.3035,0.5514,0,4,1,45348.92849806476,1,0,2,18,0,1,21,25,False,,synthetic,True,2,True
2026-09-17T12:35:14.764453+00:00,synthetic,synth_gen_HESITANT_REPEAT,synthetic,794,15,1896.5,109.0,0,0,0,0,5,1,14497.07029196289,1,0,4,5,0,1,16,21,False,,synthetic,True,2,True
2026-09-17T12:35:14.764453+00:00,synthetic,synth_gen_HESITANT_REPEAT,synthetic,795,45,1829.8,66.8,0,0.0556,0.3768,0,5,3,73083.19854244689,1,0,1,1,0,1,59,50,False,,synthetic,True,2,True
2026-09-17T12:35:14.764453+00:00,synthetic,synth_gen_HESITANT_REPEAT,synthetic,796,47,1122.7,74.8,0,0.5902,0.1046,0,4,3,9357.434039783102,1,0,5,6,0,1,24,28,False,,synthetic,True,2,True
2026-09-17T12:35:14.764453+00:00,synthetic,synth_gen_HESITANT_REPEAT,synthetic,797,0,3621.4,56.7,0,1,0.5687,0,10,1,71479.20721355015,1,0,2,17,0,1,26,31,False,,synthetic,True,2,True
2026-09-17T12:35:14.764453+00:00,synthetic,synth_gen_HESITANT_REPEAT,synthetic,798,25,2887.2,111.9,0,0.0228,0.2553,0,11,3,47085.595439864155,1,0,1,6,0,1,26,23,False,,synthetic,True,2,True
2026-09-17T12:35:14.764453+00:00,synthetic,synth_gen_HESITANT_REPEAT,synthetic,799,14,2366.8,127.1,0,0.6072,0.5587,0,3,5,85978.35983399248,1,0,1,6,0,1,36,45,False,,synthetic,True,2,True
2026-09-17T12:35:14.764453+00:00,synthetic,synth_gen_HESITANT_REPEAT,synthetic,800,36,803.1,136.9,0,0.5023,0.7439,0,7,3,7254.309122894231,1,0,1,4,0,1,9,7,False,,synthetic,True,2,True
2026-09-17T12:35:14.764453+00:00,synthetic,synth_gen_HESITANT_REPEAT,synthetic,801,5,2169.3,61.0,0,0.7821,0.2385,0,7,3,52673.65204008613,1,0,4,8,0,1,26,17,False,,synthetic,True,2,True
2026-09-17T12:35:14.764453+00:00,synthetic,synth_gen_HESITANT_REPEAT,synthetic,802,6,1603.9,37.1,0,1,0.2788,0,6,5,14219.330525214638,1,0,4,4,0,1,11,13,False,,synthetic,True,2,True
2026-09-17T12:35:14.764453+00:00,synthetic,synth_gen_HESITANT_REPEAT,synthetic,803,4,1963.1,55.2,0,0.156,0,0,11,2,54211.67504740057,1,0,2,1,0,1,47,35,False,,synthetic,True,2,True
2026-09-17T12:35:14.764453+00:00,synthetic,synth_gen_HESITANT_REPEAT,synthetic,804,41,1214.0,98.7,0,0.6368,0.2915,0,11,5,51476.07908646375,1,0,6,14,0,1,19,21,False,,synthetic,True,2,True
2026-09-17T12:35:14.764453+00:00,synthetic,synth_gen_HESITANT_REPEAT,synthetic,805,41,2114.8,83.4,0,0.4355,0.3721,0,9,3,62356.89438931184,1,0,1,19,0,1,57,51,False,,synthetic,True,2,True
2026-09-17T12:35:14.764453+00:00,synthetic,synth_gen_HESITANT_REPEAT,synthetic,806,43,1986.6,104.1,0,0.7071,0,0,15,1,37845.16913152532,1,0,1,10,0,1,26,23,False,,synthetic,True,2,True
2026-09-17T12:35:14.764453+00:00,synthetic,synth_gen_HESITANT_REPEAT,synthetic,807,11,3628.0,59.4,0,0.8382,0.2314,0,4,2,17300.278991165378,1,0,4,19,0,1,35,41,False,,synthetic,True,2,True
2026-09-17T12:35:14.764453+00:00,synthetic,synth_gen_HESITANT_REPEAT,synthetic,808,12,940.3,158.3,0,0.3578,0.2091,0,8,5,37075.353259234405,1,0,5,8,0,1,26,24,False,,synthetic,True,2,True
2026-09-17T12:35:14.764453+00:00,synthetic,synth_gen_HESITANT_REPEAT,synthetic,809,17,3271.8,174.3,0,0.6284,0.4489,0,7,5,48094.325231862706,1,0,4,13,0,1,17,26,False,,synthetic,True,2,True
2026-09-17T12:35:14.764453+00:00,synthetic,synth_gen_HESITANT_REPEAT,synthetic,810,12,900.3,54.6,0,0.3706,0.396,0,5,2,52311.19535014174,1,0,1,16,0,1,26,17,False,,synthetic,True,2,True
2026-09-17T12:35:14.764453+00:00,synthetic,synth_gen_HESITANT_REPEAT,synthetic,811,26,1943.7,82.5,0,0,0.3741,0,11,4,78980.11562972263,1,0,5,10,0,1,9,1,False,,synthetic,True,2,True
2026-09-17T12:35:14.764453+00:00,synthetic,synth_gen_HESITANT_REPEAT,synthetic,812,34,5999,53.1,0,0.8532,0.3043,0,9,2,19308.233905215962,1,0,4,0,0,1,50,49,False,,synthetic,True,2,True
2026-09-17T12:35:14.764453+00:00,synthetic,synth_gen_HESITANT_REPEAT,synthetic,813,10,5999,98.3,0,0.4923,0.5262,0,2,3,67008.14905732938,1,0,6,10,0,1,32,44,False,,synthetic,True,2,True
2026-09-17T12:35:14.764453+00:00,synthetic,synth_gen_HESITANT_REPEAT,synthetic,814,40,5999,89.7,0,0.882,0.6058,0,13,5,50078.163112034716,1,0,5,8,0,1,25,17,False,,synthetic,True,2,True
2026-09-17T12:35:14.764453+00:00,synthetic,synth_gen_HESITANT_REPEAT,synthetic,815,46,500,194.4,0,1,0.2589,0,7,1,5146.090712752058,1,0,6,8,0,1,18,21,False,,synthetic,True,2,True
2026-09-17T12:35:14.764453+00:00,synthetic,synth_gen_HESITANT_REPEAT,synthetic,816,47,5999,108.4,0,0.357,0.3835,0,5,5,10250.176432584569,1,0,1,11,0,1,20,25,False,,synthetic,True,2,True
2026-09-17T12:35:14.764453+00:00,synthetic,synth_gen_HESITANT_REPEAT,synthetic,817,7,1101.0,125.7,0,0.8446,0.2067,0,6,3,37988.13290976237,1,0,5,18,0,1,34,46,False,,synthetic,True,2,True
2026-09-17T12:35:14.764453+00:00,synthetic,synth_gen_HESITANT_REPEAT,synthetic,818,30,3873.7,86.9,0,0.6087,0.5808,0,7,4,48766.577687357094,1,0,4,0,0,1,2,6,False,,synthetic,True,2,True
2026-09-17T12:35:14.764453+00:00,synthetic,synth_gen_HESITANT_REPEAT,synthetic,819,10,1228.1,39.9,0,0.2021,0,0,6,2,23700.69110462624,1,0,1,13,0,1,36,40,False,,synthetic,True,2,True
2026-09-17T12:35:14.764453+00:00,synthetic,synth_gen_HESITANT_REPEAT,synthetic,820,36,5999,192.6,0,1,0.3053,0,2,1,7319.8990442528875,1,0,6,20,0,1,17,31,False,,synthetic,True,2,True
2026-09-17T12:35:14.764453+00:00,synthetic,synth_gen_HESITANT_REPEAT,synthetic,821,20,2236.1,125.3,0,0.3982,0.6367,0,7,1,82548.5481415799,1,0,3,9,0,1,15,7,False,,synthetic,True,2,True
2026-09-17T12:35:14.764453+00:00,synthetic,synth_gen_HESITANT_REPEAT,synthetic,822,40,5999,128.1,0,0.7052,0.3571,0,4,2,10675.080805596686,1,0,2,11,0,1,30,24,False,,synthetic,True,2,True
2026-09-17T12:35:14.764453+00:00,synthetic,synth_gen_HESITANT_REPEAT,synthetic,823,36,1320.7,62.1,0,0.4299,0.4674,0,1,1,7042.528446566299,1,0,4,3,0,1,22,29,False,,synthetic,True,2,True
2026-09-17T12:35:14.764453+00:00,synthetic,synth_gen_HESITANT_REPEAT,synthetic,824,27,5999,290.8,0,0,0.8622,0,1,5,43284.00207733174,1,0,5,15,0,1,8,7,False,,synthetic,True,2,True
2026-09-17T12:35:14.764453+00:00,synthetic,synth_gen_HESITANT_REPEAT,synthetic,825,11,935.4,127.6,0,0.4089,0.7089,0,3,1,29157.160838184234,1,0,4,9,0,1,56,59,False,,synthetic,True,2,True
2026-09-17T12:35:14.764453+00:00,synthetic,synth_gen_HESITANT_REPEAT,synthetic,826,16,3839.1,88.0,0,0.4994,1,0,1,5,57944.21535901149,1,0,5,12,0,1,45,36,False,,synthetic,True,2,True
2026-09-17T12:35:14.764453+00:00,synthetic,synth_gen_HESITANT_REPEAT,synthetic,827,29,1044.0,94.7,0,0.5719,0.188,0,12,2,20657.633347197123,1,0,4,16,0,1,62,61,False,,synthetic,True,2,True
2026-09-17T12:35:14.764453+00:00,synthetic,synth_gen_HESITANT_REPEAT,synthetic,828,33,2022.2,106.3,0,0,0.3842,0,1,1,37208.985127385466,1,0,6,6,0,1,62,50,False,,synthetic,True,2,True
2026-09-17T12:35:14.764453+00:00,synthetic,synth_gen_HESITANT_REPEAT,synthetic,829,15,2145.8,135.4,0,1,0.42,0,12,4,15615.015548596399,1,0,3,12,0,1,37,32,False,,synthetic,True,2,True
2026-09-17T12:35:14.764453+00:00,synthetic,synth_gen_HESITANT_REPEAT,synthetic,830,41,2461.3,49.1,0,0.4102,0.469,0,7,5,50161.143982417554,1,0,1,17,0,1,9,4,False,,synthetic,True,2,True
2026-09-17T12:35:14.764453+00:00,synthetic,synth_gen_HESITANT_REPEAT,synthetic,831,49,2011.5,122.6,0,0.7271,0.85,0,6,5,69181.27324214694,1,0,1,14,0,1,29,18,False,,synthetic,True,2,True
2026-09-17T12:35:14.764453+00:00,synthetic,synth_gen_HESITANT_REPEAT,synthetic,832,34,4764.1,43.2,0,0.8571,0.1897,0,2,2,54905.14295885345,1,0,5,13,0,1,52,51,False,,synthetic,True,2,True
2026-09-17T12:35:14.764453+00:00,synthetic,synth_gen_HESITANT_REPEAT,synthetic,833,27,2202.0,117.3,0,0,0,0,3,4,49962.15459614831,1,0,1,9,0,1,12,14,False,,synthetic,True,2,True
2026-09-17T12:35:14.764453+00:00,synthetic,synth_gen_HESITANT_REPEAT,synthetic,834,9,4761.4,88.4,0,0.8274,0.9361,0,8,1,85069.29639450503,1,0,1,9,0,1,45,39,False,,synthetic,True,2,True
2026-09-17T12:35:14.764453+00:00,synthetic,synth_gen_HESITANT_REPEAT,synthetic,835,30,958.1,33.7,0,0.0986,0,0,15,3,58041.157007302965,1,0,5,18,0,1,28,20,False,,synthetic,True,2,True
2026-09-17T12:35:14.764453+00:00,synthetic,synth_gen_HESITANT_REPEAT,synthetic,836,12,1636.3,78.7,0,0,0,0,9,4,66927.1769322694,1,0,3,10,0,1,61,49,False,,synthetic,True,2,True
2026-09-17T12:35:14.764453+00:00,synthetic,synth_gen_HESITANT_REPEAT,synthetic,837,2,846.3,79.8,0,0.8104,0.4532,0,2,3,25893.783887226808,1,0,4,17,0,1,19,24,False,,synthetic,True,2,True
2026-09-17T12:35:14.764453+00:00,synthetic,synth_gen_HESITANT_REPEAT,synthetic,838,21,1714.1,52.0,0,0.9681,0.438,0,12,1,53395.419777884796,1,0,6,20,0,1,11,14,False,,synthetic,True,2,True
2026-09-17T12:35:14.764453+00:00,synthetic,synth_gen_HESITANT_REPEAT,synthetic,839,24,689.8,53.0,0,0.3017,0.3827,0,7,2,1286.8497270580601,1,0,1,19,0,1,30,22,False,,synthetic,True,2,True
2026-09-17T12:35:14.764453+00:00,synthetic,synth_gen_HESITANT_REPEAT,synthetic,840,3,2184.0,177.1,0,0.6448,0.1597,0,11,3,10789.60137564937,1,0,6,16,0,1,26,20,False,,synthetic,True,2,True
2026-09-17T12:35:14.764453+00:00,synthetic,synth_gen_HESITANT_REPEAT,synthetic,841,26,1062.0,146.7,0,0.3356,0.5175,0,8,4,84710.15986163232,1,0,4,8,0,1,1,12,False,,synthetic,True,2,True
2026-09-17T12:35:14.764453+00:00,synthetic,synth_gen_HESITANT_REPEAT,synthetic,842,30,729.0,122.9,0,0.4476,0.3817,0,9,5,10099.915893373145,1,0,3,6,0,1,17,28,False,,synthetic,True,2,True
2026-09-17T12:35:14.764453+00:00,synthetic,synth_gen_HESITANT_REPEAT,synthetic,843,31,642.8,141.9,0,0.1961,0.1347,0,1,3,73209.98417208172,1,0,6,19,0,1,53,63,False,,synthetic,True,2,True
2026-09-17T12:35:14.764453+00:00,synthetic,synth_gen_HESITANT_REPEAT,synthetic,844,0,1285.4,172.2,0,0.0652,0.4044,0,8,5,13240.802225433757,1,0,3,17,0,1,52,54,False,,synthetic,True,2,True
2026-09-17T12:35:14.764453+00:00,synthetic,synth_gen_HESITANT_REPEAT,synthetic,845,32,4293.4,207.6,0,0,0.8399,0,3,5,9978.733624275228,1,0,4,12,0,1,40,46,False,,synthetic,True,2,True
2026-09-17T12:35:14.764453+00:00,synthetic,synth_gen_HESITANT_REPEAT,synthetic,846,20,3084.5,65.0,0,0.6471,0.0567,0,13,5,60089.223683376746,1,0,3,11,0,1,6,14,False,,synthetic,True,2,True
2026-09-17T12:35:14.764453+00:00,synthetic,synth_gen_HESITANT_REPEAT,synthetic,847,25,1727.5,79.1,0,0.6463,0.8654,0,9,5,76381.55033935435,1,0,4,7,0,1,30,16,False,,synthetic,True,2,True
2026-09-17T12:35:14.764453+00:00,synthetic,synth_gen_HESITANT_REPEAT,synthetic,848,46,5999,62.3,0,0.4265,0.3377,0,14,5,29434.218241550952,1,0,6,9,0,1,61,62,False,,synthetic,True,2,True
2026-09-17T12:35:14.764453+00:00,synthetic,synth_gen_HESITANT_REPEAT,synthetic,849,4,5999,124.4,0,0.2558,0.3326,0,4,3,9662.379490980826,1,0,2,17,0,1,31,20,False,,synthetic,True,2,True
2026-09-17T12:35:14.764453+00:00,synthetic,synth_gen_HESITANT_REPEAT,synthetic,850,34,1909.8,121.9,0,0.81,0.8021,0,3,3,61743.70887742351,1,0,5,8,0,1,57,58,False,,synthetic,True,2,True
2026-09-17T12:35:14.764453+00:00,synthetic,synth_gen_HESITANT_REPEAT,synthetic,851,13,2643.3,107.5,0,0.912,0.1122,0,14,5,64414.229978931806,1,0,1,4,0,1,1,12,False,,synthetic,True,2,True
2026-09-17T12:35:14.764453+00:00,synthetic,synth_gen_HESITANT_REPEAT,synthetic,852,46,2921.9,118.2,0,0,0.1214,0,8,1,79281.65262344039,1,0,5,15,0,1,2,11,False,,synthetic,True,2,True
2026-09-17T12:35:14.764453+00:00,synthetic,synth_gen_HESITANT_REPEAT,synthetic,853,40,3817.5,144.3,0,1,0,0,5,5,35708.14920431706,1,0,5,3,0,1,36,46,False,,synthetic,True,2,True
2026-09-17T12:35:14.764453+00:00,synthetic,synth_gen_HESITANT_REPEAT,synthetic,854,22,2974.9,64.1,0,0.3966,0.0279,0,11,3,36499.2662456362,1,0,2,10,0,1,59,60,False,,synthetic,True,2,True
2026-09-17T12:35:14.764453+00:00,synthetic,synth_gen_HESITANT_REPEAT,synthetic,855,20,5189.6,237.6,0,0.5114,0.5095,0,12,5,86202.98574539665,1,0,3,2,0,1,30,17,False,,synthetic,True,2,True
2026-09-17T12:35:14.764453+00:00,synthetic,synth_gen_HESITANT_REPEAT,synthetic,856,23,5999,79.3,0,0.0617,0.542,0,4,1,55281.78972265155,1,0,5,3,0,1,11,0,False,,synthetic,True,2,True
2026-09-17T12:35:14.764453+00:00,synthetic,synth_gen_HESITANT_REPEAT,synthetic,857,49,4427.4,134.3,0,0.609,0.5098,0,11,3,62771.51212882112,1,0,3,17,0,1,37,32,False,,synthetic,True,2,True
2026-09-17T12:35:14.764453+00:00,synthetic,synth_gen_HESITANT_REPEAT,synthetic,858,11,2036.5,117.4,0,0.6901,1,0,15,5,46992.97589062915,1,0,2,1,0,1,14,9,False,,synthetic,True,2,True
2026-09-17T12:35:14.764453+00:00,synthetic,synth_gen_HESITANT_REPEAT,synthetic,859,1,939.8,132.3,0,0.0655,0.088,0,8,2,12759.722930448745,1,0,2,2,0,1,49,55,False,,synthetic,True,2,True
2026-09-17T12:35:14.764453+00:00,synthetic,synth_gen_HESITANT_REPEAT,synthetic,860,28,5960.6,88.2,0,0.1136,0.1304,0,11,2,69368.2297157161,1,0,5,8,0,1,40,46,False,,synthetic,True,2,True
2026-09-17T12:35:14.764453+00:00,synthetic,synth_gen_HESITANT_REPEAT,synthetic,861,16,4810.3,149.0,0,0.6862,0,0,14,1,66034.65069473682,1,0,4,6,0,1,52,50,False,,synthetic,True,2,True
2026-09-17T12:35:14.764453+00:00,synthetic,synth_gen_HESITANT_REPEAT,synthetic,862,1,4572.9,76.7,0,0.5716,0.0706,0,14,1,61499.190950405675,1,0,4,7,0,1,8,3,False,,synthetic,True,2,True
2026-09-17T12:35:14.764453+00:00,synthetic,synth_gen_HESITANT_REPEAT,synthetic,863,2,4954.6,64.3,0,0.7937,0,0,6,1,78393.36663275286,1,0,1,20,0,1,48,63,False,,synthetic,True,2,True
2026-09-17T12:35:14.764453+00:00,synthetic,synth_gen_HESITANT_REPEAT,synthetic,864,38,5999,149.5,0,0.4518,0.358,0,14,3,57813.63626022737,1,0,6,1,0,1,25,29,False,,synthetic,True,2,True
2026-09-17T12:35:14.764453+00:00,synthetic,synth_gen_HESITANT_REPEAT,synthetic,865,40,2156.4,149.9,0,0.9559,0,0,7,1,20653.432709040302,1,0,2,15,0,1,14,10,False,,synthetic,True,2,True
2026-09-17T12:35:14.764453+00:00,synthetic,synth_gen_HESITANT_REPEAT,synthetic,866,22,500,94.9,0,0.2907,0.246,0,7,1,49163.298182647726,1,0,3,4,0,1,57,55,False,,synthetic,True,2,True
2026-09-17T12:35:14.764453+00:00,synthetic,synth_gen_HESITANT_REPEAT,synthetic,867,48,3548.5,177.9,0,0.7456,0.4324,0,5,1,35714.63068012602,1,0,5,17,0,1,17,27,False,,synthetic,True,2,True
2026-09-17T12:35:14.764453+00:00,synthetic,synth_gen_HESITANT_REPEAT,synthetic,868,49,4913.4,96.6,0,0.5826,0.1974,0,2,5,12874.146568304122,1,0,5,15,0,1,10,9,False,,synthetic,True,2,True
2026-09-17T12:35:14.764453+00:00,synthetic,synth_gen_HESITANT_REPEAT,synthetic,869,8,4305.3,95.3,0,0.1968,0,0,11,4,50118.26138545833,1,0,1,1,0,1,5,15,False,,synthetic,True,2,True
2026-09-17T12:35:14.764453+00:00,synthetic,synth_gen_HESITANT_REPEAT,synthetic,870,41,2156.5,83.2,0,0.7761,0.0628,0,7,2,13526.569448982664,1,0,3,19,0,1,61,55,False,,synthetic,True,2,True
2026-09-17T12:35:14.764453+00:00,synthetic,synth_gen_HESITANT_REPEAT,synthetic,871,24,1261.5,192.6,0,0.909,0.6168,0,12,4,15286.036361516379,1,0,4,4,0,1,45,43,False,,synthetic,True,2,True
2026-09-17T12:35:14.764453+00:00,synthetic,synth_gen_HESITANT_REPEAT,synthetic,872,17,5999,97.4,0,0.3311,0.1057,0,4,3,7896.515143583723,1,0,5,4,0,1,38,33,False,,synthetic,True,2,True
2026-09-17T12:35:14.764453+00:00,synthetic,synth_gen_HESITANT_REPEAT,synthetic,873,18,5999,33.8,0,0.6466,0.0217,0,7,1,55069.14537473442,1,0,2,20,0,1,30,28,False,,synthetic,True,2,True
2026-09-17T12:35:14.764453+00:00,synthetic,synth_gen_HESITANT_REPEAT,synthetic,874,45,1556.6,222.3,0,0,0.3291,0,6,5,32168.38938595085,1,0,5,5,0,1,32,43,False,,synthetic,True,2,True
2026-09-17T12:35:14.764453+00:00,synthetic,synth_gen_HESITANT_REPEAT,synthetic,875,20,2276.6,108.7,0,0.194,0.4679,0,15,5,73852.01061037452,1,0,1,19,0,1,50,62,False,,synthetic,True,2,True
2026-09-17T12:35:14.764453+00:00,synthetic,synth_gen_HESITANT_REPEAT,synthetic,876,5,2640.0,161.3,0,0,0.5109,0,7,4,40877.412296928116,1,0,2,4,0,1,19,31,False,,synthetic,True,2,True
2026-09-17T12:35:14.764453+00:00,synthetic,synth_gen_HESITANT_REPEAT,synthetic,877,33,2685.9,209.1,0,0.1355,0.619,0,5,3,6258.807780732361,1,0,2,8,0,1,63,59,False,,synthetic,True,2,True
2026-09-17T12:35:14.764453+00:00,synthetic,synth_gen_HESITANT_REPEAT,synthetic,878,10,2256.2,120.5,0,0.7725,0.641,0,2,2,45314.17707690939,1,0,3,10,0,1,63,60,False,,synthetic,True,2,True
2026-09-17T12:35:14.764453+00:00,synthetic,synth_gen_HESITANT_REPEAT,synthetic,879,22,5999,94.0,0,0.4472,0.3096,0,14,5,7296.504124403533,1,0,1,9,0,1,39,36,False,,synthetic,True,2,True
2026-09-17T12:35:14.764453+00:00,synthetic,synth_gen_HESITANT_REPEAT,synthetic,880,42,2612.4,142.5,0,0.0215,0.7682,0,3,2,79439.00867102477,1,0,1,7,0,1,40,44,False,,synthetic,True,2,True
2026-09-17T12:35:14.764453+00:00,synthetic,synth_gen_HESITANT_REPEAT,synthetic,881,37,3858.1,138.7,0,0,0.5314,0,9,1,24149.30824051243,1,0,1,10,0,1,1,12,False,,synthetic,True,2,True
2026-09-17T12:35:14.764453+00:00,synthetic,synth_gen_HESITANT_REPEAT,synthetic,882,44,500,68.5,0,0.0162,0.3055,0,1,5,52095.241259333576,1,0,2,2,0,1,54,49,False,,synthetic,True,2,True
2026-09-17T12:35:14.764453+00:00,synthetic,synth_gen_HESITANT_REPEAT,synthetic,883,30,759.4,100.9,0,0.2788,0.6536,0,7,4,86385.33053104799,1,0,6,4,0,1,37,39,False,,synthetic,True,2,True
2026-09-17T12:35:14.764453+00:00,synthetic,synth_gen_HESITANT_REPEAT,synthetic,884,21,1633.1,51.5,0,0.5539,0.357,0,1,3,43789.90299865305,1,0,1,19,0,1,41,39,False,,synthetic,True,2,True
2026-09-17T12:35:14.764453+00:00,synthetic,synth_gen_HESITANT_REPEAT,synthetic,885,21,1434.4,178.3,0,0.4079,0.254,0,7,5,42162.495276044734,1,0,5,9,0,1,63,54,False,,synthetic,True,2,True
2026-09-17T12:35:14.764453+00:00,synthetic,synth_gen_HESITANT_REPEAT,synthetic,886,34,1313.8,69.6,0,0.6461,0.2755,0,6,3,39995.97908241064,1,0,5,8,0,1,53,54,False,,synthetic,True,2,True
2026-09-17T12:35:14.764453+00:00,synthetic,synth_gen_HESITANT_REPEAT,synthetic,887,47,1427.7,91.6,0,0.4339,0.2443,0,12,1,22112.870012502273,1,0,4,4,0,1,5,0,False,,synthetic,True,2,True
2026-09-17T12:35:14.764453+00:00,synthetic,synth_gen_HESITANT_REPEAT,synthetic,888,20,3795.0,82.2,0,0.3891,0.2942,0,6,3,17391.758166273958,1,0,2,7,0,1,8,12,False,,synthetic,True,2,True
2026-09-17T12:35:14.764453+00:00,synthetic,synth_gen_HESITANT_REPEAT,synthetic,889,33,1522.6,81.4,0,0.5173,0,0,4,1,78131.10018338313,1,0,5,1,0,1,42,47,False,,synthetic,True,2,True
2026-09-17T12:35:14.764453+00:00,synthetic,synth_gen_HESITANT_REPEAT,synthetic,890,20,1857.2,40.1,0,0.3696,0.4355,0,10,2,5395.959051433334,1,0,2,1,0,1,26,24,False,,synthetic,True,2,True
2026-09-17T12:35:14.764453+00:00,synthetic,synth_gen_HESITANT_REPEAT,synthetic,891,46,1368.7,109.2,0,0,0,0,15,5,1418.9928280659497,1,0,2,0,0,1,4,2,False,,synthetic,True,2,True
2026-09-17T12:35:14.764453+00:00,synthetic,synth_gen_HESITANT_REPEAT,synthetic,892,24,2811.5,124.6,0,0.6938,0.7635,0,11,3,55848.51401920758,1,0,6,13,0,1,57,63,False,,synthetic,True,2,True
2026-09-17T12:35:14.764453+00:00,synthetic,synth_gen_HESITANT_REPEAT,synthetic,893,17,2054.3,85.7,0,0.3763,0.3049,0,12,2,29744.022981334256,1,0,3,15,0,1,11,0,False,,synthetic,True,2,True
2026-09-17T12:35:14.764453+00:00,synthetic,synth_gen_HESITANT_REPEAT,synthetic,894,43,5999,123.1,0,0.3986,0.3289,0,13,1,41168.79505892447,1,0,4,6,0,1,7,3,False,,synthetic,True,2,True
2026-09-17T12:35:14.764453+00:00,synthetic,synth_gen_HESITANT_REPEAT,synthetic,895,27,3057.0,71.5,0,0.4569,0.3389,0,3,2,41677.40937191625,1,0,1,11,0,1,32,33,False,,synthetic,True,2,True
2026-09-17T12:35:14.764453+00:00,synthetic,synth_gen_HESITANT_REPEAT,synthetic,896,5,1589.3,90.5,0,0.7165,0.7931,0,2,4,48368.44744791937,1,0,6,20,0,1,5,9,False,,synthetic,True,2,True
2026-09-17T12:35:14.764453+00:00,synthetic,synth_gen_HESITANT_REPEAT,synthetic,897,9,5999,129.3,0,0.2038,0.4997,0,12,1,7368.422771331835,1,0,5,8,0,1,27,19,False,,synthetic,True,2,True
2026-09-17T12:35:14.764453+00:00,synthetic,synth_gen_HESITANT_REPEAT,synthetic,898,22,3507.5,174.1,0,0.2349,0.5293,0,3,4,58403.958825728645,1,0,4,2,0,1,52,51,False,,synthetic,True,2,True
2026-09-17T12:35:14.764453+00:00,synthetic,synth_gen_HESITANT_REPEAT,synthetic,899,24,3315.5,137.6,0,0.8126,0.4484,0,4,5,11874.85041646023,1,0,6,4,0,1,8,11,False,,synthetic,True,2,True
2026-09-17T12:35:14.764453+00:00,synthetic,synth_gen_HESITANT_REPEAT,synthetic,900,44,2475.2,113.8,0,1,0,0,5,2,47271.21708358329,1,0,2,12,0,1,23,20,False,,synthetic,True,2,True
2026-09-17T12:35:14.764453+00:00,synthetic,synth_gen_HESITANT_REPEAT,synthetic,901,5,1526.8,69.0,0,0.3161,0.0193,0,8,2,12334.759292911522,1,0,3,16,0,1,29,17,False,,synthetic,True,2,True
2026-09-17T12:35:14.764453+00:00,synthetic,synth_gen_HESITANT_REPEAT,synthetic,902,25,2955.7,83.1,0,0.6102,0,0,8,4,24762.81178085079,1,0,1,3,0,1,23,27,False,,synthetic,True,2,True
2026-09-17T12:35:14.764453+00:00,synthetic,synth_gen_HESITANT_REPEAT,synthetic,903,14,5999,150.5,0,0.0629,0.6525,0,9,4,1875.7704385733537,1,0,2,19,0,1,55,48,False,,synthetic,True,2,True
2026-09-17T12:35:14.764453+00:00,synthetic,synth_gen_HESITANT_REPEAT,synthetic,904,8,3365.4,84.2,0,0.6251,0.2482,0,10,2,41912.993140399434,1,0,2,16,0,1,19,29,False,,synthetic,True,2,True
2026-09-17T12:35:14.764453+00:00,synthetic,synth_gen_HESITANT_REPEAT,synthetic,905,33,1730.6,83.7,0,0.6949,0.3462,0,4,2,81979.04697239163,1,0,3,14,0,1,34,36,False,,synthetic,True,2,True
2026-09-17T12:35:14.764453+00:00,synthetic,synth_gen_HESITANT_REPEAT,synthetic,906,48,5999,74.8,0,0,0.3708,0,1,4,13203.909107191259,1,0,2,15,0,1,23,17,False,,synthetic,True,2,True
2026-09-17T12:35:14.764453+00:00,synthetic,synth_gen_HESITANT_REPEAT,synthetic,907,15,2093.6,79.6,0,0.969,0.1347,0,10,5,21263.584606881923,1,0,1,7,0,1,54,56,False,,synthetic,True,2,True
2026-09-17T12:35:14.764453+00:00,synthetic,synth_gen_HESITANT_REPEAT,synthetic,908,28,3402.0,216.1,0,0.6512,0.2754,0,10,4,62589.43683344695,1,0,1,18,0,1,53,54,False,,synthetic,True,2,True
2026-09-17T12:35:14.764453+00:00,synthetic,synth_gen_HESITANT_REPEAT,synthetic,909,12,500,53.5,0,0.5342,0.3647,0,14,5,65297.01516431175,1,0,3,0,0,1,31,23,False,,synthetic,True,2,True
2026-09-17T12:35:14.764453+00:00,synthetic,synth_gen_HESITANT_REPEAT,synthetic,910,25,2635.3,66.9,0,0.677,0.3835,0,15,4,78926.94964988007,1,0,4,15,0,1,12,7,False,,synthetic,True,2,True
2026-09-17T12:35:14.764453+00:00,synthetic,synth_gen_HESITANT_REPEAT,synthetic,911,35,1655.3,180.7,0,0.3245,0.6354,0,4,1,32623.90739040246,1,0,1,3,0,1,5,6,False,,synthetic,True,2,True
2026-09-17T12:35:14.764453+00:00,synthetic,synth_gen_HESITANT_REPEAT,synthetic,912,48,1520.6,205.0,0,0.2043,0.6459,0,15,3,68085.63054125075,1,0,5,16,0,1,45,33,False,,synthetic,True,2,True
2026-09-17T12:35:14.764453+00:00,synthetic,synth_gen_HESITANT_REPEAT,synthetic,913,9,1451.1,172.9,0,0.5111,0.4339,0,2,1,58250.16976957246,1,0,1,18,0,1,44,35,False,,synthetic,True,2,True
2026-09-17T12:35:14.764453+00:00,synthetic,synth_gen_HESITANT_REPEAT,synthetic,914,18,1863.0,137.1,0,0.9387,0.2738,0,8,4,10416.00153394895,1,0,6,7,0,1,35,34,False,,synthetic,True,2,True
2026-09-17T12:35:14.764453+00:00,synthetic,synth_gen_HESITANT_REPEAT,synthetic,915,27,5523.8,90.5,0,0.1559,0.4757,0,14,3,78898.24731769355,1,0,2,18,0,1,60,62,False,,synthetic,True,2,True
2026-09-17T12:35:14.764453+00:00,synthetic,synth_gen_HESITANT_REPEAT,synthetic,916,41,2983.3,143.4,0,0.7124,0.5144,0,15,1,6765.9306560174655,1,0,1,19,0,1,13,1,False,,synthetic,True,2,True
2026-09-17T12:35:14.764453+00:00,synthetic,synth_gen_HESITANT_REPEAT,synthetic,917,44,3424.9,168.4,0,0.5034,0.3583,0,14,2,75483.32367852262,1,0,4,16,0,1,21,27,False,,synthetic,True,2,True
2026-09-17T12:35:14.764453+00:00,synthetic,synth_gen_HESITANT_REPEAT,synthetic,918,23,4812.1,112.6,0,0.6906,0.2524,0,14,2,41200.747967632095,1,0,5,11,0,1,23,24,False,,synthetic,True,2,True
2026-09-17T12:35:14.764453+00:00,synthetic,synth_gen_HESITANT_REPEAT,synthetic,919,11,1180.7,81.0,0,0.7021,0.3141,0,3,2,47414.72590806434,1,0,3,8,0,1,34,38,False,,synthetic,True,2,True
2026-09-17T12:35:14.764453+00:00,synthetic,synth_gen_HESITANT_REPEAT,synthetic,920,16,1525.0,86.2,0,1,0.4182,0,4,2,485.3077063836011,1,0,5,6,0,1,33,42,False,,synthetic,True,2,True
2026-09-17T12:35:14.764453+00:00,synthetic,synth_gen_HESITANT_REPEAT,synthetic,921,36,1631.5,119.4,0,0,0.0512,0,15,2,61955.319579407216,1,0,3,3,0,1,43,35,False,,synthetic,True,2,True
2026-09-17T12:35:14.764453+00:00,synthetic,synth_gen_HESITANT_REPEAT,synthetic,922,32,5089.4,303.6,0,0.8754,0.4918,0,6,2,57967.23246485251,1,0,5,19,0,1,6,12,False,,synthetic,True,2,True
2026-09-17T12:35:14.764453+00:00,synthetic,synth_gen_HESITANT_REPEAT,synthetic,923,39,2652.1,266.9,0,0.7975,0.1045,0,11,3,44010.84312187846,1,0,4,18,0,1,25,27,False,,synthetic,True,2,True
2026-09-17T12:35:14.764453+00:00,synthetic,synth_gen_HESITANT_REPEAT,synthetic,924,10,1874.0,74.0,0,1,0.575,0,7,4,52497.24076132748,1,0,6,7,0,1,21,20,False,,synthetic,True,2,True
2026-09-17T12:35:14.764453+00:00,synthetic,synth_gen_HESITANT_REPEAT,synthetic,925,25,4656.6,115.9,0,0.5479,0.0941,0,14,1,6048.056674565893,1,0,5,1,0,1,40,36,False,,synthetic,True,2,True
2026-09-17T12:35:14.764453+00:00,synthetic,synth_gen_HESITANT_REPEAT,synthetic,926,8,666.0,88.9,0,0.0654,0.8271,0,7,5,2120.3478804677948,1,0,1,4,0,1,36,38,False,,synthetic,True,2,True
2026-09-17T12:35:14.764453+00:00,synthetic,synth_gen_HESITANT_REPEAT,synthetic,927,12,910.6,170.0,0,0.2272,0.2465,0,9,5,64773.853028235746,1,0,6,19,0,1,10,13,False,,synthetic,True,2,True
2026-09-17T12:35:14.764453+00:00,synthetic,synth_gen_HESITANT_REPEAT,synthetic,928,20,500,128.9,0,0.7939,0,0,9,5,57989.693197831984,1,0,2,4,0,1,27,28,False,,synthetic,True,2,True
2026-09-17T12:35:14.764453+00:00,synthetic,synth_gen_HESITANT_REPEAT,synthetic,929,36,2752.1,51.1,0,0.4545,0,0,4,4,82042.10695921922,1,0,5,5,0,1,22,20,False,,synthetic,True,2,True
2026-09-17T12:35:14.764453+00:00,synthetic,synth_gen_HESITANT_REPEAT,synthetic,930,8,1965.5,30,0,0.5616,0.3655,0,7,2,9936.703137578186,1,0,3,20,0,1,13,11,False,,synthetic,True,2,True
2026-09-17T12:35:14.764453+00:00,synthetic,synth_gen_HESITANT_REPEAT,synthetic,931,46,5397.4,206.2,0,0.8186,0,0,12,3,24108.495267722676,1,0,4,15,0,1,42,35,False,,synthetic,True,2,True
2026-09-17T12:35:14.764453+00:00,synthetic,synth_gen_HESITANT_REPEAT,synthetic,932,41,5001.6,45.2,0,1,0.121,0,5,5,70742.59339573112,1,0,3,18,0,1,39,37,False,,synthetic,True,2,True
2026-09-17T12:35:14.764453+00:00,synthetic,synth_gen_HESITANT_REPEAT,synthetic,933,45,3008.7,133.7,0,0.8995,0.3952,0,3,2,66921.58259775149,1,0,4,17,0,1,61,52,False,,synthetic,True,2,True
2026-09-17T12:35:14.764453+00:00,synthetic,synth_gen_HESITANT_REPEAT,synthetic,934,10,4931.5,122.1,0,0,0.5654,0,12,4,40708.56499680116,1,0,6,14,0,1,19,26,False,,synthetic,True,2,True
2026-09-17T12:35:14.764453+00:00,synthetic,synth_gen_HESITANT_REPEAT,synthetic,935,6,2981.4,53.1,0,0.7182,0.377,0,13,4,22197.078712041915,1,0,6,12,0,1,19,16,False,,synthetic,True,2,True
2026-09-17T12:35:14.764453+00:00,synthetic,synth_gen_HESITANT_REPEAT,synthetic,936,10,1720.1,101.2,0,1,0.3229,0,14,5,51467.06707144799,1,0,5,17,0,1,38,35,False,,synthetic,True,2,True
2026-09-17T12:35:14.764453+00:00,synthetic,synth_gen_HESITANT_REPEAT,synthetic,937,34,1733.5,282.0,0,0.0816,0.2346,0,7,3,70310.1736644764,1,0,3,7,0,1,56,55,False,,synthetic,True,2,True
2026-09-17T12:35:14.764453+00:00,synthetic,synth_gen_HESITANT_REPEAT,synthetic,938,42,1385.0,79.6,0,0.3121,0.4324,0,4,5,74831.49776240376,1,0,3,0,0,1,11,9,False,,synthetic,True,2,True
2026-09-17T12:35:14.764453+00:00,synthetic,synth_gen_HESITANT_REPEAT,synthetic,939,21,5245.3,72.6,0,0.2524,0.648,0,6,1,31512.312524240406,1,0,3,20,0,1,35,44,False,,synthetic,True,2,True
2026-09-17T12:35:14.764453+00:00,synthetic,synth_gen_HESITANT_REPEAT,synthetic,940,15,2653.2,51.2,0,0.1538,0.2344,0,4,3,48868.83064277245,1,0,1,14,0,1,37,42,False,,synthetic,True,2,True
2026-09-17T12:35:14.764453+00:00,synthetic,synth_gen_HESITANT_REPEAT,synthetic,941,42,5919.1,92.2,0,0.2033,0.3882,0,11,3,65755.0434778554,1,0,3,19,0,1,13,2,False,,synthetic,True,2,True
2026-09-17T12:35:14.764453+00:00,synthetic,synth_gen_HESITANT_REPEAT,synthetic,942,16,2491.3,75.5,0,0,0.1137,0,7,3,39753.40731095484,1,0,2,0,0,1,28,27,False,,synthetic,True,2,True
2026-09-17T12:35:14.764453+00:00,synthetic,synth_gen_HESITANT_REPEAT,synthetic,943,5,5999,72.4,0,0.0488,0,0,9,3,71616.2597743809,1,0,5,17,0,1,27,17,False,,synthetic,True,2,True
2026-09-17T12:35:14.764453+00:00,synthetic,synth_gen_HESITANT_REPEAT,synthetic,944,20,955.8,63.6,0,0.3366,0,0,12,1,66627.25160415978,1,0,2,14,0,1,5,9,False,,synthetic,True,2,True
2026-09-17T12:35:14.764453+00:00,synthetic,synth_gen_HESITANT_REPEAT,synthetic,945,33,5948.6,101.8,0,1,0.2614,0,10,5,22884.19548367939,1,0,4,20,0,1,6,15,False,,synthetic,True,2,True
2026-09-17T12:35:14.764453+00:00,synthetic,synth_gen_HESITANT_REPEAT,synthetic,946,28,5999,148.8,0,0.3191,0.1318,0,9,3,15082.618259125931,1,0,4,1,0,1,25,31,False,,synthetic,True,2,True
2026-09-17T12:35:14.764453+00:00,synthetic,synth_gen_HESITANT_REPEAT,synthetic,947,5,1290.2,87.1,0,0.9376,0.2219,0,14,3,34723.68304470007,1,0,4,16,0,1,17,25,False,,synthetic,True,2,True
2026-09-17T12:35:14.764453+00:00,synthetic,synth_gen_HESITANT_REPEAT,synthetic,948,0,2862.7,114.4,0,0.5264,0,0,8,2,79151.43260888626,1,0,3,7,0,1,23,16,False,,synthetic,True,2,True
2026-09-17T12:35:14.764453+00:00,synthetic,synth_gen_HESITANT_REPEAT,synthetic,949,45,3203.1,179.8,0,0.2084,0.0528,0,9,2,47288.6454870335,1,0,5,15,0,1,52,59,False,,synthetic,True,2,True
2026-09-17T12:35:14.764453+00:00,synthetic,synth_gen_HESITANT_REPEAT,synthetic,950,18,5999,202.2,0,0.7976,0.0805,0,10,5,55473.270456573795,1,0,6,2,0,1,27,23,False,,synthetic,True,2,True
2026-09-17T12:35:14.764453+00:00,synthetic,synth_gen_HESITANT_REPEAT,synthetic,951,15,1399.2,109.0,0,0.9454,0.6641,0,9,5,44252.676207386314,1,0,5,17,0,1,58,61,False,,synthetic,True,2,True
2026-09-17T12:35:14.764453+00:00,synthetic,synth_gen_HESITANT_REPEAT,synthetic,952,28,2074.7,70.8,0,0.499,0,0,14,5,27344.709015448985,1,0,4,8,0,1,36,45,False,,synthetic,True,2,True
2026-09-17T12:35:14.764453+00:00,synthetic,synth_gen_HESITANT_REPEAT,synthetic,953,14,5999,63.3,0,0.6543,0.4618,0,5,3,64389.60519021359,1,0,5,11,0,1,12,15,False,,synthetic,True,2,True
2026-09-17T12:35:14.764453+00:00,synthetic,synth_gen_HESITANT_REPEAT,synthetic,954,32,1798.9,75.0,0,0.1844,0.3938,0,8,2,33109.93171791067,1,0,5,1,0,1,40,47,False,,synthetic,True,2,True
2026-09-17T12:35:14.764453+00:00,synthetic,synth_gen_HESITANT_REPEAT,synthetic,955,12,872.5,84.9,0,1,0.6569,0,1,5,40842.441290790084,1,0,6,4,0,1,7,8,False,,synthetic,True,2,True
2026-09-17T12:35:14.764453+00:00,synthetic,synth_gen_HESITANT_REPEAT,synthetic,956,29,1980.0,104.7,0,0.7895,0.1856,0,14,5,37994.58945665475,1,0,1,1,0,1,42,44,False,,synthetic,True,2,True
2026-09-17T12:35:14.764453+00:00,synthetic,synth_gen_HESITANT_REPEAT,synthetic,957,24,3993.9,62.1,0,0.6746,0.3881,0,9,5,46076.23664094115,1,0,4,11,0,1,43,35,False,,synthetic,True,2,True
2026-09-17T12:35:14.764453+00:00,synthetic,synth_gen_HESITANT_REPEAT,synthetic,958,24,882.3,135.0,0,0.9124,0.2131,0,2,5,5936.74556512449,1,0,2,13,0,1,24,23,False,,synthetic,True,2,True
2026-09-17T12:35:14.764453+00:00,synthetic,synth_gen_HESITANT_REPEAT,synthetic,959,28,1429.0,102.9,0,0.4122,0,0,14,1,51446.928439609765,1,0,1,11,0,1,54,52,False,,synthetic,True,2,True
2026-09-17T12:35:14.764453+00:00,synthetic,synth_gen_HESITANT_REPEAT,synthetic,960,36,5999,225.3,0,0.6525,0.0585,0,5,1,498.03107811016963,1,0,5,12,0,1,37,33,False,,synthetic,True,2,True
2026-09-17T12:35:14.764453+00:00,synthetic,synth_gen_HESITANT_REPEAT,synthetic,961,33,1529.7,92.3,0,1,0.7857,0,4,1,36035.996053700175,1,0,1,16,0,1,12,15,False,,synthetic,True,2,True
2026-09-17T12:35:14.764453+00:00,synthetic,synth_gen_HESITANT_REPEAT,synthetic,962,33,1170.8,30,0,0.6194,0.2386,0,4,4,71221.52129054631,1,0,5,8,0,1,46,42,False,,synthetic,True,2,True
2026-09-17T12:35:14.764453+00:00,synthetic,synth_gen_HESITANT_REPEAT,synthetic,963,7,2353.0,47.0,0,0.8105,0.1902,0,13,5,23475.947524557578,1,0,6,18,0,1,31,25,False,,synthetic,True,2,True
2026-09-17T12:35:14.764453+00:00,synthetic,synth_gen_HESITANT_REPEAT,synthetic,964,34,1356.1,82.2,0,1,0.1892,0,5,5,77717.3343622701,1,0,2,8,0,1,34,47,False,,synthetic,True,2,True
2026-09-17T12:35:14.764453+00:00,synthetic,synth_gen_HESITANT_REPEAT,synthetic,965,11,1636.1,66.6,0,0.4257,0.1041,0,13,4,83406.48315264138,1,0,4,0,0,1,18,25,False,,synthetic,True,2,True
2026-09-17T12:35:14.764453+00:00,synthetic,synth_gen_HESITANT_REPEAT,synthetic,966,12,3141.8,38.5,0,0.3692,0.0993,0,2,4,11293.659036244886,1,0,4,16,0,1,1,2,False,,synthetic,True,2,True
2026-09-17T12:35:14.764453+00:00,synthetic,synth_gen_HESITANT_REPEAT,synthetic,967,46,3039.5,72.5,0,0.0697,0.3498,0,1,4,61883.0188149925,1,0,3,3,0,1,52,56,False,,synthetic,True,2,True
2026-09-17T12:35:14.764453+00:00,synthetic,synth_gen_HESITANT_REPEAT,synthetic,968,33,1355.7,90.4,0,0.1804,0.065,0,12,5,24126.28994468515,1,0,1,16,0,1,27,18,False,,synthetic,True,2,True
2026-09-17T12:35:14.764453+00:00,synthetic,synth_gen_HESITANT_REPEAT,synthetic,969,28,1819.6,63.2,0,0,0.5604,0,14,3,3678.548261777478,1,0,2,1,0,1,58,54,False,,synthetic,True,2,True
2026-09-17T12:35:14.764453+00:00,synthetic,synth_gen_HESITANT_REPEAT,synthetic,970,13,1910.0,164.4,0,0.2522,0.1523,0,5,2,11065.870969952784,1,0,2,14,0,1,11,5,False,,synthetic,True,2,True
2026-09-17T12:35:14.764453+00:00,synthetic,synth_gen_HESITANT_REPEAT,synthetic,971,41,1403.4,70.8,0,0.1437,0.5582,0,14,2,49789.76257297765,1,0,6,7,0,1,62,53,False,,synthetic,True,2,True
2026-09-17T12:35:14.764453+00:00,synthetic,synth_gen_HESITANT_REPEAT,synthetic,972,39,2478.8,76.1,0,0.3219,0.1803,0,8,5,76532.82121212702,1,0,4,6,0,1,5,7,False,,synthetic,True,2,True
2026-09-17T12:35:14.764453+00:00,synthetic,synth_gen_HESITANT_REPEAT,synthetic,973,4,1796.6,160.0,0,0.7129,0.1721,0,13,4,52197.48604942938,1,0,5,5,0,1,30,21,False,,synthetic,True,2,True
2026-09-17T12:35:14.764453+00:00,synthetic,synth_gen_HESITANT_REPEAT,synthetic,974,10,2338.2,30,0,0,0.504,0,9,4,2358.519260511687,1,0,1,3,0,1,29,24,False,,synthetic,True,2,True
2026-09-17T12:35:14.764453+00:00,synthetic,synth_gen_HESITANT_REPEAT,synthetic,975,4,2387.3,86.0,0,0.4048,0,0,8,1,40530.232235318595,1,0,2,10,0,1,17,27,False,,synthetic,True,2,True
2026-09-17T12:35:14.764453+00:00,synthetic,synth_gen_HESITANT_REPEAT,synthetic,976,3,3030.8,100.8,0,0.1914,0,0,1,1,398.78729460769085,1,0,1,12,0,1,34,46,False,,synthetic,True,2,True
2026-09-17T12:35:14.764453+00:00,synthetic,synth_gen_HESITANT_REPEAT,synthetic,977,19,5999,64.7,0,0.549,0.0584,0,5,3,13378.393656192884,1,0,2,6,0,1,26,19,False,,synthetic,True,2,True
2026-09-17T12:35:14.764453+00:00,synthetic,synth_gen_HESITANT_REPEAT,synthetic,978,5,3798.1,125.4,0,0,0.4683,0,13,5,81373.3607970371,1,0,1,7,0,1,6,12,False,,synthetic,True,2,True
2026-09-17T12:35:14.764453+00:00,synthetic,synth_gen_HESITANT_REPEAT,synthetic,979,13,4370.8,48.9,0,0.497,0.3898,0,8,1,23156.409946977983,1,0,2,5,0,1,55,53,False,,synthetic,True,2,True
2026-09-17T12:35:14.764453+00:00,synthetic,synth_gen_HESITANT_REPEAT,synthetic,980,30,1660.6,123.7,0,0.5544,0.3836,0,14,5,302.1146691963008,1,0,6,15,0,1,44,33,False,,synthetic,True,2,True
2026-09-17T12:35:14.764453+00:00,synthetic,synth_gen_HESITANT_REPEAT,synthetic,981,1,4572.0,115.6,0,0.1584,0.8166,0,12,4,43954.855411145225,1,0,6,5,0,1,59,58,False,,synthetic,True,2,True
2026-09-17T12:35:14.764453+00:00,synthetic,synth_gen_HESITANT_REPEAT,synthetic,982,2,637.6,72.3,0,0.4666,0.8657,0,4,2,70985.383051081,1,0,6,13,0,1,20,27,False,,synthetic,True,2,True
2026-09-17T12:35:14.764453+00:00,synthetic,synth_gen_HESITANT_REPEAT,synthetic,983,26,5999,114.2,0,1,0.0741,0,3,2,6638.690878411154,1,0,3,19,0,1,13,6,False,,synthetic,True,2,True
2026-09-17T12:35:14.764453+00:00,synthetic,synth_gen_HESITANT_REPEAT,synthetic,984,12,972.5,202.8,0,0.8147,0,0,11,3,85053.91428917406,1,0,4,17,0,1,32,40,False,,synthetic,True,2,True
2026-09-17T12:35:14.764453+00:00,synthetic,synth_gen_HESITANT_REPEAT,synthetic,985,47,2263.6,55.7,0,0.3263,0.2823,0,1,5,26790.853247798528,1,0,3,1,0,1,44,33,False,,synthetic,True,2,True
2026-09-17T12:35:14.764453+00:00,synthetic,synth_gen_HESITANT_REPEAT,synthetic,986,27,2651.8,118.7,0,0.5968,0.4001,0,2,4,78737.94088894717,1,0,4,2,0,1,18,21,False,,synthetic,True,2,True
2026-09-17T12:35:14.764453+00:00,synthetic,synth_gen_HESITANT_REPEAT,synthetic,987,1,4067.8,77.7,0,0.9933,0.2667,0,11,4,77422.11397908926,1,0,1,19,0,1,25,22,False,,synthetic,True,2,True
2026-09-17T12:35:14.764453+00:00,synthetic,synth_gen_HESITANT_REPEAT,synthetic,988,46,1889.8,58.4,0,1,0,0,10,1,33996.40928237373,1,0,3,4,0,1,30,17,False,,synthetic,True,2,True
2026-09-17T12:35:14.764453+00:00,synthetic,synth_gen_HESITANT_REPEAT,synthetic,989,49,2995.8,87.3,0,0.6345,0.3463,0,9,5,10850.811321731044,1,0,2,6,0,1,24,31,False,,synthetic,True,2,True
2026-09-17T12:35:14.764453+00:00,synthetic,synth_gen_HESITANT_REPEAT,synthetic,990,2,1546.2,151.3,0,0.985,0.1436,0,11,4,5050.38680594434,1,0,6,9,0,1,53,60,False,,synthetic,True,2,True
2026-09-17T12:35:14.764453+00:00,synthetic,synth_gen_HESITANT_REPEAT,synthetic,991,38,3269.6,175.3,0,0.3558,0,0,6,2,43528.889802146,1,0,3,7,0,1,6,8,False,,synthetic,True,2,True
2026-09-17T12:35:14.764453+00:00,synthetic,synth_gen_HESITANT_REPEAT,synthetic,992,27,2168.1,147.7,0,0.2756,0.2992,0,15,4,42884.5241195807,1,0,2,15,0,1,49,56,False,,synthetic,True,2,True
2026-09-17T12:35:14.764453+00:00,synthetic,synth_gen_HESITANT_REPEAT,synthetic,993,14,5999,108.5,0,0.4956,0,0,13,2,51818.463652705825,1,0,1,4,0,1,51,52,False,,synthetic,True,2,True
2026-09-17T12:35:14.764453+00:00,synthetic,synth_gen_HESITANT_REPEAT,synthetic,994,26,554.8,151.3,0,0.7384,0.2488,0,4,1,38604.96906960574,1,0,6,13,0,1,35,41,False,,synthetic,True,2,True
2026-09-17T12:35:14.764453+00:00,synthetic,synth_gen_HESITANT_REPEAT,synthetic,995,27,3589.6,208.4,0,0.8456,0.2102,0,9,3,21319.147928388462,1,0,5,0,0,1,2,6,False,,synthetic,True,2,True
2026-09-17T12:35:14.764453+00:00,synthetic,synth_gen_HESITANT_REPEAT,synthetic,996,11,5999,191.3,0,0.8259,0.1278,0,13,5,12032.913020867183,1,0,4,2,0,1,4,14,False,,synthetic,True,2,True
2026-09-17T12:35:14.764453+00:00,synthetic,synth_gen_HESITANT_REPEAT,synthetic,997,2,3228.9,123.0,0,0.1958,0,0,1,3,35049.80940149903,1,0,1,4,0,1,32,36,False,,synthetic,True,2,True
2026-09-17T12:35:14.764453+00:00,synthetic,synth_gen_HESITANT_REPEAT,synthetic,998,2,500,209.2,0,0.2356,0.1148,0,8,2,81699.09097634286,1,0,5,14,0,1,23,28,False,,synthetic,True,2,True
2026-09-17T12:35:14.764453+00:00,synthetic,synth_gen_HESITANT_REPEAT,synthetic,999,44,1236.7,39.4,0,0,0.52,0,5,1,12218.65007919759,1,0,1,7,0,1,22,24,False,,synthetic,True,2,True
2026-09-17T12:35:14.764453+00:00,synthetic,synth_gen_HESITANT_REPEAT,synthetic,1000,6,3526.6,187.5,0,1,0.4001,0,9,2,10373.625385445675,1,0,5,0,0,1,20,24,False,,synthetic,True,2,True
2026-09-17T12:35:14.764453+00:00,synthetic,synth_gen_HESITANT_REPEAT,synthetic,1001,20,3932.4,61.6,0,0.9608,0.7568,0,13,1,85248.19925222134,1,0,2,4,0,1,15,7,False,,synthetic,True,2,True
2026-09-17T12:35:14.764453+00:00,synthetic,synth_gen_HESITANT_REPEAT,synthetic,1002,37,525.5,130.7,0,0.3143,0.0941,0,5,3,32895.057345248344,1,0,4,12,0,1,41,47,False,,synthetic,True,2,True
2026-09-17T12:35:14.764453+00:00,synthetic,synth_gen_HESITANT_REPEAT,synthetic,1003,13,2402.4,36.7,0,0.654,0.1715,0,5,4,44118.17915245481,1,0,4,18,0,1,15,2,False,,synthetic,True,2,True
2026-09-17T12:35:14.764453+00:00,synthetic,synth_gen_HESITANT_REPEAT,synthetic,1004,26,1188.8,68.8,0,0.6713,0.1891,0,2,4,18081.39105899146,1,0,5,14,0,1,17,23,False,,synthetic,True,2,True
2026-09-17T12:35:14.764453+00:00,synthetic,synth_gen_HESITANT_REPEAT,synthetic,1005,39,778.1,204.1,0,0.5179,0.7612,0,7,4,36273.879777880284,1,0,5,11,0,1,18,29,False,,synthetic,True,2,True
2026-09-17T12:35:14.764453+00:00,synthetic,synth_gen_HESITANT_REPEAT,synthetic,1006,20,4510.4,33.7,0,0.4642,0.4623,0,13,2,49210.26171565177,1,0,2,7,0,1,46,41,False,,synthetic,True,2,True
2026-09-17T12:35:14.764453+00:00,synthetic,synth_gen_HESITANT_REPEAT,synthetic,1007,23,5999,120.1,0,0.1909,0.2374,0,9,4,70489.31441716802,1,0,1,3,0,1,16,22,False,,synthetic,True,2,True
2026-09-17T12:35:14.764453+00:00,synthetic,synth_gen_HESITANT_REPEAT,synthetic,1008,26,5999,49.2,0,0.8515,0.5172,0,12,3,61280.06637929604,1,0,6,13,0,1,61,60,False,,synthetic,True,2,True
2026-09-17T12:35:14.764453+00:00,synthetic,synth_gen_HESITANT_REPEAT,synthetic,1009,2,2791.2,103.4,0,1,0,0,5,1,60263.06074613851,1,0,3,4,0,1,28,16,False,,synthetic,True,2,True
2026-09-17T12:35:14.764453+00:00,synthetic,synth_gen_HESITANT_REPEAT,synthetic,1010,22,1482.3,121.7,0,0.6484,0.3171,0,8,4,28926.821532100024,1,0,3,7,0,1,8,2,False,,synthetic,True,2,True
2026-09-17T12:35:14.764453+00:00,synthetic,synth_gen_HESITANT_REPEAT,synthetic,1011,11,1023.6,153.3,0,0.4035,0.3988,0,5,1,73651.3889428503,1,0,6,20,0,1,19,29,False,,synthetic,True,2,True
2026-09-17T12:35:14.764453+00:00,synthetic,synth_gen_HESITANT_REPEAT,synthetic,1012,42,2620.9,121.8,0,0.8246,0.3718,0,5,2,66158.75239474217,1,0,5,0,0,1,55,48,False,,synthetic,True,2,True
2026-09-17T12:35:14.764453+00:00,synthetic,synth_gen_HESITANT_REPEAT,synthetic,1013,2,1866.3,178.9,0,0.4643,0.2943,0,14,1,21416.96546824261,1,0,1,4,0,1,41,44,False,,synthetic,True,2,True
2026-09-17T12:35:14.764453+00:00,synthetic,synth_gen_HESITANT_REPEAT,synthetic,1014,9,1348.7,196.4,0,0.3912,0,0,5,4,55858.90141504263,1,0,4,14,0,1,23,19,False,,synthetic,True,2,True
2026-09-17T12:35:14.764453+00:00,synthetic,synth_gen_HESITANT_REPEAT,synthetic,1015,10,5999,92.1,0,0.1673,0.2608,0,8,1,27799.441132351672,1,0,1,0,0,1,53,52,False,,synthetic,True,2,True
2026-09-17T12:35:14.764453+00:00,synthetic,synth_gen_HESITANT_REPEAT,synthetic,1016,17,2055.3,71.1,0,0,0.2939,0,6,4,11402.761168586349,1,0,5,20,0,1,23,16,False,,synthetic,True,2,True
2026-09-17T12:35:14.764453+00:00,synthetic,synth_gen_HESITANT_REPEAT,synthetic,1017,47,5999,33.1,0,0.2931,0.3506,0,12,1,24373.759502187415,1,0,2,3,0,1,42,41,False,,synthetic,True,2,True
2026-09-17T12:35:14.764453+00:00,synthetic,synth_gen_HESITANT_REPEAT,synthetic,1018,45,2589.9,168.3,0,0.5991,0.3439,0,12,4,69583.3409328768,1,0,3,11,0,1,18,17,False,,synthetic,True,2,True
2026-09-17T12:35:14.764453+00:00,synthetic,synth_gen_HESITANT_REPEAT,synthetic,1019,27,1084.1,72.5,0,0.9651,0.5824,0,7,2,10230.041638111144,1,0,3,8,0,1,54,55,False,,synthetic,True,2,True
2026-09-17T12:35:14.764453+00:00,synthetic,synth_gen_HESITANT_REPEAT,synthetic,1020,28,1849.9,116.6,0,0.2809,0.5613,0,4,3,57967.37712466241,1,0,3,9,0,1,40,45,False,,synthetic,True,2,True
2026-09-17T12:35:14.764453+00:00,synthetic,synth_gen_HESITANT_REPEAT,synthetic,1021,3,2037.6,169.8,0,0.8991,0.1274,0,5,5,66608.74001111576,1,0,4,2,0,1,23,16,False,,synthetic,True,2,True
2026-09-17T12:35:14.764453+00:00,synthetic,synth_gen_GUESSING_REPEAT,synthetic,1022,41,6000,44.3,0,0.5683,0,0,1,1,52110.51629244312,2,0,3,3,0,2,45,47,False,,synthetic,True,2,True
2026-09-17T12:35:14.764453+00:00,synthetic,synth_gen_GUESSING_REPEAT,synthetic,1023,45,6000,50.8,0,0.7461,0.7581,0,7,4,15928.714053288446,2,0,4,1,0,2,35,46,False,,synthetic,True,2,True
2026-09-17T12:35:14.764453+00:00,synthetic,synth_gen_GUESSING_REPEAT,synthetic,1024,7,6000,81.3,0,0.3081,0.2902,0,1,5,84390.03530204421,2,0,1,0,0,2,33,41,False,,synthetic,True,2,True
2026-09-17T12:35:14.764453+00:00,synthetic,synth_gen_GUESSING_REPEAT,synthetic,1025,9,7906.2,58.8,0,0.1803,0,0,10,1,41116.76191962704,2,0,4,20,0,2,32,47,False,,synthetic,True,2,True
2026-09-17T12:35:14.764453+00:00,synthetic,synth_gen_GUESSING_REPEAT,synthetic,1026,1,6000,121.9,0,0.3337,0.1415,0,9,2,30389.310549961076,2,0,5,19,0,2,34,32,False,,synthetic,True,2,True
2026-09-17T12:35:14.764453+00:00,synthetic,synth_gen_GUESSING_REPEAT,synthetic,1027,7,9098.5,51.1,0,0.3247,0.0746,0,14,1,76092.88634302754,2,0,3,17,0,2,49,57,False,,synthetic,True,2,True
2026-09-17T12:35:14.764453+00:00,synthetic,synth_gen_GUESSING_REPEAT,synthetic,1028,36,6000,125.9,0,0.0006,0,0,2,4,46545.883270730075,2,0,1,7,0,2,63,59,False,,synthetic,True,2,True
2026-09-17T12:35:14.764453+00:00,synthetic,synth_gen_GUESSING_REPEAT,synthetic,1029,38,6000,103.7,0,0.0544,0.03,0,1,4,31790.748960001627,2,0,1,5,0,2,26,21,False,,synthetic,True,2,True
2026-09-17T12:35:14.764453+00:00,synthetic,synth_gen_GUESSING_REPEAT,synthetic,1030,10,6000,83.1,0,0.4169,0.0338,0,15,3,39665.90178215393,2,0,3,20,0,2,44,38,False,,synthetic,True,2,True
2026-09-17T12:35:14.764453+00:00,synthetic,synth_gen_GUESSING_REPEAT,synthetic,1031,27,6000,72.8,0,1,0.0661,0,12,4,55392.33931252524,2,0,5,5,0,2,55,57,False,,synthetic,True,2,True
2026-09-17T12:35:14.764453+00:00,synthetic,synth_gen_GUESSING_REPEAT,synthetic,1032,29,6000,108.7,0,0.5826,0.7705,0,6,2,76263.94107881111,2,0,4,11,0,2,42,41,False,,synthetic,True,2,True
2026-09-17T12:35:14.764453+00:00,synthetic,synth_gen_GUESSING_REPEAT,synthetic,1033,12,6000,249.3,0,1,0.2021,0,12,2,17182.067021092545,2,0,3,18,0,2,35,42,False,,synthetic,True,2,True
2026-09-17T12:35:14.764453+00:00,synthetic,synth_gen_GUESSING_REPEAT,synthetic,1034,48,6000,60.1,0,0.2428,0.2209,0,4,2,70439.8580943701,2,0,3,2,0,2,59,55,False,,synthetic,True,2,True
2026-09-17T12:35:14.764453+00:00,synthetic,synth_gen_GUESSING_REPEAT,synthetic,1035,25,6000,55.0,0,0.1208,0.7108,0,8,1,30751.820916297955,2,0,4,20,0,2,34,40,False,,synthetic,True,2,True
2026-09-17T12:35:14.764453+00:00,synthetic,synth_gen_GUESSING_REPEAT,synthetic,1036,7,6000,39.8,0,0.1083,0.3105,0,8,1,82097.92897635735,2,0,6,16,0,2,21,31,False,,synthetic,True,2,True
2026-09-17T12:35:14.764453+00:00,synthetic,synth_gen_GUESSING_REPEAT,synthetic,1037,12,6000,57.8,0,0.618,0.0182,0,8,2,72737.72251310707,2,0,1,10,0,2,63,60,False,,synthetic,True,2,True
2026-09-17T12:35:14.764453+00:00,synthetic,synth_gen_GUESSING_REPEAT,synthetic,1038,43,6000,73.4,0,0.104,0.1548,0,9,2,61688.15200068535,2,0,3,16,0,2,30,22,False,,synthetic,True,2,True
2026-09-17T12:35:14.764453+00:00,synthetic,synth_gen_GUESSING_REPEAT,synthetic,1039,12,14000,71.9,0,0,0.3868,0,13,2,67338.4279528107,2,0,4,1,0,2,16,27,False,,synthetic,True,2,True
2026-09-17T12:35:14.764453+00:00,synthetic,synth_gen_GUESSING_REPEAT,synthetic,1040,4,6000,48.5,0,0,0.2931,0,13,2,49172.682085489054,2,0,4,20,0,2,49,53,False,,synthetic,True,2,True
2026-09-17T12:35:14.764453+00:00,synthetic,synth_gen_GUESSING_REPEAT,synthetic,1041,10,9162.4,88.0,0,0.5144,0.2826,0,3,1,82277.01621934935,2,0,2,12,0,2,22,17,False,,synthetic,True,2,True
2026-09-17T12:35:14.764453+00:00,synthetic,synth_gen_GUESSING_REPEAT,synthetic,1042,39,6000,38.7,0,0.1099,0.2398,0,7,3,80685.69778614986,2,0,5,1,0,2,20,23,False,,synthetic,True,2,True
2026-09-17T12:35:14.764453+00:00,synthetic,synth_gen_GUESSING_REPEAT,synthetic,1043,34,6000,88.0,0,0,0.5061,0,7,1,60816.37747224587,2,0,5,1,0,2,32,34,False,,synthetic,True,2,True
2026-09-17T12:35:14.764453+00:00,synthetic,synth_gen_GUESSING_REPEAT,synthetic,1044,32,6000,202.0,0,0.8596,0,0,14,4,62315.7930090627,2,0,3,2,0,2,53,52,False,,synthetic,True,2,True
2026-09-17T12:35:14.764453+00:00,synthetic,synth_gen_GUESSING_REPEAT,synthetic,1045,29,6000,56.4,0,0.5209,0.6134,0,14,2,76632.43440272874,2,0,1,11,0,2,59,49,False,,synthetic,True,2,True
2026-09-17T12:35:14.764453+00:00,synthetic,synth_gen_GUESSING_REPEAT,synthetic,1046,25,7144.7,101.1,0,0.6762,0.3414,0,7,2,21062.022915082074,2,0,5,15,0,2,58,54,False,,synthetic,True,2,True
2026-09-17T12:35:14.764453+00:00,synthetic,synth_gen_GUESSING_REPEAT,synthetic,1047,21,6000,53.7,0,0.1828,0.4033,0,3,1,66970.92197280178,2,0,3,16,0,2,11,8,False,,synthetic,True,2,True
2026-09-17T12:35:14.764453+00:00,synthetic,synth_gen_GUESSING_REPEAT,synthetic,1048,31,6000,185.8,0,0,0.8832,0,2,4,16289.451277239103,2,0,6,2,0,2,4,2,False,,synthetic,True,2,True
2026-09-17T12:35:14.764453+00:00,synthetic,synth_gen_GUESSING_REPEAT,synthetic,1049,17,8951.7,71.8,0,0.6862,0,0,1,5,55247.33920986703,2,0,5,2,0,2,33,43,False,,synthetic,True,2,True
2026-09-17T12:35:14.764453+00:00,synthetic,synth_gen_GUESSING_REPEAT,synthetic,1050,33,6000,143.9,0,0.6035,0.5592,0,5,2,18244.640986404585,2,0,6,9,0,2,18,19,False,,synthetic,True,2,True
2026-09-17T12:35:14.764453+00:00,synthetic,synth_gen_GUESSING_REPEAT,synthetic,1051,48,6000,142.7,0,0.623,0.3408,0,11,2,40348.99271334532,2,0,5,8,0,2,5,14,False,,synthetic,True,2,True
2026-09-17T12:35:14.764453+00:00,synthetic,synth_gen_GUESSING_REPEAT,synthetic,1052,32,6000,269.4,0,0.4036,0,0,14,2,19797.629333067052,2,0,1,18,0,2,56,59,False,,synthetic,True,2,True
2026-09-17T12:35:14.764453+00:00,synthetic,synth_gen_GUESSING_REPEAT,synthetic,1053,8,14000,137.9,0,0.5017,0,0,7,5,85670.60699013408,2,0,1,15,0,2,38,37,False,,synthetic,True,2,True
2026-09-17T12:35:14.764453+00:00,synthetic,synth_gen_GUESSING_REPEAT,synthetic,1054,3,6000,76.1,0,0.8193,0.3406,0,1,1,24374.872488645433,2,0,3,12,0,2,16,28,False,,synthetic,True,2,True
2026-09-17T12:35:14.764453+00:00,synthetic,synth_gen_GUESSING_REPEAT,synthetic,1055,1,14000,229.3,0,0.2889,0.1453,0,5,3,11173.781144616207,2,0,6,20,0,2,7,2,False,,synthetic,True,2,True
2026-09-17T12:35:14.764453+00:00,synthetic,synth_gen_GUESSING_REPEAT,synthetic,1056,28,6117.0,107.6,0,0.1538,0.5224,0,1,4,7485.2458376794775,2,0,1,17,0,2,38,45,False,,synthetic,True,2,True
2026-09-17T12:35:14.764453+00:00,synthetic,synth_gen_GUESSING_REPEAT,synthetic,1057,19,12799.1,112.4,0,0.3642,0.5182,0,7,3,42005.421870991995,2,0,6,0,0,2,32,36,False,,synthetic,True,2,True
2026-09-17T12:35:14.764453+00:00,synthetic,synth_gen_GUESSING_REPEAT,synthetic,1058,32,6000,90.3,0,0.7574,0.2126,0,14,2,18877.26839674318,2,0,1,3,0,2,35,46,False,,synthetic,True,2,True
2026-09-17T12:35:14.764453+00:00,synthetic,synth_gen_GUESSING_REPEAT,synthetic,1059,36,6000,68.7,0,0.2966,0.0068,0,2,5,37633.646574786726,2,0,2,11,0,2,63,58,False,,synthetic,True,2,True
2026-09-17T12:35:14.764453+00:00,synthetic,synth_gen_GUESSING_REPEAT,synthetic,1060,3,6000,79.7,0,0.7381,0.6794,0,8,4,46831.45091865037,2,0,5,16,0,2,4,0,False,,synthetic,True,2,True
2026-09-17T12:35:14.764453+00:00,synthetic,synth_gen_GUESSING_REPEAT,synthetic,1061,46,8856.9,216.3,0,0.0202,0.3128,0,10,3,1980.1628100241114,2,0,2,5,0,2,31,17,False,,synthetic,True,2,True
2026-09-17T12:35:14.764453+00:00,synthetic,synth_gen_GUESSING_REPEAT,synthetic,1062,24,6000,142.3,0,0.6947,0.3162,0,9,5,2023.523582760632,2,0,5,14,0,2,29,16,False,,synthetic,True,2,True
2026-09-17T12:35:14.764453+00:00,synthetic,synth_gen_GUESSING_REPEAT,synthetic,1063,27,6000,45.0,0,1,0.1086,0,9,5,55928.47695458962,2,0,4,0,0,2,61,53,False,,synthetic,True,2,True
2026-09-17T12:35:14.764453+00:00,synthetic,synth_gen_GUESSING_REPEAT,synthetic,1064,48,6705.8,211.1,0,0.9235,0.2955,0,11,4,82408.01380665765,2,0,2,0,0,2,29,31,False,,synthetic,True,2,True
2026-09-17T12:35:14.764453+00:00,synthetic,synth_gen_GUESSING_REPEAT,synthetic,1065,48,6000,81.0,0,0.939,0.306,0,15,2,79023.09343681534,2,0,1,13,0,2,18,28,False,,synthetic,True,2,True
2026-09-17T12:35:14.764453+00:00,synthetic,synth_gen_GUESSING_REPEAT,synthetic,1066,22,7813.3,85.2,0,0.6562,0.1845,0,6,1,30287.52440316028,2,0,3,1,0,2,61,56,False,,synthetic,True,2,True
2026-09-17T12:35:14.764453+00:00,synthetic,synth_gen_GUESSING_REPEAT,synthetic,1067,40,6000,204.4,0,0.348,0.3985,0,13,5,62497.56760051319,2,0,2,17,0,2,15,8,False,,synthetic,True,2,True
2026-09-17T12:35:14.764453+00:00,synthetic,synth_gen_GUESSING_REPEAT,synthetic,1068,1,7347.0,34.3,0,0.6522,0.1915,0,14,3,55147.70554852383,2,0,5,1,0,2,10,2,False,,synthetic,True,2,True
2026-09-17T12:35:14.764453+00:00,synthetic,synth_gen_GUESSING_REPEAT,synthetic,1069,6,6000,55.9,0,0.2556,0.7158,0,2,2,37462.59988659427,2,0,4,0,0,2,46,43,False,,synthetic,True,2,True
2026-09-17T12:35:14.764453+00:00,synthetic,synth_gen_GUESSING_REPEAT,synthetic,1070,0,6000,135.3,0,1,0.3874,0,10,3,9985.854863716942,2,0,6,19,0,2,34,44,False,,synthetic,True,2,True
2026-09-17T12:35:14.764453+00:00,synthetic,synth_gen_GUESSING_REPEAT,synthetic,1071,21,8149.5,108.1,0,0.0586,0,0,14,2,85144.4769030486,2,0,5,0,0,2,31,22,False,,synthetic,True,2,True
2026-09-17T12:35:14.764453+00:00,synthetic,synth_gen_GUESSING_REPEAT,synthetic,1072,35,6000,95.8,0,1,0.5526,0,2,3,84737.18585707396,2,0,6,10,0,2,14,2,False,,synthetic,True,2,True
2026-09-17T12:35:14.764453+00:00,synthetic,synth_gen_GUESSING_REPEAT,synthetic,1073,19,8299.9,130.1,0,0.4476,0.1576,0,2,4,14380.470231404604,2,0,6,12,0,2,27,26,False,,synthetic,True,2,True
2026-09-17T12:35:14.764453+00:00,synthetic,synth_gen_GUESSING_REPEAT,synthetic,1074,46,6000,101.6,0,0.2438,0.6381,0,8,3,26985.251851754543,2,0,2,3,0,2,4,9,False,,synthetic,True,2,True
2026-09-17T12:35:14.764453+00:00,synthetic,synth_gen_GUESSING_REPEAT,synthetic,1075,43,6000,68.0,0,0.3825,0.2398,0,1,5,35431.76890595919,2,0,5,17,0,2,54,57,False,,synthetic,True,2,True
2026-09-17T12:35:14.764453+00:00,synthetic,synth_gen_GUESSING_REPEAT,synthetic,1076,25,6000,98.2,0,0.6045,0.2286,0,9,1,30920.261588371057,2,0,3,13,0,2,59,54,False,,synthetic,True,2,True
2026-09-17T12:35:14.764453+00:00,synthetic,synth_gen_GUESSING_REPEAT,synthetic,1077,8,6958.9,57.1,0,1,0.5484,0,11,3,68130.47396378823,2,0,3,3,0,2,11,13,False,,synthetic,True,2,True
2026-09-17T12:35:14.764453+00:00,synthetic,synth_gen_GUESSING_REPEAT,synthetic,1078,34,6000,110.9,0,0.0731,0.5947,0,14,4,15909.652238855791,2,0,4,3,0,2,12,2,False,,synthetic,True,2,True
2026-09-17T12:35:14.764453+00:00,synthetic,synth_gen_GUESSING_REPEAT,synthetic,1079,27,6000,88.6,0,0.7959,0.6443,0,12,5,82974.55502603423,2,0,4,5,0,2,26,17,False,,synthetic,True,2,True
2026-09-17T12:35:14.764453+00:00,synthetic,synth_gen_GUESSING_REPEAT,synthetic,1080,12,6000,61.7,0,1,0.5344,0,7,5,33455.99560259174,2,0,5,17,0,2,1,14,False,,synthetic,True,2,True
2026-09-17T12:35:14.764453+00:00,synthetic,synth_gen_GUESSING_REPEAT,synthetic,1081,43,6000,155.8,0,0.2815,0,0,9,4,80534.25307645646,2,0,2,14,0,2,50,62,False,,synthetic,True,2,True
2026-09-17T12:35:14.764453+00:00,synthetic,synth_gen_GUESSING_REPEAT,synthetic,1082,16,6000,54.6,0,0.9335,0.2277,0,14,4,38152.41026371751,2,0,1,5,0,2,50,52,False,,synthetic,True,2,True
2026-09-17T12:35:14.764453+00:00,synthetic,synth_gen_GUESSING_REPEAT,synthetic,1083,18,9146.4,117.7,0,0,0.5741,0,14,2,30217.777358050662,2,0,2,7,0,2,12,10,False,,synthetic,True,2,True
2026-09-17T12:35:14.764453+00:00,synthetic,synth_gen_GUESSING_REPEAT,synthetic,1084,24,12148.6,50.6,0,0.2336,0.4117,0,14,1,5613.49484101124,2,0,3,17,0,2,43,47,False,,synthetic,True,2,True
2026-09-17T12:35:14.764453+00:00,synthetic,synth_gen_GUESSING_REPEAT,synthetic,1085,13,12829.0,234.4,0,0.6329,0.3605,0,10,2,55048.94463502817,2,0,6,2,0,2,8,5,False,,synthetic,True,2,True
2026-09-17T12:35:14.764453+00:00,synthetic,synth_gen_GUESSING_REPEAT,synthetic,1086,26,6000,63.5,0,1,0.5035,0,9,2,10602.171330008485,2,0,6,0,0,2,59,52,False,,synthetic,True,2,True
2026-09-17T12:35:14.764453+00:00,synthetic,synth_gen_GUESSING_REPEAT,synthetic,1087,11,6000,30,0,1,0.3126,0,7,2,41892.68856535951,2,0,6,15,0,2,36,33,False,,synthetic,True,2,True
2026-09-17T12:35:14.764453+00:00,synthetic,synth_gen_GUESSING_REPEAT,synthetic,1088,17,6000,149.6,0,0.3706,0.1226,0,13,3,36410.21827953999,2,0,1,13,0,2,20,26,False,,synthetic,True,2,True
2026-09-17T12:35:14.764453+00:00,synthetic,synth_gen_GUESSING_REPEAT,synthetic,1089,32,14000,67.5,0,0.3175,0.4065,0,14,1,9609.130204959863,2,0,1,7,0,2,38,41,False,,synthetic,True,2,True
2026-09-17T12:35:14.764453+00:00,synthetic,synth_gen_GUESSING_REPEAT,synthetic,1090,22,6977.1,60.8,0,0,0.0618,0,1,3,48412.75701315616,2,0,2,13,0,2,13,1,False,,synthetic,True,2,True
2026-09-17T12:35:14.764453+00:00,synthetic,synth_gen_GUESSING_REPEAT,synthetic,1091,11,6000,99.0,0,0.3863,0.6445,0,7,2,39000.721590467205,2,0,6,19,0,2,40,38,False,,synthetic,True,2,True
2026-09-17T12:35:14.764453+00:00,synthetic,synth_gen_GUESSING_REPEAT,synthetic,1092,23,6000,174.8,0,0.1722,0.0712,0,10,4,74974.65790252335,2,0,6,12,0,2,57,63,False,,synthetic,True,2,True
2026-09-17T12:35:14.764453+00:00,synthetic,synth_gen_GUESSING_REPEAT,synthetic,1093,45,6000,79.3,0,0.324,0.2963,0,15,2,43061.28073401555,2,0,2,14,0,2,41,44,False,,synthetic,True,2,True
2026-09-17T12:35:14.764453+00:00,synthetic,synth_gen_GUESSING_REPEAT,synthetic,1094,28,6000,128.2,0,1,0.1836,0,8,3,2273.1091747096984,2,0,1,5,0,2,36,44,False,,synthetic,True,2,True
2026-09-17T12:35:14.764453+00:00,synthetic,synth_gen_GUESSING_REPEAT,synthetic,1095,30,8920.2,87.1,0,0.4192,0.437,0,3,1,68853.3476950551,2,0,1,0,0,2,32,35,False,,synthetic,True,2,True
2026-09-17T12:35:14.764453+00:00,synthetic,synth_gen_GUESSING_REPEAT,synthetic,1096,11,6000,166.6,0,0.5565,0.6188,0,4,1,63804.72155605587,2,0,2,8,0,2,16,25,False,,synthetic,True,2,True
2026-09-17T12:35:14.764453+00:00,synthetic,synth_gen_GUESSING_REPEAT,synthetic,1097,8,10888.3,89.4,0,0.7493,0.6024,0,8,5,26302.789137621065,2,0,6,14,0,2,21,18,False,,synthetic,True,2,True
2026-09-17T12:35:14.764453+00:00,synthetic,synth_gen_GUESSING_REPEAT,synthetic,1098,23,6000,151.4,0,0,0.0961,0,1,5,64436.280353036775,2,0,1,3,0,2,20,16,False,,synthetic,True,2,True
2026-09-17T12:35:14.764453+00:00,synthetic,synth_gen_GUESSING_REPEAT,synthetic,1099,4,6000,255.4,0,0.5809,0.0154,0,13,3,47487.40263490286,2,0,1,9,0,2,22,24,False,,synthetic,True,2,True
2026-09-17T12:35:14.764453+00:00,synthetic,synth_gen_GUESSING_REPEAT,synthetic,1100,49,7272.1,49.6,0,0.295,0.0648,0,15,5,51466.2904091359,2,0,6,8,0,2,42,37,False,,synthetic,True,2,True
2026-09-17T12:35:14.764453+00:00,synthetic,synth_gen_GUESSING_REPEAT,synthetic,1101,21,6000,152.8,0,0,0.0714,0,13,5,44201.740558447076,2,0,4,15,0,2,1,13,False,,synthetic,True,2,True
2026-09-17T12:35:14.764453+00:00,synthetic,synth_gen_GUESSING_REPEAT,synthetic,1102,1,6000,58.4,0,0.292,0.4889,0,13,2,33437.6604033635,2,0,6,19,0,2,58,54,False,,synthetic,True,2,True
2026-09-17T12:35:14.764453+00:00,synthetic,synth_gen_GUESSING_REPEAT,synthetic,1103,29,6000,83.7,0,0.151,0.769,0,6,1,13020.867943997639,2,0,3,14,0,2,27,26,False,,synthetic,True,2,True
2026-09-17T12:35:14.764453+00:00,synthetic,synth_gen_GUESSING_REPEAT,synthetic,1104,3,6000,50.0,0,0,0,0,11,2,63404.54186906525,2,0,6,19,0,2,48,63,False,,synthetic,True,2,True
2026-09-17T12:35:14.764453+00:00,synthetic,synth_gen_GUESSING_REPEAT,synthetic,1105,21,6000,121.6,0,0,0.5522,0,10,5,74613.40871463364,2,0,6,5,0,2,22,27,False,,synthetic,True,2,True
2026-09-17T12:35:14.764453+00:00,synthetic,synth_gen_GUESSING_REPEAT,synthetic,1106,15,7827.6,116.0,0,0.7599,0.4055,0,4,4,61454.65779571022,2,0,2,3,0,2,2,7,False,,synthetic,True,2,True
2026-09-17T12:35:14.764453+00:00,synthetic,synth_gen_GUESSING_REPEAT,synthetic,1107,40,6000,91.6,0,0.5299,0.1857,0,11,3,71837.15568861946,2,0,5,18,0,2,3,8,False,,synthetic,True,2,True
2026-09-17T12:35:14.764453+00:00,synthetic,synth_gen_GUESSING_REPEAT,synthetic,1108,25,6000,148.2,0,0.6534,0,0,15,1,23605.844658276692,2,0,6,0,0,2,28,20,False,,synthetic,True,2,True
2026-09-17T12:35:14.764453+00:00,synthetic,synth_gen_GUESSING_REPEAT,synthetic,1109,12,6000,116.3,0,0,0.4538,0,11,5,14373.60860730305,2,0,5,3,0,2,51,57,False,,synthetic,True,2,True
2026-09-17T12:35:14.764453+00:00,synthetic,synth_gen_GUESSING_REPEAT,synthetic,1110,10,6000,119.6,0,0.7481,0.6367,0,5,4,15114.131469500502,2,0,2,7,0,2,35,34,False,,synthetic,True,2,True
2026-09-17T12:35:14.764453+00:00,synthetic,synth_gen_GUESSING_REPEAT,synthetic,1111,15,6000,152.1,0,0.6866,0.2947,0,9,3,81033.40684412238,2,0,1,5,0,2,57,62,False,,synthetic,True,2,True
2026-09-17T12:35:14.764453+00:00,synthetic,synth_gen_GUESSING_REPEAT,synthetic,1112,31,6000,99.5,0,0.6259,0,0,10,3,22745.783157878035,2,0,6,18,0,2,17,22,False,,synthetic,True,2,True
2026-09-17T12:35:14.764453+00:00,synthetic,synth_gen_GUESSING_REPEAT,synthetic,1113,45,6000,93.3,0,0.8906,0.3246,0,14,1,10310.654817691842,2,0,2,19,0,2,41,38,False,,synthetic,True,2,True
2026-09-17T12:35:14.764453+00:00,synthetic,synth_gen_GUESSING_REPEAT,synthetic,1114,0,6000,85.7,0,0.7398,0.5458,0,10,3,8732.788110554135,2,0,1,0,0,2,10,14,False,,synthetic,True,2,True
2026-09-17T12:35:14.764453+00:00,synthetic,synth_gen_GUESSING_REPEAT,synthetic,1115,9,6000,180.3,0,0.6064,0.3485,0,8,1,19199.717855409228,2,0,4,8,0,2,9,13,False,,synthetic,True,2,True
2026-09-17T12:35:14.764453+00:00,synthetic,synth_gen_GUESSING_REPEAT,synthetic,1116,4,7713.8,153.2,0,0.2111,0.4498,0,4,4,3355.2566124182617,2,0,2,8,0,2,27,30,False,,synthetic,True,2,True
2026-09-17T12:35:14.764453+00:00,synthetic,synth_gen_GUESSING_REPEAT,synthetic,1117,11,6000,99.2,0,0.5686,0.268,0,11,2,4578.328439349167,2,0,1,18,0,2,1,14,False,,synthetic,True,2,True
2026-09-17T12:35:14.764453+00:00,synthetic,synth_gen_GUESSING_REPEAT,synthetic,1118,35,6000,79.4,0,0.365,0,0,8,1,76268.9961150392,2,0,5,8,0,2,13,5,False,,synthetic,True,2,True
2026-09-17T12:35:14.764453+00:00,synthetic,synth_gen_GUESSING_REPEAT,synthetic,1119,22,6000,84.6,0,1,0,0,2,4,72719.83112004364,2,0,1,7,0,2,10,6,False,,synthetic,True,2,True
2026-09-17T12:35:14.764453+00:00,synthetic,synth_gen_GUESSING_REPEAT,synthetic,1120,49,14000,51.8,0,0.337,0.2811,0,9,5,39953.9179541502,2,0,6,15,0,2,10,13,False,,synthetic,True,2,True
2026-09-17T12:35:14.764453+00:00,synthetic,synth_gen_GUESSING_REPEAT,synthetic,1121,11,6000,124.4,0,0.3693,0.517,0,12,2,73385.45246468915,2,0,6,10,0,2,8,6,False,,synthetic,True,2,True
2026-09-17T12:35:14.764453+00:00,synthetic,synth_gen_GUESSING_REPEAT,synthetic,1122,5,7123.1,109.8,0,1,0.1422,0,6,1,73582.24184756308,2,0,3,10,0,2,12,7,False,,synthetic,True,2,True
2026-09-17T12:35:14.764453+00:00,synthetic,synth_gen_GUESSING_REPEAT,synthetic,1123,7,10388.2,82.1,0,0.7462,0.9157,0,2,3,34600.1650067794,2,0,1,4,0,2,30,22,False,,synthetic,True,2,True
2026-09-17T12:35:14.764453+00:00,synthetic,synth_gen_GUESSING_REPEAT,synthetic,1124,39,6602.5,115.8,0,0.6053,0.3469,0,4,5,9365.857620694585,2,0,3,15,0,2,45,33,False,,synthetic,True,2,True
2026-09-17T12:35:14.764453+00:00,synthetic,synth_gen_GUESSING_REPEAT,synthetic,1125,36,6000,129.0,0,0.0188,0.2853,0,12,3,1856.9139490437603,2,0,5,20,0,2,53,49,False,,synthetic,True,2,True
2026-09-17T12:35:14.764453+00:00,synthetic,synth_gen_GUESSING_REPEAT,synthetic,1126,32,12672.0,30,0,0.9821,0,0,8,3,2494.3559541923037,2,0,3,10,0,2,50,61,False,,synthetic,True,2,True
2026-09-17T12:35:14.764453+00:00,synthetic,synth_gen_GUESSING_REPEAT,synthetic,1127,48,6000,31.5,0,0.7803,0.1866,0,7,1,85386.56485866061,2,0,3,6,0,2,15,12,False,,synthetic,True,2,True
2026-09-17T12:35:14.764453+00:00,synthetic,synth_gen_GUESSING_REPEAT,synthetic,1128,37,6000,149.3,0,1,0.0944,0,14,4,47743.94164886873,2,0,6,2,0,2,54,48,False,,synthetic,True,2,True
2026-09-17T12:35:14.764453+00:00,synthetic,synth_gen_GUESSING_REPEAT,synthetic,1129,38,6000,63.5,0,0.7342,0.0188,0,4,5,18615.137733622087,2,0,1,0,0,2,45,37,False,,synthetic,True,2,True
2026-09-17T12:35:14.764453+00:00,synthetic,synth_gen_GUESSING_REPEAT,synthetic,1130,20,6000,176.1,0,0.8531,0.1991,0,14,4,7420.357315791939,2,0,1,9,0,2,25,21,False,,synthetic,True,2,True
2026-09-17T12:35:14.764453+00:00,synthetic,synth_gen_GUESSING_REPEAT,synthetic,1131,5,6000,129.2,0,0.5825,0.1312,0,7,1,86190.07372714269,2,0,3,8,0,2,33,46,False,,synthetic,True,2,True
2026-09-17T12:35:14.764453+00:00,synthetic,synth_gen_GUESSING_REPEAT,synthetic,1132,33,6000,159.5,0,0,0.3641,0,4,5,69964.26566357461,2,0,2,16,0,2,1,9,False,,synthetic,True,2,True
2026-09-17T12:35:14.764453+00:00,synthetic,synth_gen_GUESSING_REPEAT,synthetic,1133,17,6000,111.7,0,0.1092,0,0,2,1,69723.93242605783,2,0,5,7,0,2,19,28,False,,synthetic,True,2,True
2026-09-17T12:35:14.764453+00:00,synthetic,synth_gen_GUESSING_REPEAT,synthetic,1134,30,6000,30,0,0.8797,0.1368,0,11,2,7674.106792903407,2,0,6,6,0,2,62,55,False,,synthetic,True,2,True
2026-09-17T12:35:14.764453+00:00,synthetic,synth_gen_GUESSING_REPEAT,synthetic,1135,38,6000,37.1,0,0.943,0.3937,0,13,4,31915.952133937186,2,0,5,15,0,2,5,11,False,,synthetic,True,2,True
2026-09-17T12:35:14.764453+00:00,synthetic,synth_gen_GUESSING_REPEAT,synthetic,1136,41,6000,117.8,0,0,0.3235,0,13,2,81886.44588722009,2,0,5,7,0,2,53,52,False,,synthetic,True,2,True
2026-09-17T12:35:14.764453+00:00,synthetic,synth_gen_GUESSING_REPEAT,synthetic,1137,43,6000,119.5,0,0,0.5212,0,5,2,62152.26645863407,2,0,1,9,0,2,59,50,False,,synthetic,True,2,True
2026-09-17T12:35:14.764453+00:00,synthetic,synth_gen_GUESSING_REPEAT,synthetic,1138,15,9326.9,48.4,0,0.9049,0.5012,0,10,3,10421.850182250126,2,0,6,13,0,2,42,35,False,,synthetic,True,2,True
2026-09-17T12:35:14.764453+00:00,synthetic,synth_gen_GUESSING_REPEAT,synthetic,1139,17,6000,125.8,0,0.0839,0.2499,0,4,5,42534.13933511127,2,0,1,5,0,2,39,46,False,,synthetic,True,2,True
2026-09-17T12:35:14.764453+00:00,synthetic,synth_gen_GUESSING_REPEAT,synthetic,1140,44,6000,118.2,0,0.5137,0.3324,0,2,2,323.12468261302706,2,0,6,2,0,2,17,28,False,,synthetic,True,2,True
2026-09-17T12:35:14.764453+00:00,synthetic,synth_gen_GUESSING_REPEAT,synthetic,1141,12,6000,119.6,0,0.4439,0.2755,0,6,5,44633.68942638243,2,0,1,1,0,2,9,13,False,,synthetic,True,2,True
2026-09-17T12:35:14.764453+00:00,synthetic,synth_gen_GUESSING_REPEAT,synthetic,1142,30,6000,159.0,0,0.4917,0.6603,0,4,2,20266.960545804195,2,0,2,14,0,2,45,44,False,,synthetic,True,2,True
2026-09-17T12:35:14.764453+00:00,synthetic,synth_gen_GUESSING_REPEAT,synthetic,1143,18,6000,74.7,0,0.5383,0.0928,0,8,5,40156.03047776376,2,0,5,17,0,2,25,18,False,,synthetic,True,2,True
2026-09-17T12:35:14.764453+00:00,synthetic,synth_gen_GUESSING_REPEAT,synthetic,1144,42,6000,40.0,0,0.3646,0.6325,0,13,4,3188.0154439153143,2,0,6,3,0,2,10,9,False,,synthetic,True,2,True
2026-09-17T12:35:14.764453+00:00,synthetic,synth_gen_GUESSING_REPEAT,synthetic,1145,6,7183.2,100.7,0,0.2215,0.302,0,5,4,28579.671478249173,2,0,5,12,0,2,27,22,False,,synthetic,True,2,True
2026-09-17T12:35:14.764453+00:00,synthetic,synth_gen_GUESSING_REPEAT,synthetic,1146,28,6000,80.1,0,0.7083,0,0,10,4,71869.0255413123,2,0,5,8,0,2,43,44,False,,synthetic,True,2,True
2026-09-17T12:35:14.764453+00:00,synthetic,synth_gen_GUESSING_REPEAT,synthetic,1147,20,6231.7,65.8,0,1,0,0,3,1,85261.62092993579,2,0,5,13,0,2,2,15,False,,synthetic,True,2,True
2026-09-17T12:35:14.764453+00:00,synthetic,synth_gen_GUESSING_REPEAT,synthetic,1148,43,6000,100.9,0,1,0.3585,0,9,4,62877.498809355435,2,0,1,0,0,2,9,10,False,,synthetic,True,2,True
2026-09-17T12:35:14.764453+00:00,synthetic,synth_gen_GUESSING_REPEAT,synthetic,1149,43,6000,86.5,0,0.569,0.1593,0,4,1,38314.777042240894,2,0,6,3,0,2,33,44,False,,synthetic,True,2,True
2026-09-17T12:35:14.764453+00:00,synthetic,synth_gen_GUESSING_REPEAT,synthetic,1150,29,6000,60.6,0,0.2984,0.0955,0,8,2,61945.52311341001,2,0,6,2,0,2,61,56,False,,synthetic,True,2,True
2026-09-17T12:35:14.764453+00:00,synthetic,synth_gen_GUESSING_REPEAT,synthetic,1151,30,6155.4,105.3,0,0.6343,0,0,1,3,15962.868780589815,2,0,3,16,0,2,10,1,False,,synthetic,True,2,True
2026-09-17T12:35:14.764453+00:00,synthetic,synth_gen_GUESSING_REPEAT,synthetic,1152,7,6000,123.7,0,0.2769,0.1719,0,1,1,25666.75986691493,2,0,6,12,0,2,56,62,False,,synthetic,True,2,True
2026-09-17T12:35:14.764453+00:00,synthetic,synth_gen_GUESSING_REPEAT,synthetic,1153,15,6000,143.6,0,0.6832,0.0372,0,1,2,17514.533038708396,2,0,1,4,0,2,4,7,False,,synthetic,True,2,True
2026-09-17T12:35:14.764453+00:00,synthetic,synth_gen_GUESSING_REPEAT,synthetic,1154,24,6000,97.2,0,1,0.4376,0,7,3,77032.34849860864,2,0,6,12,0,2,37,34,False,,synthetic,True,2,True
2026-09-17T12:35:14.764453+00:00,synthetic,synth_gen_GUESSING_REPEAT,synthetic,1155,24,6000,134.9,0,0.5879,1,0,14,4,81795.0350927006,2,0,4,13,0,2,29,17,False,,synthetic,True,2,True
2026-09-17T12:35:14.764453+00:00,synthetic,synth_gen_GUESSING_REPEAT,synthetic,1156,8,7323.7,37.3,0,0.2709,1,0,15,4,8869.81500297391,2,0,2,4,0,2,13,7,False,,synthetic,True,2,True
2026-09-17T12:35:14.764453+00:00,synthetic,synth_gen_GUESSING_REPEAT,synthetic,1157,44,6000,111.7,0,0.6693,0.6283,0,8,1,49617.22455415054,2,0,6,16,0,2,25,16,False,,synthetic,True,2,True
2026-09-17T12:35:14.764453+00:00,synthetic,synth_gen_GUESSING_REPEAT,synthetic,1158,31,14000,97.0,0,0.6993,0.6929,0,15,5,62399.76865991645,2,0,4,18,0,2,56,52,False,,synthetic,True,2,True
2026-09-17T12:35:14.764453+00:00,synthetic,synth_gen_GUESSING_REPEAT,synthetic,1159,14,6000,31.7,0,0.0608,0.2297,0,5,3,2151.6615913566975,2,0,3,10,0,2,31,20,False,,synthetic,True,2,True
2026-09-17T12:35:14.764453+00:00,synthetic,synth_gen_GUESSING_REPEAT,synthetic,1160,36,6000,105.2,0,0.9673,0.6343,0,10,3,76399.47666884013,2,0,1,14,0,2,26,22,False,,synthetic,True,2,True
2026-09-17T12:35:14.764453+00:00,synthetic,synth_gen_GUESSING_REPEAT,synthetic,1161,13,6000,64.4,0,0.8955,0.2905,0,14,5,81388.04733022819,2,0,3,18,0,2,28,18,False,,synthetic,True,2,True
2026-09-17T12:35:14.764453+00:00,synthetic,synth_gen_GUESSING_REPEAT,synthetic,1162,45,12492.2,76.0,0,0.7028,0.5464,0,7,5,64369.05469206957,2,0,3,14,0,2,17,29,False,,synthetic,True,2,True
2026-09-17T12:35:14.764453+00:00,synthetic,synth_gen_GUESSING_REPEAT,synthetic,1163,49,6152.4,205.6,0,0.9103,0.7,0,9,4,76537.81881534914,2,0,1,3,0,2,46,47,False,,synthetic,True,2,True
2026-09-17T12:35:14.764453+00:00,synthetic,synth_gen_GUESSING_REPEAT,synthetic,1164,18,6000,208.8,0,0.2911,0.2245,0,7,5,28745.38031682451,2,0,5,7,0,2,61,50,False,,synthetic,True,2,True
2026-09-17T12:35:14.764453+00:00,synthetic,synth_gen_GUESSING_REPEAT,synthetic,1165,16,14000,41.0,0,0.1715,0.0395,0,1,5,57888.06923548263,2,0,1,15,0,2,15,11,False,,synthetic,True,2,True
2026-09-17T12:35:14.764453+00:00,synthetic,synth_gen_GUESSING_REPEAT,synthetic,1166,9,6000,99.9,0,1,0.4163,0,14,3,27245.467026111804,2,0,5,15,0,2,21,19,False,,synthetic,True,2,True
2026-09-17T12:35:14.764453+00:00,synthetic,synth_gen_GUESSING_REPEAT,synthetic,1167,44,14000,83.5,0,0.346,0.003,0,15,5,81327.10760912631,2,0,4,12,0,2,37,40,False,,synthetic,True,2,True
2026-09-17T12:35:14.764453+00:00,synthetic,synth_gen_GUESSING_REPEAT,synthetic,1168,23,6000,197.3,0,0,0.0365,0,14,5,34147.77057520283,2,0,2,12,0,2,20,29,False,,synthetic,True,2,True
2026-09-17T12:35:14.764453+00:00,synthetic,synth_gen_GUESSING_REPEAT,synthetic,1169,37,6000,121.4,0,0.177,0.3495,0,10,2,66189.23810752538,2,0,1,2,0,2,59,51,False,,synthetic,True,2,True
2026-09-17T12:35:14.764453+00:00,synthetic,synth_gen_GUESSING_REPEAT,synthetic,1170,35,6000,169.8,0,1,0.0484,0,15,4,51463.59634782987,2,0,6,19,0,2,14,5,False,,synthetic,True,2,True
2026-09-17T12:35:14.764453+00:00,synthetic,synth_gen_GUESSING_REPEAT,synthetic,1171,30,6000,143.7,0,0.0095,0.3654,0,2,5,30754.998582623408,2,0,4,9,0,2,36,45,False,,synthetic,True,2,True
2026-09-17T12:35:14.764453+00:00,synthetic,synth_gen_GUESSING_REPEAT,synthetic,1172,44,8063.9,89.8,0,0.3293,0.3395,0,2,5,73747.9947224808,2,0,4,18,0,2,26,21,False,,synthetic,True,2,True
2026-09-17T12:35:14.764453+00:00,synthetic,synth_gen_GUESSING_REPEAT,synthetic,1173,33,8575.4,73.9,0,0.3995,0.2397,0,1,3,75717.60855925629,2,0,1,12,0,2,15,14,False,,synthetic,True,2,True
2026-09-17T12:35:14.764453+00:00,synthetic,synth_gen_GUESSING_REPEAT,synthetic,1174,31,6000,86.2,0,1,0.2815,0,5,2,10751.437725470045,2,0,3,15,0,2,59,58,False,,synthetic,True,2,True
2026-09-17T12:35:14.764453+00:00,synthetic,synth_gen_GUESSING_REPEAT,synthetic,1175,6,7742.4,90.6,0,0.5206,0,0,15,1,628.2059261774691,2,0,4,5,0,2,39,36,False,,synthetic,True,2,True
2026-09-17T12:35:14.764453+00:00,synthetic,synth_gen_GUESSING_REPEAT,synthetic,1176,37,9085.6,98.4,0,0.6549,0.3176,0,8,5,11497.445522375214,2,0,2,0,0,2,34,45,False,,synthetic,True,2,True
2026-09-17T12:35:14.764453+00:00,synthetic,synth_gen_GUESSING_REPEAT,synthetic,1177,8,14000,36.5,0,1,0.2643,0,7,4,72474.171436145,2,0,1,8,0,2,24,29,False,,synthetic,True,2,True
2026-09-17T12:35:14.764453+00:00,synthetic,synth_gen_GUESSING_REPEAT,synthetic,1178,8,6000,194.0,0,0.4604,0,0,11,2,5077.024633452737,2,0,2,19,0,2,24,31,False,,synthetic,True,2,True
2026-09-17T12:35:14.764453+00:00,synthetic,synth_gen_GUESSING_REPEAT,synthetic,1179,40,7188.7,109.7,0,0.9002,0.5782,0,15,1,66177.59506460468,2,0,3,8,0,2,24,26,False,,synthetic,True,2,True
2026-09-17T12:35:14.764453+00:00,synthetic,synth_gen_GUESSING_REPEAT,synthetic,1180,11,13115.4,131.7,0,1,0.1515,0,8,3,55269.48380297254,2,0,2,16,0,2,57,60,False,,synthetic,True,2,True
2026-09-17T12:35:14.764453+00:00,synthetic,synth_gen_GUESSING_REPEAT,synthetic,1181,32,6000,204.2,0,1,0.6224,0,4,3,85963.80504971497,2,0,2,6,0,2,27,30,False,,synthetic,True,2,True
2026-09-17T12:35:14.764453+00:00,synthetic,synth_gen_GUESSING_REPEAT,synthetic,1182,27,6000,108.6,0,1,0.6449,0,1,3,36900.26652932808,2,0,5,7,0,2,46,34,False,,synthetic,True,2,True
2026-09-17T12:35:14.764453+00:00,synthetic,synth_gen_GUESSING_REPEAT,synthetic,1183,3,6000,58.4,0,0.7399,0.2774,0,12,2,31258.519203211727,2,0,1,0,0,2,41,32,False,,synthetic,True,2,True
2026-09-17T12:35:14.764453+00:00,synthetic,synth_gen_GUESSING_REPEAT,synthetic,1184,3,6000,349.5,0,1,0.3214,0,1,3,79346.13752049663,2,0,5,9,0,2,53,54,False,,synthetic,True,2,True
2026-09-17T12:35:14.764453+00:00,synthetic,synth_gen_GUESSING_REPEAT,synthetic,1185,5,6000,166.8,0,0.7704,0.4795,0,4,5,57164.32885398845,2,0,5,10,0,2,13,6,False,,synthetic,True,2,True
2026-09-17T12:35:14.764453+00:00,synthetic,synth_gen_GUESSING_REPEAT,synthetic,1186,14,6000,279.4,0,0.7099,0.4149,0,7,4,4535.416102707592,2,0,2,1,0,2,34,44,False,,synthetic,True,2,True
2026-09-17T12:35:14.764453+00:00,synthetic,synth_gen_GUESSING_REPEAT,synthetic,1187,45,14000,110.1,0,0.6184,0.2751,0,11,5,29789.553471544335,2,0,4,2,0,2,6,8,False,,synthetic,True,2,True
2026-09-17T12:35:14.764453+00:00,synthetic,synth_gen_GUESSING_REPEAT,synthetic,1188,45,9609.9,56.7,0,0.7762,0.2391,0,4,1,15448.487865096158,2,0,5,14,0,2,57,51,False,,synthetic,True,2,True
2026-09-17T12:35:14.764453+00:00,synthetic,synth_gen_GUESSING_REPEAT,synthetic,1189,47,6000,130.8,0,0.778,0.0499,0,14,4,22374.24463768722,2,0,2,18,0,2,35,47,False,,synthetic,True,2,True
2026-09-17T12:35:14.764453+00:00,synthetic,synth_gen_GUESSING_REPEAT,synthetic,1190,35,6000,112.4,0,0.6353,0.2599,0,2,1,71286.14051737465,2,0,1,20,0,2,6,8,False,,synthetic,True,2,True
2026-09-17T12:35:14.764453+00:00,synthetic,synth_gen_GUESSING_REPEAT,synthetic,1191,8,6000,86.0,0,0.0306,0.2958,0,3,2,6344.720764485159,2,0,4,14,0,2,48,61,False,,synthetic,True,2,True
2026-09-17T12:35:14.764453+00:00,synthetic,synth_gen_GUESSING_REPEAT,synthetic,1192,27,6000,49.9,0,1,0.4687,0,6,5,45364.98560388421,2,0,6,4,0,2,63,52,False,,synthetic,True,2,True
2026-09-17T12:35:14.764453+00:00,synthetic,synth_gen_GUESSING_REPEAT,synthetic,1193,33,14000,114.7,0,0.4072,0,0,11,4,27096.87360917243,2,0,6,8,0,2,60,59,False,,synthetic,True,2,True
2026-09-17T12:35:14.764453+00:00,synthetic,synth_gen_GUESSING_REPEAT,synthetic,1194,16,6000,129.7,0,1,0.037,0,12,3,10801.210711839916,2,0,5,14,0,2,21,29,False,,synthetic,True,2,True
2026-09-17T12:35:14.764453+00:00,synthetic,synth_gen_GUESSING_REPEAT,synthetic,1195,21,8127.7,161.1,0,0.5551,0.4623,0,8,2,34080.661636883226,2,0,2,20,0,2,38,46,False,,synthetic,True,2,True
2026-09-17T12:35:14.764453+00:00,synthetic,synth_gen_GUESSING_REPEAT,synthetic,1196,24,14000,39.7,0,0.847,0,0,6,1,62662.927023818425,2,0,4,17,0,2,25,28,False,,synthetic,True,2,True
2026-09-17T12:35:14.764453+00:00,synthetic,synth_gen_GUESSING_REPEAT,synthetic,1197,36,6000,130.3,0,0.623,0.1484,0,7,4,7697.464527745963,2,0,3,11,0,2,61,56,False,,synthetic,True,2,True
2026-09-17T12:35:14.764453+00:00,synthetic,synth_gen_GUESSING_REPEAT,synthetic,1198,27,6000,67.6,0,0.0802,0.0862,0,12,1,73096.80330628718,2,0,4,7,0,2,53,49,False,,synthetic,True,2,True
2026-09-17T12:35:14.764453+00:00,synthetic,synth_gen_GUESSING_REPEAT,synthetic,1199,20,6000,98.4,0,0,0.3478,0,11,1,11019.230061045919,2,0,4,16,0,2,54,50,False,,synthetic,True,2,True
2026-09-17T12:35:14.764453+00:00,synthetic,synth_gen_GUESSING_REPEAT,synthetic,1200,5,6000,32.5,0,0,0,0,8,2,70611.68904901258,2,0,2,13,0,2,3,5,False,,synthetic,True,2,True
2026-09-17T12:35:14.764453+00:00,synthetic,synth_gen_GUESSING_REPEAT,synthetic,1201,7,6000,181.7,0,0.6676,0.4453,0,5,4,34348.31504392298,2,0,6,0,0,2,36,46,False,,synthetic,True,2,True
2026-09-17T12:35:14.764453+00:00,synthetic,synth_gen_GUESSING_REPEAT,synthetic,1202,5,6000,84.2,0,0.7683,0.2178,0,9,1,48505.75195628878,2,0,5,11,0,2,30,16,False,,synthetic,True,2,True
2026-09-17T12:35:14.764453+00:00,synthetic,synth_gen_GUESSING_REPEAT,synthetic,1203,10,6000,96.6,0,1,0.2823,0,5,2,59917.35075065456,2,0,6,8,0,2,26,17,False,,synthetic,True,2,True
2026-09-17T12:35:14.764453+00:00,synthetic,synth_gen_GUESSING_REPEAT,synthetic,1204,21,6000,56.0,0,0.4089,0.2899,0,9,3,77149.86024764601,2,0,5,5,0,2,56,61,False,,synthetic,True,2,True
2026-09-17T12:35:14.764453+00:00,synthetic,synth_gen_GUESSING_REPEAT,synthetic,1205,31,6000,170.3,0,0.4736,0.2665,0,6,5,20800.700040382177,2,0,6,0,0,2,48,55,False,,synthetic,True,2,True
2026-09-17T12:35:14.764453+00:00,synthetic,synth_gen_GUESSING_REPEAT,synthetic,1206,23,6129.6,52.3,0,0.19,0,0,4,2,54142.493239491705,2,0,3,20,0,2,50,52,False,,synthetic,True,2,True
2026-09-17T12:35:14.764453+00:00,synthetic,synth_gen_GUESSING_REPEAT,synthetic,1207,30,6079.5,37.3,0,0.2667,0.271,0,9,4,32729.153207387022,2,0,2,8,0,2,15,9,False,,synthetic,True,2,True
2026-09-17T12:35:14.764453+00:00,synthetic,synth_gen_GUESSING_REPEAT,synthetic,1208,1,6000,79.8,0,0.9492,0.3446,0,5,3,60369.005070080704,2,0,4,17,0,2,48,62,False,,synthetic,True,2,True
2026-09-17T12:35:14.764453+00:00,synthetic,synth_gen_GUESSING_REPEAT,synthetic,1209,43,6000,73.1,0,0.3242,0.4207,0,9,4,65333.804027660415,2,0,5,2,0,2,22,20,False,,synthetic,True,2,True
2026-09-17T12:35:14.764453+00:00,synthetic,synth_gen_GUESSING_REPEAT,synthetic,1210,26,8190.1,77.0,0,0.509,0.391,0,13,1,797.0421635180912,2,0,5,18,0,2,4,7,False,,synthetic,True,2,True
2026-09-17T12:35:14.764453+00:00,synthetic,synth_gen_GUESSING_REPEAT,synthetic,1211,49,6397.9,56.1,0,0.7788,0.0752,0,12,3,44361.92392905849,2,0,3,16,0,2,3,14,False,,synthetic,True,2,True
2026-09-17T12:35:14.764453+00:00,synthetic,synth_gen_GUESSING_REPEAT,synthetic,1212,16,6000,49.1,0,0.8771,0.1351,0,7,1,34134.44982966069,2,0,3,18,0,2,17,28,False,,synthetic,True,2,True
2026-09-17T12:35:14.764453+00:00,synthetic,synth_gen_GUESSING_REPEAT,synthetic,1213,34,6000,109.8,0,0.6587,0.4764,0,12,2,70470.06115427412,2,0,6,7,0,2,57,54,False,,synthetic,True,2,True
2026-09-17T12:35:14.764453+00:00,synthetic,synth_gen_GUESSING_REPEAT,synthetic,1214,12,6000,74.4,0,0.4108,0.1585,0,13,2,66769.22148462269,2,0,2,1,0,2,57,48,False,,synthetic,True,2,True
2026-09-17T12:35:14.764453+00:00,synthetic,synth_gen_GUESSING_REPEAT,synthetic,1215,49,9898.4,243.0,0,0,0.534,0,14,5,76785.51663686757,2,0,2,2,0,2,7,8,False,,synthetic,True,2,True
2026-09-17T12:35:14.764453+00:00,synthetic,synth_gen_GUESSING_REPEAT,synthetic,1216,25,6000,320.0,0,1,0.441,0,14,2,68850.97162489536,2,0,4,18,0,2,55,48,False,,synthetic,True,2,True
2026-09-17T12:35:14.764453+00:00,synthetic,synth_gen_GUESSING_REPEAT,synthetic,1217,4,9674.5,66.1,0,0.9739,0.3859,0,3,4,38883.19233780205,2,0,6,0,0,2,30,24,False,,synthetic,True,2,True
2026-09-17T12:35:14.764453+00:00,synthetic,synth_gen_GUESSING_REPEAT,synthetic,1218,6,6000,97.6,0,0.3699,0,0,7,1,61813.041431416495,2,0,4,6,0,2,6,11,False,,synthetic,True,2,True
2026-09-17T12:35:14.764453+00:00,synthetic,synth_gen_GUESSING_REPEAT,synthetic,1219,11,8126.8,45.1,0,0.8298,0,0,1,3,66327.46380776775,2,0,2,10,0,2,16,24,False,,synthetic,True,2,True
2026-09-17T12:35:14.764453+00:00,synthetic,synth_gen_GUESSING_REPEAT,synthetic,1220,13,6000,60.0,0,0.8963,0.4046,0,8,5,56546.6855711553,2,0,2,3,0,2,31,26,False,,synthetic,True,2,True
2026-09-17T12:35:14.764453+00:00,synthetic,synth_gen_GUESSING_REPEAT,synthetic,1221,10,9374.0,112.7,0,0.4718,0.155,0,7,4,47184.52466580527,2,0,6,5,0,2,14,1,False,,synthetic,True,2,True
2026-09-17T12:35:14.764453+00:00,synthetic,synth_gen_GUESSING_REPEAT,synthetic,1222,38,6000,44.7,0,0.5393,0,0,9,2,84477.51134210353,2,0,6,4,0,2,30,23,False,,synthetic,True,2,True
2026-09-17T12:35:14.764453+00:00,synthetic,synth_gen_GUESSING_REPEAT,synthetic,1223,28,8014.7,151.1,0,0.1443,0.2318,0,13,3,69125.16050422702,2,0,4,9,0,2,33,40,False,,synthetic,True,2,True
2026-09-17T12:35:14.764453+00:00,synthetic,synth_gen_GUESSING_REPEAT,synthetic,1224,22,6000,181.4,0,0,0.4825,0,13,5,82198.30059957283,2,0,1,2,0,2,12,13,False,,synthetic,True,2,True
2026-09-17T12:35:14.764453+00:00,synthetic,synth_gen_GUESSING_REPEAT,synthetic,1225,31,6000,142.4,0,1,0,0,4,1,56337.802856807204,2,0,2,17,0,2,55,62,False,,synthetic,True,2,True
2026-09-17T12:35:14.764453+00:00,synthetic,synth_gen_GUESSING_REPEAT,synthetic,1226,4,6810.7,54.9,0,0,0.3025,0,12,3,25129.817941839046,2,0,6,16,0,2,14,4,False,,synthetic,True,2,True
2026-09-17T12:35:14.764453+00:00,synthetic,synth_gen_GUESSING_REPEAT,synthetic,1227,33,6000,71.6,0,0.3128,0.4571,0,12,3,81890.72808321498,2,0,4,8,0,2,28,29,False,,synthetic,True,2,True
2026-09-17T12:35:14.764453+00:00,synthetic,synth_gen_GUESSING_REPEAT,synthetic,1228,36,7279.4,78.2,0,0.0708,0.5423,0,12,2,77330.39958568088,2,0,2,14,0,2,41,36,False,,synthetic,True,2,True
2026-09-17T12:35:14.764453+00:00,synthetic,synth_gen_GUESSING_REPEAT,synthetic,1229,38,7064.7,119.4,0,0.7475,0.0697,0,8,3,25764.55023827415,2,0,5,13,0,2,16,28,False,,synthetic,True,2,True
2026-09-17T12:35:14.764453+00:00,synthetic,synth_gen_GUESSING_REPEAT,synthetic,1230,19,6000,146.0,0,0,0,0,14,2,49235.13628577291,2,0,6,5,0,2,17,26,False,,synthetic,True,2,True
2026-09-17T12:35:14.764453+00:00,synthetic,synth_gen_GUESSING_REPEAT,synthetic,1231,33,6000,151.7,0,0.0359,0.1441,0,4,1,51198.08990685905,2,0,3,14,0,2,10,11,False,,synthetic,True,2,True
2026-09-17T12:35:14.764453+00:00,synthetic,synth_gen_GUESSING_REPEAT,synthetic,1232,5,6000,233.1,0,0.2243,0.5945,0,9,2,39600.72915257204,2,0,6,0,0,2,3,8,False,,synthetic,True,2,True
2026-09-17T12:35:14.764453+00:00,synthetic,synth_gen_GUESSING_REPEAT,synthetic,1233,23,6000,134.8,0,0.6288,0,0,10,5,49076.280958892734,2,0,2,14,0,2,4,11,False,,synthetic,True,2,True
2026-09-17T12:35:14.764453+00:00,synthetic,synth_gen_GUESSING_REPEAT,synthetic,1234,10,6000,143.9,0,0.5697,0.2414,0,7,3,49691.10360028702,2,0,6,7,0,2,45,39,False,,synthetic,True,2,True
2026-09-17T12:35:14.764453+00:00,synthetic,synth_gen_GUESSING_REPEAT,synthetic,1235,26,6000,271.5,0,0.8417,0.0829,0,4,1,73225.12760815222,2,0,6,11,0,2,12,9,False,,synthetic,True,2,True
2026-09-17T12:35:14.764453+00:00,synthetic,synth_gen_GUESSING_REPEAT,synthetic,1236,28,6000,65.7,0,0.2825,0.5531,0,6,5,9601.246665005187,2,0,2,17,0,2,44,46,False,,synthetic,True,2,True
2026-09-17T12:35:14.764453+00:00,synthetic,synth_gen_GUESSING_REPEAT,synthetic,1237,42,6000,152.8,0,0.8997,0.1226,0,4,2,39027.70658415244,2,0,3,17,0,2,51,53,False,,synthetic,True,2,True
2026-09-17T12:35:14.764453+00:00,synthetic,synth_gen_GUESSING_REPEAT,synthetic,1238,23,6425.7,59.5,0,0.421,0.5757,0,9,2,59696.18878996555,2,0,2,3,0,2,12,9,False,,synthetic,True,2,True
2026-09-17T12:35:14.764453+00:00,synthetic,synth_gen_GUESSING_REPEAT,synthetic,1239,39,6000,160.0,0,0,0.1703,0,14,1,45337.300567161605,2,0,2,20,0,2,20,25,False,,synthetic,True,2,True
2026-09-17T12:35:14.764453+00:00,synthetic,synth_gen_GUESSING_REPEAT,synthetic,1240,9,6000,75.7,0,0.061,0.6227,0,12,5,59546.9148720485,2,0,2,2,0,2,60,49,False,,synthetic,True,2,True
2026-09-17T12:35:14.764453+00:00,synthetic,synth_gen_GUESSING_REPEAT,synthetic,1241,16,6000,163.8,0,0.8085,0.1026,0,14,4,3363.4206737378936,2,0,1,12,0,2,33,41,False,,synthetic,True,2,True
2026-09-17T12:35:14.764453+00:00,synthetic,synth_gen_GUESSING_REPEAT,synthetic,1242,36,8686.7,144.2,0,0,0.3087,0,3,2,31398.45572704819,2,0,6,18,0,2,50,63,False,,synthetic,True,2,True
2026-09-17T12:35:14.764453+00:00,synthetic,synth_gen_GUESSING_REPEAT,synthetic,1243,43,12518.4,134.7,0,0.3938,0.4328,0,1,2,12963.674400036676,2,0,5,1,0,2,2,3,False,,synthetic,True,2,True
2026-09-17T12:35:14.764453+00:00,synthetic,synth_gen_GUESSING_REPEAT,synthetic,1244,38,6159.8,138.7,0,0.6304,0,0,10,1,61491.01955060083,2,0,2,3,0,2,32,39,False,,synthetic,True,2,True
2026-09-17T12:35:14.764453+00:00,synthetic,synth_gen_GUESSING_REPEAT,synthetic,1245,44,7246.0,129.4,0,0.4767,0.0479,0,2,5,64129.18008704119,2,0,4,1,0,2,19,23,False,,synthetic,True,2,True
2026-09-17T12:35:14.764453+00:00,synthetic,synth_gen_GUESSING_REPEAT,synthetic,1246,7,8309.6,39.1,0,0.5552,0.7231,0,13,1,24351.76970711882,2,0,2,20,0,2,55,49,False,,synthetic,True,2,True
2026-09-17T12:35:14.764453+00:00,synthetic,synth_gen_GUESSING_REPEAT,synthetic,1247,25,7026.0,80.8,0,0.079,0,0,5,2,12735.63965001153,2,0,6,8,0,2,30,31,False,,synthetic,True,2,True
2026-09-17T12:35:14.764453+00:00,synthetic,synth_gen_GUESSING_REPEAT,synthetic,1248,29,6000,67.1,0,0,0,0,2,3,9.84242262750712,2,0,6,17,0,2,5,9,False,,synthetic,True,2,True
2026-09-17T12:35:14.764453+00:00,synthetic,synth_gen_GUESSING_REPEAT,synthetic,1249,5,6000,98.4,0,0.2767,0.2257,0,2,1,49318.74860737659,2,0,6,7,0,2,30,21,False,,synthetic,True,2,True
2026-09-17T12:35:14.764453+00:00,synthetic,synth_gen_GUESSING_REPEAT,synthetic,1250,26,14000,70.4,0,0,0,0,14,3,22282.803703444442,2,0,2,20,0,2,54,63,False,,synthetic,True,2,True
2026-09-17T12:35:14.764453+00:00,synthetic,synth_gen_GUESSING_REPEAT,synthetic,1251,40,11531.0,101.3,0,0.8696,0.2207,0,13,3,30561.251961038342,2,0,3,19,0,2,55,50,False,,synthetic,True,2,True
2026-09-17T12:35:14.764453+00:00,synthetic,synth_gen_GUESSING_REPEAT,synthetic,1252,30,7835.5,68.0,0,0.4299,0.5189,0,7,1,20792.86817612209,2,0,4,18,0,2,53,54,False,,synthetic,True,2,True
2026-09-17T12:35:14.764453+00:00,synthetic,synth_gen_GUESSING_REPEAT,synthetic,1253,1,6000,36.9,0,0.96,0.5857,0,4,1,54630.31803425222,2,0,6,0,0,2,6,11,False,,synthetic,True,2,True
2026-09-17T12:35:14.764453+00:00,synthetic,synth_gen_GUESSING_REPEAT,synthetic,1254,41,14000,83.3,0,0.8076,0.3467,0,2,4,65096.01958093156,2,0,6,4,0,2,49,53,False,,synthetic,True,2,True
2026-09-17T12:35:14.764453+00:00,synthetic,synth_gen_GUESSING_REPEAT,synthetic,1255,15,6000,130.1,0,0.8491,0.7285,0,8,5,61148.7716250908,2,0,4,3,0,2,48,61,False,,synthetic,True,2,True
2026-09-17T12:35:14.764453+00:00,synthetic,synth_gen_GUESSING_REPEAT,synthetic,1256,5,6000,89.0,0,0,0.2375,0,2,1,76530.58604519973,2,0,5,14,0,2,5,11,False,,synthetic,True,2,True
2026-09-17T12:35:14.764453+00:00,synthetic,synth_gen_GUESSING_REPEAT,synthetic,1257,10,6000,106.6,0,0.4255,0.0909,0,12,1,3623.0858095860867,2,0,3,2,0,2,33,45,False,,synthetic,True,2,True
2026-09-17T12:35:14.764453+00:00,synthetic,synth_gen_GUESSING_REPEAT,synthetic,1258,21,10746.7,161.2,0,0.7723,0.3704,0,7,5,10612.832680101017,2,0,5,20,0,2,62,61,False,,synthetic,True,2,True
2026-09-17T12:35:14.764453+00:00,synthetic,synth_gen_GUESSING_REPEAT,synthetic,1259,49,6000,74.2,0,0.5811,0.1173,0,4,4,45550.16735574981,2,0,6,5,0,2,6,8,False,,synthetic,True,2,True
2026-09-17T12:35:14.764453+00:00,synthetic,synth_gen_GUESSING_REPEAT,synthetic,1260,19,6000,57.4,0,0.121,0.011,0,7,2,75790.79085994636,2,0,4,0,0,2,35,32,False,,synthetic,True,2,True
2026-09-17T12:35:14.764453+00:00,synthetic,synth_gen_HESITANT_HINT,synthetic,1261,39,5390.4,77.3,1,0.7182,0.1342,1,2,5,76400.34791971462,1,0,4,16,1,1,5,10,False,,synthetic,True,2,True
2026-09-17T12:35:14.764453+00:00,synthetic,synth_gen_HESITANT_HINT,synthetic,1262,22,2979.0,46.5,1,0.787,0.6811,2,11,3,70272.61085003315,1,0,1,2,1,1,1,9,False,,synthetic,True,2,True
2026-09-17T12:35:14.764453+00:00,synthetic,synth_gen_HESITANT_HINT,synthetic,1263,40,2128.2,144.6,1,0.5112,0.2885,2,2,5,11840.603060474235,1,0,2,5,1,1,25,29,False,,synthetic,True,2,True
2026-09-17T12:35:14.764453+00:00,synthetic,synth_gen_HESITANT_HINT,synthetic,1264,5,1471.1,274.9,1,1,0.5819,0,2,2,2821.07207167395,1,0,2,9,1,1,27,19,False,,synthetic,True,2,True
2026-09-17T12:35:14.764453+00:00,synthetic,synth_gen_HESITANT_HINT,synthetic,1265,32,5999,72.3,1,0,0.4065,2,6,1,1204.8557967956654,1,0,1,13,1,1,31,28,False,,synthetic,True,2,True
2026-09-17T12:35:14.764453+00:00,synthetic,synth_gen_HESITANT_HINT,synthetic,1266,10,1504.2,48.6,1,0.5925,0.1655,2,1,3,47770.41621403732,1,0,4,6,1,1,15,6,False,,synthetic,True,2,True
2026-09-17T12:35:14.764453+00:00,synthetic,synth_gen_HESITANT_HINT,synthetic,1267,12,2482.4,61.4,1,0.2549,0.0876,1,13,3,84943.04169699847,1,0,4,17,1,1,58,54,False,,synthetic,True,2,True
2026-09-17T12:35:14.764453+00:00,synthetic,synth_gen_HESITANT_HINT,synthetic,1268,31,5999,79.5,1,0.4722,0.2413,2,1,1,35014.46855818985,1,0,1,5,1,1,44,32,False,,synthetic,True,2,True
2026-09-17T12:35:14.764453+00:00,synthetic,synth_gen_HESITANT_HINT,synthetic,1269,25,3008.8,64.5,1,1,0.6447,1,11,3,65241.57499251508,1,0,5,2,1,1,33,35,False,,synthetic,True,2,True
2026-09-17T12:35:14.764453+00:00,synthetic,synth_gen_HESITANT_HINT,synthetic,1270,9,3014.6,121.3,1,0.7515,0.2148,0,14,5,54513.192240271324,1,0,4,15,1,1,52,48,False,,synthetic,True,2,True
2026-09-17T12:35:14.764453+00:00,synthetic,synth_gen_HESITANT_HINT,synthetic,1271,15,1611.9,104.9,1,0.1729,0.1415,0,4,4,36631.50777764749,1,0,3,18,1,1,63,51,False,,synthetic,True,2,True
2026-09-17T12:35:14.764453+00:00,synthetic,synth_gen_HESITANT_HINT,synthetic,1272,39,3424.8,66.6,1,0.4883,0,0,1,2,36766.54381837616,1,0,4,20,1,1,10,12,False,,synthetic,True,2,True
2026-09-17T12:35:14.764453+00:00,synthetic,synth_gen_HESITANT_HINT,synthetic,1273,48,1736.3,95.5,1,0.0158,0.5539,1,1,5,42539.013800772715,1,0,5,14,1,1,47,35,False,,synthetic,True,2,True
2026-09-17T12:35:14.764453+00:00,synthetic,synth_gen_HESITANT_HINT,synthetic,1274,0,3331.6,147.2,1,0.6844,0.3983,1,3,3,85724.74600588637,1,0,5,19,1,1,27,26,False,,synthetic,True,2,True
2026-09-17T12:35:14.764453+00:00,synthetic,synth_gen_HESITANT_HINT,synthetic,1275,14,1558.9,86.7,1,0.773,0.0615,0,15,5,40805.423923624956,1,0,4,2,1,1,7,12,False,,synthetic,True,2,True
2026-09-17T12:35:14.764453+00:00,synthetic,synth_gen_HESITANT_HINT,synthetic,1276,1,3362.4,88.2,1,1,0.351,1,1,2,5588.124844356357,1,0,3,7,1,1,32,41,False,,synthetic,True,2,True
2026-09-17T12:35:14.764453+00:00,synthetic,synth_gen_HESITANT_HINT,synthetic,1277,42,3790.6,83.5,1,0.4624,0.6157,0,14,3,58558.37225806065,1,0,4,16,1,1,39,47,False,,synthetic,True,2,True
2026-09-17T12:35:14.764453+00:00,synthetic,synth_gen_HESITANT_HINT,synthetic,1278,16,1871.1,86.8,1,0.9787,0.1778,1,13,2,37573.86448083852,1,0,2,19,1,1,35,41,False,,synthetic,True,2,True
2026-09-17T12:35:14.764453+00:00,synthetic,synth_gen_HESITANT_HINT,synthetic,1279,15,3009.1,108.8,1,0.3819,0.4833,2,12,1,75143.14285109569,1,0,2,12,1,1,46,34,False,,synthetic,True,2,True
2026-09-17T12:35:14.764453+00:00,synthetic,synth_gen_HESITANT_HINT,synthetic,1280,39,3781.9,85.5,1,0.4823,0.4147,0,14,4,39180.72725876023,1,0,1,3,1,1,8,15,False,,synthetic,True,2,True
2026-09-17T12:35:14.764453+00:00,synthetic,synth_gen_HESITANT_HINT,synthetic,1281,28,741.4,47.7,1,0.8517,0.1163,0,2,2,6211.404598766061,1,0,5,16,1,1,59,54,False,,synthetic,True,2,True
2026-09-17T12:35:14.764453+00:00,synthetic,synth_gen_HESITANT_HINT,synthetic,1282,30,3641.9,130.9,1,0.2706,0.4493,2,15,1,34044.33103565629,1,0,4,18,1,1,32,34,False,,synthetic,True,2,True
2026-09-17T12:35:14.764453+00:00,synthetic,synth_gen_HESITANT_HINT,synthetic,1283,20,640.8,92.9,1,0.4154,0.6099,0,15,5,66105.24265771803,1,0,3,0,1,1,58,48,False,,synthetic,True,2,True
2026-09-17T12:35:14.764453+00:00,synthetic,synth_gen_HESITANT_HINT,synthetic,1284,40,1808.4,142.7,1,0.3143,0.4843,2,15,5,37891.29340440913,1,0,4,12,1,1,29,27,False,,synthetic,True,2,True
2026-09-17T12:35:14.764453+00:00,synthetic,synth_gen_HESITANT_HINT,synthetic,1285,14,2902.3,150.0,1,0,0.093,2,8,4,23678.749319049635,1,0,4,15,1,1,56,62,False,,synthetic,True,2,True
2026-09-17T12:35:14.764453+00:00,synthetic,synth_gen_HESITANT_HINT,synthetic,1286,31,3559.3,120.0,1,0.464,0,1,8,4,58619.99532810702,1,0,2,2,1,1,11,12,False,,synthetic,True,2,True
2026-09-17T12:35:14.764453+00:00,synthetic,synth_gen_HESITANT_HINT,synthetic,1287,3,1643.0,99.8,1,0.4729,0.1808,0,1,3,5623.376517366091,1,0,1,15,1,1,20,22,False,,synthetic,True,2,True
2026-09-17T12:35:14.764453+00:00,synthetic,synth_gen_HESITANT_HINT,synthetic,1288,46,2672.4,195.8,1,0.4549,0.6539,0,9,5,28157.828051105735,1,0,5,13,1,1,38,33,False,,synthetic,True,2,True
2026-09-17T12:35:14.764453+00:00,synthetic,synth_gen_HESITANT_HINT,synthetic,1289,7,2262.8,116.9,1,1,0.6737,0,15,3,23429.160473335476,1,0,5,5,1,1,24,19,False,,synthetic,True,2,True
2026-09-17T12:35:14.764453+00:00,synthetic,synth_gen_HESITANT_HINT,synthetic,1290,34,5999,116.6,1,0,0.0811,2,11,3,38281.797459127054,1,0,2,5,1,1,19,20,False,,synthetic,True,2,True
2026-09-17T12:35:14.764453+00:00,synthetic,synth_gen_HESITANT_HINT,synthetic,1291,28,2414.3,134.8,1,0.5299,0.2592,2,6,4,7378.907091333344,1,0,4,3,1,1,33,37,False,,synthetic,True,2,True
2026-09-17T12:35:14.764453+00:00,synthetic,synth_gen_HESITANT_HINT,synthetic,1292,14,5111.8,36.1,1,0.9533,0.6679,0,13,1,22974.31097954208,1,0,1,6,1,1,8,1,False,,synthetic,True,2,True
2026-09-17T12:35:14.764453+00:00,synthetic,synth_gen_HESITANT_HINT,synthetic,1293,47,3938.7,103.7,1,0.01,0,2,14,4,59526.445395836025,1,0,5,11,1,1,30,22,False,,synthetic,True,2,True
2026-09-17T12:35:14.764453+00:00,synthetic,synth_gen_HESITANT_HINT,synthetic,1294,44,4759.8,141.0,1,0.2191,0,0,6,4,79676.56705688711,1,0,2,9,1,1,16,22,False,,synthetic,True,2,True
2026-09-17T12:35:14.764453+00:00,synthetic,synth_gen_HESITANT_HINT,synthetic,1295,15,3215.2,65.4,1,0.2353,0.1523,0,15,2,37835.507338497606,1,0,2,2,1,1,1,8,False,,synthetic,True,2,True
2026-09-17T12:35:14.764453+00:00,synthetic,synth_gen_HESITANT_HINT,synthetic,1296,48,1391.3,141.4,1,0.368,0.421,0,4,4,31103.545983507152,1,0,1,6,1,1,63,56,False,,synthetic,True,2,True
2026-09-17T12:35:14.764453+00:00,synthetic,synth_gen_HESITANT_HINT,synthetic,1297,46,1515.9,45.2,1,0.0574,0.5937,1,4,5,80622.8343124461,1,0,2,11,1,1,23,18,False,,synthetic,True,2,True
2026-09-17T12:35:14.764453+00:00,synthetic,synth_gen_HESITANT_HINT,synthetic,1298,1,1927.3,33.6,1,0.8421,0.3762,1,11,4,45740.82684592765,1,0,5,15,1,1,9,11,False,,synthetic,True,2,True
2026-09-17T12:35:14.764453+00:00,synthetic,synth_gen_HESITANT_HINT,synthetic,1299,40,1473.5,121.9,1,0.2547,0.2977,1,6,1,30303.59667003547,1,0,2,1,1,1,33,36,False,,synthetic,True,2,True
2026-09-17T12:35:14.764453+00:00,synthetic,synth_gen_HESITANT_HINT,synthetic,1300,7,1328.4,117.0,1,0,0.3003,0,4,1,6662.25620971456,1,0,1,0,1,1,41,36,False,,synthetic,True,2,True
2026-09-17T12:35:14.764453+00:00,synthetic,synth_gen_HESITANT_HINT,synthetic,1301,42,1286.2,93.7,1,0.9314,0.3381,2,8,2,2155.1918661729283,1,0,5,19,1,1,55,62,False,,synthetic,True,2,True
2026-09-17T12:35:14.764453+00:00,synthetic,synth_gen_HESITANT_HINT,synthetic,1302,13,2660.8,146.9,1,0.2636,0.4325,0,9,1,52758.48820133974,1,0,3,17,1,1,2,3,False,,synthetic,True,2,True
2026-09-17T12:35:14.764453+00:00,synthetic,synth_gen_HESITANT_HINT,synthetic,1303,27,1608.0,143.7,1,0,0.7005,1,1,1,35020.487729443324,1,0,3,14,1,1,6,0,False,,synthetic,True,2,True
2026-09-17T12:35:14.764453+00:00,synthetic,synth_gen_HESITANT_HINT,synthetic,1304,7,1559.1,92.4,1,0.7301,0.6278,0,5,2,54270.53370329522,1,0,1,15,1,1,38,41,False,,synthetic,True,2,True
2026-09-17T12:35:14.764453+00:00,synthetic,synth_gen_HESITANT_HINT,synthetic,1305,28,2974.0,118.2,1,0.8706,0,1,6,3,12194.49182777728,1,0,2,1,1,1,17,16,False,,synthetic,True,2,True
2026-09-17T12:35:14.764453+00:00,synthetic,synth_gen_HESITANT_HINT,synthetic,1306,5,5999,75.9,1,0.5451,0,1,5,1,21715.216617188536,1,0,3,10,1,1,50,52,False,,synthetic,True,2,True
2026-09-17T12:35:14.764453+00:00,synthetic,synth_gen_HESITANT_HINT,synthetic,1307,8,3258.5,136.9,1,0.286,0.4589,1,12,1,41049.14520872122,1,0,3,13,1,1,54,49,False,,synthetic,True,2,True
2026-09-17T12:35:14.764453+00:00,synthetic,synth_gen_HESITANT_HINT,synthetic,1308,4,791.6,114.1,1,1,0.1292,1,8,1,8573.503527509662,1,0,4,18,1,1,27,31,False,,synthetic,True,2,True
2026-09-17T12:35:14.764453+00:00,synthetic,synth_gen_HESITANT_HINT,synthetic,1309,1,5999,152.3,1,0.6883,0,2,6,5,60684.49294981267,1,0,5,1,1,1,31,22,False,,synthetic,True,2,True
2026-09-17T12:35:14.764453+00:00,synthetic,synth_gen_HESITANT_HINT,synthetic,1310,45,2889.4,67.1,1,0.6134,0.547,1,3,3,69689.59218755846,1,0,3,14,1,1,51,48,False,,synthetic,True,2,True
2026-09-17T12:35:14.764453+00:00,synthetic,synth_gen_HESITANT_HINT,synthetic,1311,4,1218.2,127.0,1,0.4635,0.1332,0,4,1,16035.144536417947,1,0,4,17,1,1,10,5,False,,synthetic,True,2,True
2026-09-17T12:35:14.764453+00:00,synthetic,synth_gen_HESITANT_HINT,synthetic,1312,10,2329.4,101.7,1,0.7704,0.2314,2,15,3,25140.78371252937,1,0,5,3,1,1,13,7,False,,synthetic,True,2,True
2026-09-17T12:35:14.764453+00:00,synthetic,synth_gen_HESITANT_HINT,synthetic,1313,2,4242.3,33.0,1,1,0.1407,2,2,3,80128.9682683655,1,0,3,7,1,1,8,3,False,,synthetic,True,2,True
2026-09-17T12:35:14.764453+00:00,synthetic,synth_gen_HESITANT_HINT,synthetic,1314,24,3960.9,152.5,1,0.753,0.2699,2,3,5,62915.4501482107,1,0,5,12,1,1,2,10,False,,synthetic,True,2,True
2026-09-17T12:35:14.764453+00:00,synthetic,synth_gen_HESITANT_HINT,synthetic,1315,10,2101.6,42.1,1,0.7724,0.0503,2,14,4,82923.6908860015,1,0,4,6,1,1,17,28,False,,synthetic,True,2,True
2026-09-17T12:35:14.764453+00:00,synthetic,synth_gen_HESITANT_HINT,synthetic,1316,39,5448.3,172.1,1,0.455,0.4375,0,8,3,52764.415229760874,1,0,2,20,1,1,58,53,False,,synthetic,True,2,True
2026-09-17T12:35:14.764453+00:00,synthetic,synth_gen_HESITANT_HINT,synthetic,1317,24,2050.6,48.8,1,0.2321,0.8343,1,5,1,13180.030621818596,1,0,1,7,1,1,56,62,False,,synthetic,True,2,True
2026-09-17T12:35:14.764453+00:00,synthetic,synth_gen_HESITANT_HINT,synthetic,1318,30,5717.1,61.1,1,0,0.6522,2,4,4,38036.887876011795,1,0,4,12,1,1,15,7,False,,synthetic,True,2,True
2026-09-17T12:35:14.764453+00:00,synthetic,synth_gen_HESITANT_HINT,synthetic,1319,42,1670.7,83.1,1,0.2909,0.1715,0,15,4,62330.59151805494,1,0,2,10,1,1,8,15,False,,synthetic,True,2,True
2026-09-17T12:35:14.764453+00:00,synthetic,synth_gen_HESITANT_HINT,synthetic,1320,43,1362.9,60.6,1,1,0,1,11,4,83526.02300169466,1,0,1,16,1,1,13,4,False,,synthetic,True,2,True
2026-09-17T12:35:14.764453+00:00,synthetic,synth_gen_HESITANT_HINT,synthetic,1321,43,4342.0,68.0,1,0.9933,0,1,7,1,85444.11914307477,1,0,4,12,1,1,8,1,False,,synthetic,True,2,True
2026-09-17T12:35:14.764453+00:00,synthetic,synth_gen_HESITANT_HINT,synthetic,1322,8,2142.7,102.0,1,0.3761,0.0997,2,9,1,39543.109112761755,1,0,5,7,1,1,1,14,False,,synthetic,True,2,True
2026-09-17T12:35:14.764453+00:00,synthetic,synth_gen_HESITANT_HINT,synthetic,1323,12,4880.6,99.7,1,0,0.4421,2,12,1,17433.160740413492,1,0,2,4,1,1,40,39,False,,synthetic,True,2,True
2026-09-17T12:35:14.764453+00:00,synthetic,synth_gen_HESITANT_HINT,synthetic,1324,18,3622.0,62.5,1,0.7667,0.3575,1,12,4,71781.02508228889,1,0,4,20,1,1,18,17,False,,synthetic,True,2,True
2026-09-17T12:35:14.764453+00:00,synthetic,synth_gen_HESITANT_HINT,synthetic,1325,42,5999,205.9,1,0.7649,0.4704,1,5,3,58216.45901204078,1,0,3,19,1,1,56,54,False,,synthetic,True,2,True
2026-09-17T12:35:14.764453+00:00,synthetic,synth_gen_HESITANT_HINT,synthetic,1326,37,4408.5,239.9,1,0.189,0.2166,1,8,4,71771.82083482872,1,0,2,12,1,1,58,52,False,,synthetic,True,2,True
2026-09-17T12:35:14.764453+00:00,synthetic,synth_gen_HESITANT_HINT,synthetic,1327,6,1585.8,88.9,1,0,0.349,1,13,2,43969.22185168773,1,0,5,13,1,1,37,32,False,,synthetic,True,2,True
2026-09-17T12:35:14.764453+00:00,synthetic,synth_gen_HESITANT_HINT,synthetic,1328,5,3639.8,93.6,1,0.3167,0.7914,2,2,3,62326.08649411348,1,0,2,4,1,1,59,56,False,,synthetic,True,2,True
2026-09-17T12:35:14.764453+00:00,synthetic,synth_gen_HESITANT_HINT,synthetic,1329,36,4538.3,89.9,1,0.562,0.2309,1,3,2,26737.978811509365,1,0,4,20,1,1,32,46,False,,synthetic,True,2,True
2026-09-17T12:35:14.764453+00:00,synthetic,synth_gen_HESITANT_HINT,synthetic,1330,7,3173.3,65.0,1,0,0.0983,1,4,2,37312.37037911847,1,0,2,4,1,1,5,6,False,,synthetic,True,2,True
2026-09-17T12:35:14.764453+00:00,synthetic,synth_gen_HESITANT_HINT,synthetic,1331,34,2630.3,230.5,1,0.3671,0.8914,2,8,1,35053.16272902928,1,0,4,3,1,1,2,9,False,,synthetic,True,2,True
2026-09-17T12:35:14.764453+00:00,synthetic,synth_gen_HESITANT_HINT,synthetic,1332,7,1134.1,89.3,1,0.5387,0.2459,1,4,5,71486.81178172622,1,0,5,3,1,1,43,35,False,,synthetic,True,2,True
2026-09-17T12:35:14.764453+00:00,synthetic,synth_gen_HESITANT_HINT,synthetic,1333,26,2280.2,89.1,1,0.6508,0,0,15,4,8229.48035419257,1,0,4,2,1,1,47,38,False,,synthetic,True,2,True
2026-09-17T12:35:14.764453+00:00,synthetic,synth_gen_HESITANT_HINT,synthetic,1334,5,2600.6,91.9,1,0.8038,0.1875,2,12,4,83091.02138845333,1,0,3,19,1,1,2,14,False,,synthetic,True,2,True
2026-09-17T12:35:14.764453+00:00,synthetic,synth_gen_HESITANT_HINT,synthetic,1335,34,2993.6,126.0,1,0.6004,0.5369,0,14,2,44564.98276113978,1,0,3,4,1,1,56,52,False,,synthetic,True,2,True
2026-09-17T12:35:14.764453+00:00,synthetic,synth_gen_HESITANT_HINT,synthetic,1336,11,2660.1,99.8,1,0.6508,0.6579,1,12,3,83885.98421459488,1,0,2,10,1,1,29,24,False,,synthetic,True,2,True
2026-09-17T12:35:14.764453+00:00,synthetic,synth_gen_HESITANT_HINT,synthetic,1337,19,1974.4,110.1,1,0.399,0.1437,0,12,3,5753.1799013376485,1,0,5,16,1,1,1,3,False,,synthetic,True,2,True
2026-09-17T12:35:14.764453+00:00,synthetic,synth_gen_HESITANT_HINT,synthetic,1338,49,3362.4,223.0,1,0,0.5172,1,14,4,33592.171795533686,1,0,5,20,1,1,15,4,False,,synthetic,True,2,True
2026-09-17T12:35:14.764453+00:00,synthetic,synth_gen_HESITANT_HINT,synthetic,1339,3,2714.5,58.2,1,1,0.7873,0,15,5,1736.389488536357,1,0,2,18,1,1,46,38,False,,synthetic,True,2,True
2026-09-17T12:35:14.764453+00:00,synthetic,synth_gen_HESITANT_HINT,synthetic,1340,47,1297.7,88.9,1,0.0003,0.2789,0,10,3,46754.546593661325,1,0,4,6,1,1,7,2,False,,synthetic,True,2,True
2026-09-17T12:35:14.764453+00:00,synthetic,synth_gen_HESITANT_HINT,synthetic,1341,30,2195.9,56.3,1,0.4769,0.2461,0,4,2,58616.55506129553,1,0,4,2,1,1,30,23,False,,synthetic,True,2,True
2026-09-17T12:35:14.764453+00:00,synthetic,synth_gen_HESITANT_HINT,synthetic,1342,49,3436.7,105.5,1,0,0.1714,1,5,1,46713.024943996934,1,0,3,4,1,1,29,19,False,,synthetic,True,2,True
2026-09-17T12:35:14.764453+00:00,synthetic,synth_gen_HESITANT_HINT,synthetic,1343,16,2098.9,33.8,1,0,0.2335,0,4,3,2752.3173528107136,1,0,5,11,1,1,31,18,False,,synthetic,True,2,True
2026-09-17T12:35:14.764453+00:00,synthetic,synth_gen_HESITANT_HINT,synthetic,1344,38,2085.5,56.8,1,0,0.001,0,8,2,69768.27682750722,1,0,3,9,1,1,2,6,False,,synthetic,True,2,True
2026-09-17T12:35:14.764453+00:00,synthetic,synth_gen_HESITANT_HINT,synthetic,1345,27,2651.2,190.1,1,0.3672,0.3134,0,13,5,76609.33467758117,1,0,5,6,1,1,40,41,False,,synthetic,True,2,True
2026-09-17T12:35:14.764453+00:00,synthetic,synth_gen_HESITANT_HINT,synthetic,1346,14,3200.3,44.4,1,0.1349,0.8374,2,3,1,36203.285500704806,1,0,4,15,1,1,17,20,False,,synthetic,True,2,True
2026-09-17T12:35:14.764453+00:00,synthetic,synth_gen_HESITANT_HINT,synthetic,1347,32,2296.1,155.9,1,0.5895,0.3482,1,15,3,1748.2382114029886,1,0,5,2,1,1,20,23,False,,synthetic,True,2,True
2026-09-17T12:35:14.764453+00:00,synthetic,synth_gen_HESITANT_HINT,synthetic,1348,48,5999,64.7,1,0.2067,0,0,11,1,81752.70411320086,1,0,5,2,1,1,8,9,False,,synthetic,True,2,True
2026-09-17T12:35:14.764453+00:00,synthetic,synth_gen_HESITANT_HINT,synthetic,1349,15,2296.7,143.4,1,0,0.0341,0,6,2,76759.25660568119,1,0,1,19,1,1,24,21,False,,synthetic,True,2,True
2026-09-17T12:35:14.764453+00:00,synthetic,synth_gen_HESITANT_HINT,synthetic,1350,48,1858.8,152.7,1,0.8426,0.2374,1,1,3,41598.1254153056,1,0,3,4,1,1,2,1,False,,synthetic,True,2,True
2026-09-17T12:35:14.764453+00:00,synthetic,synth_gen_HESITANT_HINT,synthetic,1351,38,5999,157.4,1,0.4878,0.7381,0,4,2,57197.17990847849,1,0,3,12,1,1,24,22,False,,synthetic,True,2,True
2026-09-17T12:35:14.764453+00:00,synthetic,synth_gen_HESITANT_HINT,synthetic,1352,43,1892.1,64.8,1,0,0.1912,2,4,2,14963.055382431654,1,0,4,10,1,1,42,35,False,,synthetic,True,2,True
2026-09-17T12:35:14.764453+00:00,synthetic,synth_gen_HESITANT_HINT,synthetic,1353,1,4916.3,87.9,1,0.5048,0.356,0,10,4,38977.44158939816,1,0,2,1,1,1,17,28,False,,synthetic,True,2,True
2026-09-17T12:35:14.764453+00:00,synthetic,synth_gen_HESITANT_HINT,synthetic,1354,36,1016.5,84.4,1,0.5422,0.0575,1,3,5,78341.23346132506,1,0,4,6,1,1,49,55,False,,synthetic,True,2,True
2026-09-17T12:35:14.764453+00:00,synthetic,synth_gen_HESITANT_HINT,synthetic,1355,27,3825.6,58.1,1,0.9562,0.3385,1,3,2,71277.44350661061,1,0,3,2,1,1,30,31,False,,synthetic,True,2,True
2026-09-17T12:35:14.764453+00:00,synthetic,synth_gen_HESITANT_HINT,synthetic,1356,37,3014.8,103.5,1,0.321,0.2132,2,9,3,69465.68712408112,1,0,2,2,1,1,4,14,False,,synthetic,True,2,True
2026-09-17T12:35:14.764453+00:00,synthetic,synth_gen_HESITANT_HINT,synthetic,1357,47,4057.2,67.8,1,0.4645,0.4319,2,13,2,67232.2005007344,1,0,5,2,1,1,12,0,False,,synthetic,True,2,True
2026-09-17T12:35:14.764453+00:00,synthetic,synth_gen_HESITANT_HINT,synthetic,1358,1,5553.6,43.8,1,0.83,0.3669,0,6,3,30727.666729656532,1,0,3,11,1,1,48,56,False,,synthetic,True,2,True
2026-09-17T12:35:14.764453+00:00,synthetic,synth_gen_HESITANT_HINT,synthetic,1359,38,2318.6,72.0,1,0.2012,0.5851,0,15,2,8957.907567583843,1,0,5,13,1,1,62,53,False,,synthetic,True,2,True
2026-09-17T12:35:14.764453+00:00,synthetic,synth_gen_HESITANT_HINT,synthetic,1360,41,1553.7,61.3,1,0.5229,0.1015,0,5,2,3274.573288193554,1,0,2,3,1,1,25,19,False,,synthetic,True,2,True
2026-09-17T12:35:14.764453+00:00,synthetic,synth_gen_HESITANT_HINT,synthetic,1361,14,1842.6,109.5,1,0.7064,0.1934,1,11,3,52543.41852789338,1,0,4,2,1,1,5,6,False,,synthetic,True,2,True
2026-09-17T12:35:14.764453+00:00,synthetic,synth_gen_HESITANT_HINT,synthetic,1362,37,1045.2,83.3,1,0.04,0.1117,1,7,1,49937.47134856782,1,0,2,5,1,1,7,8,False,,synthetic,True,2,True
2026-09-17T12:35:14.764453+00:00,synthetic,synth_gen_HESITANT_HINT,synthetic,1363,27,4240.2,140.3,1,0,0.3533,2,7,4,23097.39029833172,1,0,5,7,1,1,37,47,False,,synthetic,True,2,True
2026-09-17T12:35:14.764453+00:00,synthetic,synth_gen_HESITANT_HINT,synthetic,1364,35,4210.0,93.2,1,0.4062,0.3932,0,8,2,4677.079930759863,1,0,2,7,1,1,10,0,False,,synthetic,True,2,True
2026-09-17T12:35:14.764453+00:00,synthetic,synth_gen_HESITANT_HINT,synthetic,1365,23,4153.1,199.1,1,0.1591,0,1,7,4,71406.14801150405,1,0,1,4,1,1,18,23,False,,synthetic,True,2,True
2026-09-17T12:35:14.764453+00:00,synthetic,synth_gen_HESITANT_HINT,synthetic,1366,47,1826.6,184.4,1,0.4847,0.239,1,3,5,80976.78743872413,1,0,2,8,1,1,28,19,False,,synthetic,True,2,True
2026-09-17T12:35:14.764453+00:00,synthetic,synth_gen_HESITANT_HINT,synthetic,1367,16,1228.2,67.7,1,0.7619,0.0683,2,9,4,77215.70911757271,1,0,3,11,1,1,22,23,False,,synthetic,True,2,True
2026-09-17T12:35:14.764453+00:00,synthetic,synth_gen_HESITANT_HINT,synthetic,1368,17,500,105.0,1,1,0.5846,0,1,5,84432.11205600106,1,0,2,10,1,1,61,49,False,,synthetic,True,2,True
2026-09-17T12:35:14.764453+00:00,synthetic,synth_gen_HESITANT_HINT,synthetic,1369,19,2621.4,34.7,1,0.3116,0.4613,0,1,2,22107.286517372,1,0,2,2,1,1,54,55,False,,synthetic,True,2,True
2026-09-17T12:35:14.764453+00:00,synthetic,synth_gen_HESITANT_HINT,synthetic,1370,14,4374.1,55.4,1,0.7607,0.7727,2,6,2,227.90695734845235,1,0,5,15,1,1,19,27,False,,synthetic,True,2,True
2026-09-17T12:35:14.764453+00:00,synthetic,synth_gen_HESITANT_HINT,synthetic,1371,20,2914.8,87.2,1,0.5177,0.3345,1,7,5,83951.2417471317,1,0,1,8,1,1,61,51,False,,synthetic,True,2,True
2026-09-17T12:35:14.764453+00:00,synthetic,synth_gen_HESITANT_HINT,synthetic,1372,14,3925.9,117.6,1,0,0.5753,2,13,4,65233.106470061044,1,0,3,2,1,1,17,20,False,,synthetic,True,2,True
2026-09-17T12:35:14.764453+00:00,synthetic,synth_gen_HESITANT_HINT,synthetic,1373,37,5999,86.2,1,0.7671,1,2,4,1,55747.88531994071,1,0,5,18,1,1,19,16,False,,synthetic,True,2,True
2026-09-17T12:35:14.764453+00:00,synthetic,synth_gen_HESITANT_HINT,synthetic,1374,49,1997.7,76.2,1,0.6637,0.1741,0,6,4,59110.391957330234,1,0,1,0,1,1,21,30,False,,synthetic,True,2,True
2026-09-17T12:35:14.764453+00:00,synthetic,synth_gen_HESITANT_HINT,synthetic,1375,24,1323.2,61.1,1,0.426,0.2079,2,1,5,74193.31510640963,1,0,1,19,1,1,52,50,False,,synthetic,True,2,True
2026-09-17T12:35:14.764453+00:00,synthetic,synth_gen_HESITANT_HINT,synthetic,1376,17,2322.6,271.8,1,0.602,0.244,1,4,1,75928.58951993524,1,0,5,17,1,1,17,21,False,,synthetic,True,2,True
2026-09-17T12:35:14.764453+00:00,synthetic,synth_gen_HESITANT_HINT,synthetic,1377,30,2938.1,78.7,1,1,0.4137,1,9,4,82279.36601265389,1,0,5,17,1,1,14,1,False,,synthetic,True,2,True
2026-09-17T12:35:14.764453+00:00,synthetic,synth_gen_HESITANT_HINT,synthetic,1378,30,4455.9,96.6,1,0.8516,0.447,0,5,3,40047.46679017529,1,0,3,16,1,1,43,32,False,,synthetic,True,2,True
2026-09-17T12:35:14.764453+00:00,synthetic,synth_gen_HESITANT_HINT,synthetic,1379,18,1803.5,131.1,1,0.7651,0.3062,0,3,4,80878.31075929588,1,0,4,12,1,1,30,22,False,,synthetic,True,2,True
2026-09-17T12:35:14.764453+00:00,synthetic,synth_gen_HESITANT_HINT,synthetic,1380,46,806.9,56.0,1,0.488,0.0079,0,8,3,23736.20961442823,1,0,5,13,1,1,60,50,False,,synthetic,True,2,True
2026-09-17T12:35:14.764453+00:00,synthetic,synth_gen_HESITANT_HINT,synthetic,1381,9,3038.0,73.8,1,0.6164,0.1839,2,12,2,61081.28840402125,1,0,3,9,1,1,23,21,False,,synthetic,True,2,True
2026-09-17T12:35:14.764453+00:00,synthetic,synth_gen_HESITANT_HINT,synthetic,1382,34,3225.5,113.2,1,1,0.2374,2,15,2,17456.12601274443,1,0,5,12,1,1,10,1,False,,synthetic,True,2,True
2026-09-17T12:35:14.764453+00:00,synthetic,synth_gen_HESITANT_HINT,synthetic,1383,28,3478.0,95.5,1,0.1744,0.7001,0,6,2,60579.597689056005,1,0,5,15,1,1,40,35,False,,synthetic,True,2,True
2026-09-17T12:35:14.764453+00:00,synthetic,synth_gen_HESITANT_HINT,synthetic,1384,17,1646.5,91.1,1,0.1479,0,0,8,5,40493.377004165086,1,0,4,19,1,1,54,56,False,,synthetic,True,2,True
2026-09-17T12:35:14.764453+00:00,synthetic,synth_gen_HESITANT_HINT,synthetic,1385,17,3172.7,157.9,1,0.9104,0.412,2,2,5,43540.90002647781,1,0,5,18,1,1,61,52,False,,synthetic,True,2,True
2026-09-17T12:35:14.764453+00:00,synthetic,synth_gen_HESITANT_HINT,synthetic,1386,0,3133.0,45.7,1,1,0.5964,2,8,2,10539.871088252743,1,0,2,6,1,1,23,31,False,,synthetic,True,2,True
2026-09-17T12:35:14.764453+00:00,synthetic,synth_gen_HESITANT_HINT,synthetic,1387,13,3309.4,112.6,1,0.4792,0.1857,2,6,3,51016.621313174015,1,0,2,19,1,1,19,18,False,,synthetic,True,2,True
2026-09-17T12:35:14.764453+00:00,synthetic,synth_gen_HESITANT_HINT,synthetic,1388,8,1922.2,116.7,1,0.0622,0.449,0,12,5,73479.10415740957,1,0,3,13,1,1,23,27,False,,synthetic,True,2,True
2026-09-17T12:35:14.764453+00:00,synthetic,synth_gen_HESITANT_HINT,synthetic,1389,38,2571.6,180.6,1,0.9225,0.2609,0,1,2,28220.02293183005,1,0,3,7,1,1,47,42,False,,synthetic,True,2,True
2026-09-17T12:35:14.764453+00:00,synthetic,synth_gen_HESITANT_HINT,synthetic,1390,12,2401.7,54.1,1,0.4853,0.4069,1,5,1,31526.39562961052,1,0,2,14,1,1,3,4,False,,synthetic,True,2,True
2026-09-17T12:35:14.764453+00:00,synthetic,synth_gen_HESITANT_HINT,synthetic,1391,26,2209.1,129.6,1,0.102,0.5918,2,10,5,28511.707092306984,1,0,3,3,1,1,25,26,False,,synthetic,True,2,True
2026-09-17T12:35:14.764453+00:00,synthetic,synth_gen_HESITANT_HINT,synthetic,1392,39,1760.5,105.0,1,1,0.4582,0,4,5,27896.098373940302,1,0,3,10,1,1,16,26,False,,synthetic,True,2,True
2026-09-17T12:35:14.764453+00:00,synthetic,synth_gen_HESITANT_HINT,synthetic,1393,36,2755.7,177.1,1,0.254,0.525,0,14,3,28214.737671618484,1,0,2,13,1,1,45,35,False,,synthetic,True,2,True
2026-09-17T12:35:14.764453+00:00,synthetic,synth_gen_HESITANT_HINT,synthetic,1394,45,4153.2,76.0,1,0.0318,0.4328,2,11,4,45494.789606176026,1,0,4,20,1,1,48,53,False,,synthetic,True,2,True
2026-09-17T12:35:14.764453+00:00,synthetic,synth_gen_HESITANT_HINT,synthetic,1395,29,1888.9,98.9,1,0.2368,0.7993,0,2,3,45324.07359985947,1,0,2,7,1,1,40,33,False,,synthetic,True,2,True
2026-09-17T12:35:14.764453+00:00,synthetic,synth_gen_HESITANT_HINT,synthetic,1396,20,1332.1,174.4,1,0.5035,0.3285,2,8,5,22525.30222935317,1,0,1,8,1,1,3,9,False,,synthetic,True,2,True
2026-09-17T12:35:14.764453+00:00,synthetic,synth_gen_HESITANT_HINT,synthetic,1397,34,1911.2,105.1,1,0,0.0859,1,2,2,15753.78626683738,1,0,5,8,1,1,44,39,False,,synthetic,True,2,True
2026-09-17T12:35:14.764453+00:00,synthetic,synth_gen_HESITANT_HINT,synthetic,1398,4,2292.7,53.9,1,0,0.2988,1,7,3,15442.511132521478,1,0,5,16,1,1,37,44,False,,synthetic,True,2,True
2026-09-17T12:35:14.764453+00:00,synthetic,synth_gen_HESITANT_HINT,synthetic,1399,3,3393.2,95.1,1,0.9263,0.3229,1,4,4,66441.15127741302,1,0,4,2,1,1,9,5,False,,synthetic,True,2,True
2026-09-17T12:35:14.764453+00:00,synthetic,synth_gen_HESITANT_HINT,synthetic,1400,27,2098.2,59.1,1,0.8674,0.442,2,14,3,48887.50063757995,1,0,4,19,1,1,48,54,False,,synthetic,True,2,True
2026-09-17T12:35:14.764453+00:00,synthetic,synth_gen_HESITANT_HINT,synthetic,1401,19,1798.6,92.7,1,0.1358,0,2,12,3,51835.111693563,1,0,5,6,1,1,3,5,False,,synthetic,True,2,True
2026-09-17T12:35:14.764453+00:00,synthetic,synth_gen_HESITANT_HINT,synthetic,1402,33,1358.9,140.5,1,0.7209,0.5094,1,9,2,38697.65983564395,1,0,1,14,1,1,42,38,False,,synthetic,True,2,True
2026-09-17T12:35:14.764453+00:00,synthetic,synth_gen_HESITANT_HINT,synthetic,1403,38,1985.5,97.0,1,0.8925,0.1314,1,13,3,12305.782326265007,1,0,5,16,1,1,40,33,False,,synthetic,True,2,True
2026-09-17T12:35:14.764453+00:00,synthetic,synth_gen_HESITANT_HINT,synthetic,1404,45,4980.9,230.0,1,0.6196,0,2,12,1,63887.41414016404,1,0,3,0,1,1,21,17,False,,synthetic,True,2,True
2026-09-17T12:35:14.764453+00:00,synthetic,synth_gen_HESITANT_HINT,synthetic,1405,43,3324.4,37.7,1,0.7762,0.3863,0,7,1,22788.32992553908,1,0,5,0,1,1,21,24,False,,synthetic,True,2,True
2026-09-17T12:35:14.764453+00:00,synthetic,synth_gen_HESITANT_HINT,synthetic,1406,39,3968.1,37.4,1,0.5014,0.2405,0,3,3,83119.34711780093,1,0,4,1,1,1,34,39,False,,synthetic,True,2,True
2026-09-17T12:35:14.764453+00:00,synthetic,synth_gen_HESITANT_HINT,synthetic,1407,1,1526.6,112.9,1,0.3723,0.1832,1,9,3,21469.748801205413,1,0,4,17,1,1,23,25,False,,synthetic,True,2,True
2026-09-17T12:35:14.764453+00:00,synthetic,synth_gen_HESITANT_HINT,synthetic,1408,40,2301.6,77.6,1,0.231,0,0,9,2,12025.314429146876,1,0,3,6,1,1,17,22,False,,synthetic,True,2,True
2026-09-17T12:35:14.764453+00:00,synthetic,synth_gen_HESITANT_HINT,synthetic,1409,20,1376.1,137.3,1,0,0,0,2,1,77427.39106827286,1,0,1,16,1,1,43,35,False,,synthetic,True,2,True
2026-09-17T12:35:14.764453+00:00,synthetic,synth_gen_HESITANT_HINT,synthetic,1410,28,749.6,53.1,1,0.1534,0.2472,2,12,1,21155.275439974648,1,0,2,0,1,1,54,58,False,,synthetic,True,2,True
2026-09-17T12:35:14.764453+00:00,synthetic,synth_gen_HESITANT_HINT,synthetic,1411,40,3567.0,56.3,1,0.7557,0.3429,0,14,2,40263.41877223806,1,0,4,18,1,1,5,4,False,,synthetic,True,2,True
2026-09-17T12:35:14.764453+00:00,synthetic,synth_gen_HESITANT_HINT,synthetic,1412,3,1370.9,144.1,1,1,0.2118,0,6,5,45254.77491779587,1,0,5,7,1,1,47,35,False,,synthetic,True,2,True
2026-09-17T12:35:14.764453+00:00,synthetic,synth_gen_HESITANT_HINT,synthetic,1413,8,1132.3,135.8,1,0.7608,0.08,1,15,5,44877.09861322146,1,0,1,3,1,1,21,25,False,,synthetic,True,2,True
2026-09-17T12:35:14.764453+00:00,synthetic,synth_gen_HESITANT_HINT,synthetic,1414,12,2249.1,146.4,1,0.1608,0.4314,1,8,4,80358.35853886972,1,0,2,7,1,1,34,46,False,,synthetic,True,2,True
2026-09-17T12:35:14.764453+00:00,synthetic,synth_gen_HESITANT_HINT,synthetic,1415,17,4060.3,180.0,1,1,0.5353,2,6,1,81098.95034147402,1,0,4,15,1,1,20,29,False,,synthetic,True,2,True
2026-09-17T12:35:14.764453+00:00,synthetic,synth_gen_HESITANT_HINT,synthetic,1416,2,4438.3,151.4,1,0.2346,0.4757,0,14,4,369.4926851847171,1,0,1,18,1,1,57,60,False,,synthetic,True,2,True
2026-09-17T12:35:14.764453+00:00,synthetic,synth_gen_HESITANT_HINT,synthetic,1417,48,968.3,62.3,1,0.5854,0.477,1,1,2,40773.368105535505,1,0,2,11,1,1,63,60,False,,synthetic,True,2,True
2026-09-17T12:35:14.764453+00:00,synthetic,synth_gen_HESITANT_HINT,synthetic,1418,47,4603.4,161.4,1,0.8251,0.1665,1,3,5,69447.50992507955,1,0,1,1,1,1,30,19,False,,synthetic,True,2,True
2026-09-17T12:35:14.764453+00:00,synthetic,synth_gen_HESITANT_HINT,synthetic,1419,29,917.5,297.9,1,0.2561,0.1253,0,9,4,28200.620735808065,1,0,5,20,1,1,30,24,False,,synthetic,True,2,True
2026-09-17T12:35:14.764453+00:00,synthetic,synth_gen_HESITANT_HINT,synthetic,1420,44,1019.6,104.7,1,0.7269,0.2339,0,5,5,5289.293906790535,1,0,3,0,1,1,10,14,False,,synthetic,True,2,True
2026-09-17T12:35:14.764453+00:00,synthetic,synth_gen_HESITANT_HINT,synthetic,1421,10,2187.0,39.3,1,0.3792,0.3736,2,9,4,19075.219962651376,1,0,5,9,1,1,5,10,False,,synthetic,True,2,True
2026-09-17T12:35:14.764453+00:00,synthetic,synth_gen_HESITANT_HINT,synthetic,1422,42,5477.6,57.4,1,0.3079,0.5152,1,13,1,55408.784482714385,1,0,1,17,1,1,44,37,False,,synthetic,True,2,True
2026-09-17T12:35:14.764453+00:00,synthetic,synth_gen_HESITANT_HINT,synthetic,1423,30,2272.7,260.3,1,0.6804,0.2225,2,1,3,79446.98321589858,1,0,5,13,1,1,33,44,False,,synthetic,True,2,True
2026-09-17T12:35:14.764453+00:00,synthetic,synth_gen_HESITANT_HINT,synthetic,1424,24,5858.8,55.2,1,0.0524,0,1,6,5,23285.398473303914,1,0,2,2,1,1,51,53,False,,synthetic,True,2,True
2026-09-17T12:35:14.764453+00:00,synthetic,synth_gen_HESITANT_HINT,synthetic,1425,11,1566.6,138.5,1,0.6207,0.2901,0,5,5,61795.29166243572,1,0,5,18,1,1,52,60,False,,synthetic,True,2,True
2026-09-17T12:35:14.764453+00:00,synthetic,synth_gen_HESITANT_HINT,synthetic,1426,2,2715.3,78.7,1,0.8412,0.4677,1,3,2,51801.41746906929,1,0,1,10,1,1,43,39,False,,synthetic,True,2,True
2026-09-17T12:35:14.764453+00:00,synthetic,synth_gen_HESITANT_HINT,synthetic,1427,42,2963.2,275.6,1,0.5803,0.3483,2,3,5,30259.600474444444,1,0,5,20,1,1,26,31,False,,synthetic,True,2,True
2026-09-17T12:35:14.764453+00:00,synthetic,synth_gen_HESITANT_HINT,synthetic,1428,16,3932.0,46.0,1,1,0.2481,0,3,2,4754.696665343022,1,0,4,2,1,1,48,53,False,,synthetic,True,2,True
2026-09-17T12:35:14.764453+00:00,synthetic,synth_gen_HESITANT_HINT,synthetic,1429,38,2219.1,229.5,1,0.7652,0.1762,0,2,4,41914.041102114774,1,0,4,13,1,1,13,5,False,,synthetic,True,2,True
2026-09-17T12:35:14.764453+00:00,synthetic,synth_gen_HESITANT_HINT,synthetic,1430,27,1452.4,70.3,1,0.109,0.4457,0,6,3,10532.88443250276,1,0,3,15,1,1,17,20,False,,synthetic,True,2,True
2026-09-17T12:35:14.764453+00:00,synthetic,synth_gen_HESITANT_HINT,synthetic,1431,36,1651.9,79.0,1,0.9575,0.4018,1,1,3,84636.21920237936,1,0,3,12,1,1,1,3,False,,synthetic,True,2,True
2026-09-17T12:35:14.764453+00:00,synthetic,synth_gen_HESITANT_HINT,synthetic,1432,40,883.0,160.0,1,0.146,0.1331,0,13,3,26369.327374241755,1,0,4,10,1,1,26,28,False,,synthetic,True,2,True
2026-09-17T12:35:14.764453+00:00,synthetic,synth_gen_HESITANT_HINT,synthetic,1433,26,2283.5,86.8,1,0.0982,0.4212,1,15,3,15034.772141635107,1,0,1,19,1,1,29,27,False,,synthetic,True,2,True
2026-09-17T12:35:14.764453+00:00,synthetic,synth_gen_HESITANT_HINT,synthetic,1434,45,4615.7,151.9,1,0.1598,0.1111,2,14,3,37003.08770244051,1,0,2,13,1,1,36,34,False,,synthetic,True,2,True
2026-09-17T12:35:14.764453+00:00,synthetic,synth_gen_HESITANT_HINT,synthetic,1435,15,2443.2,61.3,1,0.3037,0.8647,2,4,5,81009.45165858472,1,0,2,18,1,1,28,18,False,,synthetic,True,2,True
2026-09-17T12:35:14.764453+00:00,synthetic,synth_gen_HESITANT_HINT,synthetic,1436,2,1144.5,90.1,1,0.4267,0.6647,2,14,2,78645.96180506627,1,0,3,5,1,1,51,52,False,,synthetic,True,2,True
2026-09-17T12:35:14.764453+00:00,synthetic,synth_gen_HESITANT_HINT,synthetic,1437,3,1155.7,56.4,1,0.707,0.1084,1,13,3,84650.30726689156,1,0,3,13,1,1,17,19,False,,synthetic,True,2,True
2026-09-17T12:35:14.764453+00:00,synthetic,synth_gen_HESITANT_HINT,synthetic,1438,10,3169.2,56.4,1,0.4481,0.263,1,4,3,7090.98423024939,1,0,1,16,1,1,2,13,False,,synthetic,True,2,True
2026-09-17T12:35:14.764453+00:00,synthetic,synth_gen_HESITANT_HINT,synthetic,1439,44,731.0,147.4,1,0.8941,0.0892,2,3,3,40378.612285787676,1,0,3,3,1,1,63,61,False,,synthetic,True,2,True
2026-09-17T12:35:14.764453+00:00,synthetic,synth_gen_HESITANT_HINT,synthetic,1440,7,2099.9,74.2,1,0.9087,0.8695,2,5,3,17178.8881708275,1,0,1,16,1,1,52,56,False,,synthetic,True,2,True
2026-09-17T12:35:14.764453+00:00,synthetic,synth_gen_HESITANT_HINT,synthetic,1441,45,5825.1,215.6,1,1,0.2314,1,2,3,70885.65832822348,1,0,4,17,1,1,52,63,False,,synthetic,True,2,True
2026-09-17T12:35:14.764453+00:00,synthetic,synth_gen_HESITANT_HINT,synthetic,1442,4,1152.6,107.9,1,0.0954,0.4612,0,1,1,40777.790445734696,1,0,5,4,1,1,7,10,False,,synthetic,True,2,True
2026-09-17T12:35:14.764453+00:00,synthetic,synth_gen_HESITANT_HINT,synthetic,1443,48,3881.0,118.3,1,1,0.826,2,1,3,85119.683482566,1,0,1,12,1,1,17,22,False,,synthetic,True,2,True
2026-09-17T12:35:14.764453+00:00,synthetic,synth_gen_HESITANT_HINT,synthetic,1444,18,5265.3,74.0,1,0.4639,0.2028,0,10,3,66090.41791359664,1,0,5,17,1,1,13,7,False,,synthetic,True,2,True
2026-09-17T12:35:14.764453+00:00,synthetic,synth_gen_HESITANT_HINT,synthetic,1445,36,3533.7,126.1,1,0,0.0779,2,2,4,50521.5247604619,1,0,4,12,1,1,40,45,False,,synthetic,True,2,True
2026-09-17T12:35:14.764453+00:00,synthetic,synth_gen_HESITANT_HINT,synthetic,1446,42,2209.3,98.3,1,0.617,0.4115,2,10,2,53531.050280571326,1,0,2,7,1,1,26,22,False,,synthetic,True,2,True
2026-09-17T12:35:14.764453+00:00,synthetic,synth_gen_HESITANT_HINT,synthetic,1447,2,2834.0,40.9,1,0,0.1311,0,4,1,3767.3055233690943,1,0,1,16,1,1,60,51,False,,synthetic,True,2,True
2026-09-17T12:35:14.764453+00:00,synthetic,synth_gen_HESITANT_HINT,synthetic,1448,17,4632.9,106.1,1,1,0,2,13,4,50470.01745820111,1,0,4,10,1,1,11,2,False,,synthetic,True,2,True
2026-09-17T12:35:14.764453+00:00,synthetic,synth_gen_HESITANT_HINT,synthetic,1449,29,4213.1,167.4,1,0.3636,0.2369,1,10,4,63323.497583015676,1,0,4,17,1,1,42,44,False,,synthetic,True,2,True
2026-09-17T12:35:14.764453+00:00,synthetic,synth_gen_HESITANT_HINT,synthetic,1450,23,1358.1,426.6,1,0.5828,0.0351,2,15,4,11764.963380556463,1,0,4,1,1,1,55,60,False,,synthetic,True,2,True
2026-09-17T12:35:14.764453+00:00,synthetic,synth_gen_HESITANT_HINT,synthetic,1451,6,3701.7,89.3,1,0.5923,0.2234,1,4,5,65937.93437587623,1,0,1,7,1,1,43,45,False,,synthetic,True,2,True
2026-09-17T12:35:14.764453+00:00,synthetic,synth_gen_HESITANT_HINT,synthetic,1452,23,2381.2,85.4,1,0,0,1,11,1,85205.77900982143,1,0,1,11,1,1,25,20,False,,synthetic,True,2,True
2026-09-17T12:35:14.764453+00:00,synthetic,synth_gen_HESITANT_HINT,synthetic,1453,28,2058.2,83.5,1,0.4169,0.1344,0,4,3,55927.724623780625,1,0,3,6,1,1,22,17,False,,synthetic,True,2,True
2026-09-17T12:35:14.764453+00:00,synthetic,synth_gen_HESITANT_HINT,synthetic,1454,14,1875.3,79.0,1,0.3752,0.3093,1,12,5,80750.57592209616,1,0,4,1,1,1,47,44,False,,synthetic,True,2,True
2026-09-17T12:35:14.764453+00:00,synthetic,synth_gen_HESITANT_HINT,synthetic,1455,11,5725.2,55.1,1,0.6886,0.3122,0,10,1,58872.23191986966,1,0,5,19,1,1,9,4,False,,synthetic,True,2,True
2026-09-17T12:35:14.764453+00:00,synthetic,synth_gen_HESITANT_HINT,synthetic,1456,13,5725.6,122.4,1,0.6207,0.9276,2,2,3,372.0560618366488,1,0,1,18,1,1,56,62,False,,synthetic,True,2,True
2026-09-17T12:35:14.764453+00:00,synthetic,synth_gen_HESITANT_HINT,synthetic,1457,33,2947.6,195.0,1,0.4752,0.5918,1,11,3,33827.20838537135,1,0,2,2,1,1,60,59,False,,synthetic,True,2,True
2026-09-17T12:35:14.764453+00:00,synthetic,synth_gen_HESITANT_HINT,synthetic,1458,26,2368.6,125.1,1,0.4407,0.2142,2,8,5,41035.545194043625,1,0,1,8,1,1,8,12,False,,synthetic,True,2,True
2026-09-17T12:35:14.764453+00:00,synthetic,synth_gen_HESITANT_HINT,synthetic,1459,0,3796.7,119.3,1,0.3861,0.0786,2,13,1,47283.40140288785,1,0,2,3,1,1,45,40,False,,synthetic,True,2,True
2026-09-17T12:35:14.764453+00:00,synthetic,synth_gen_HESITANT_HINT,synthetic,1460,19,5999,61.3,1,1,0.6167,2,6,4,66611.72487607421,1,0,4,18,1,1,55,62,False,,synthetic,True,2,True
2026-09-17T12:35:14.764453+00:00,synthetic,synth_gen_HESITANT_HINT,synthetic,1461,0,2209.8,57.5,1,0.4719,0.5082,0,2,3,19872.039009883974,1,0,5,8,1,1,45,37,False,,synthetic,True,2,True
2026-09-17T12:35:14.764453+00:00,synthetic,synth_gen_HESITANT_HINT,synthetic,1462,20,5823.5,49.7,1,0.1856,0.1842,2,13,5,53179.06440855017,1,0,3,16,1,1,60,61,False,,synthetic,True,2,True
2026-09-17T12:35:14.764453+00:00,synthetic,synth_gen_HESITANT_HINT,synthetic,1463,4,2081.3,131.5,1,1,0.5068,1,9,4,49867.35433037677,1,0,5,11,1,1,27,21,False,,synthetic,True,2,True
2026-09-17T12:35:14.764453+00:00,synthetic,synth_gen_HESITANT_HINT,synthetic,1464,2,1601.6,100.9,1,0.4928,0.2116,1,12,3,38322.375454316134,1,0,5,16,1,1,46,36,False,,synthetic,True,2,True
2026-09-17T12:35:14.764453+00:00,synthetic,synth_gen_HESITANT_HINT,synthetic,1465,15,2439.4,45.4,1,0,0.6735,0,15,1,20997.360193022065,1,0,3,4,1,1,38,39,False,,synthetic,True,2,True
2026-09-17T12:35:14.764453+00:00,synthetic,synth_gen_HESITANT_HINT,synthetic,1466,46,4008.2,111.8,1,0.172,0.0274,0,7,2,67817.09634611904,1,0,1,17,1,1,30,27,False,,synthetic,True,2,True
2026-09-17T12:35:14.764453+00:00,synthetic,synth_gen_HESITANT_HINT,synthetic,1467,20,5999,48.0,1,1,0.3981,2,2,2,45159.08509469062,1,0,3,9,1,1,43,40,False,,synthetic,True,2,True
2026-09-17T12:35:14.764453+00:00,synthetic,synth_gen_HESITANT_HINT,synthetic,1468,27,1186.7,477.3,1,0.0956,0.3263,0,2,3,19499.824970014975,1,0,3,11,1,1,4,0,False,,synthetic,True,2,True
2026-09-17T12:35:14.764453+00:00,synthetic,synth_gen_HESITANT_HINT,synthetic,1469,22,1614.1,150.0,1,0.1776,0.3004,0,8,5,40267.510305626376,1,0,1,1,1,1,30,25,False,,synthetic,True,2,True
2026-09-17T12:35:14.764453+00:00,synthetic,synth_gen_HESITANT_HINT,synthetic,1470,7,2292.2,167.2,1,0,0.3948,1,10,2,1218.1970158421032,1,0,5,13,1,1,8,9,False,,synthetic,True,2,True
2026-09-17T12:35:14.764453+00:00,synthetic,synth_gen_HESITANT_HINT,synthetic,1471,40,2128.8,54.2,1,0.6208,0.2915,2,8,1,38499.13918448848,1,0,2,4,1,1,61,58,False,,synthetic,True,2,True
2026-09-17T12:35:14.764453+00:00,synthetic,synth_gen_HESITANT_HINT,synthetic,1472,29,4963.7,99.3,1,0.4785,0.4342,1,2,3,16575.706041839687,1,0,2,14,1,1,11,6,False,,synthetic,True,2,True
2026-09-17T12:35:14.764453+00:00,synthetic,synth_gen_HESITANT_HINT,synthetic,1473,22,3311.2,138.5,1,0.5503,0.8724,1,6,5,81807.77768042554,1,0,2,3,1,1,58,51,False,,synthetic,True,2,True
2026-09-17T12:35:14.764453+00:00,synthetic,synth_gen_HESITANT_HINT,synthetic,1474,43,1216.0,79.2,1,0.5873,0.4144,1,6,3,31533.050435846533,1,0,3,13,1,1,13,4,False,,synthetic,True,2,True
2026-09-17T12:35:14.764453+00:00,synthetic,synth_gen_HESITANT_HINT,synthetic,1475,3,1658.0,47.8,1,0.3374,0.1455,1,1,1,48124.41655001384,1,0,4,4,1,1,40,44,False,,synthetic,True,2,True
2026-09-17T12:35:14.764453+00:00,synthetic,synth_gen_HESITANT_HINT,synthetic,1476,9,2325.1,286.2,1,0.3318,0.2143,1,10,2,5569.277479110474,1,0,3,8,1,1,52,56,False,,synthetic,True,2,True
2026-09-17T12:35:14.764453+00:00,synthetic,synth_gen_HESITANT_HINT,synthetic,1477,32,2080.9,99.3,1,0.865,0.4444,1,4,3,68370.15884882363,1,0,4,12,1,1,24,16,False,,synthetic,True,2,True
2026-09-17T12:35:14.764453+00:00,synthetic,synth_gen_HESITANT_HINT,synthetic,1478,1,3204.2,127.8,1,0.1494,0,0,10,5,63555.16754752618,1,0,1,15,1,1,60,58,False,,synthetic,True,2,True
2026-09-17T12:35:14.764453+00:00,synthetic,synth_gen_HESITANT_HINT,synthetic,1479,49,1745.8,89.1,1,0.5644,0.1867,1,6,2,8498.340283422523,1,0,2,9,1,1,28,25,False,,synthetic,True,2,True
2026-09-17T12:35:14.764453+00:00,synthetic,synth_gen_HESITANT_HINT,synthetic,1480,33,896.7,131.7,1,0,0.1962,0,4,4,35039.90265078452,1,0,2,12,1,1,11,8,False,,synthetic,True,2,True
2026-09-17T12:35:14.764453+00:00,synthetic,synth_gen_HESITANT_HINT,synthetic,1481,36,5999,146.1,1,0.6969,0.4044,0,4,4,59483.144336876605,1,0,4,13,1,1,54,58,False,,synthetic,True,2,True
2026-09-17T12:35:14.764453+00:00,synthetic,synth_gen_HESITANT_HINT,synthetic,1482,25,5194.4,208.0,1,0.6522,0.3486,1,7,2,45026.2663855001,1,0,5,4,1,1,37,38,False,,synthetic,True,2,True
2026-09-17T12:35:14.764453+00:00,synthetic,synth_gen_HESITANT_HINT,synthetic,1483,44,3638.6,149.6,1,0.4675,0.224,1,8,2,36217.65297331444,1,0,3,14,1,1,27,28,False,,synthetic,True,2,True
2026-09-17T12:35:14.764453+00:00,synthetic,synth_gen_HESITANT_HINT,synthetic,1484,26,3270.7,97.4,1,1,0.0571,2,8,2,58558.65781414037,1,0,5,5,1,1,25,19,False,,synthetic,True,2,True
2026-09-17T12:35:14.764453+00:00,synthetic,synth_gen_HESITANT_HINT,synthetic,1485,46,2693.0,49.2,1,0.2019,0.5901,0,13,1,41946.969868031156,1,0,4,9,1,1,35,37,False,,synthetic,True,2,True
2026-09-17T12:35:14.764453+00:00,synthetic,synth_gen_HESITANT_HINT,synthetic,1486,5,1250.7,55.0,1,0.7422,0.1379,1,12,3,40970.43727067074,1,0,1,14,1,1,15,5,False,,synthetic,True,2,True
2026-09-17T12:35:14.764453+00:00,synthetic,synth_gen_HESITANT_HINT,synthetic,1487,12,3446.9,408.1,1,0.699,0.2903,1,15,5,14022.176021904008,1,0,4,12,1,1,38,36,False,,synthetic,True,2,True
2026-09-17T12:35:14.764453+00:00,synthetic,synth_gen_HESITANT_HINT,synthetic,1488,16,2452.4,105.2,1,0.9235,0.3906,1,8,5,69184.11070158223,1,0,2,19,1,1,52,57,False,,synthetic,True,2,True
2026-09-17T12:35:14.764453+00:00,synthetic,synth_gen_HESITANT_HINT,synthetic,1489,25,1507.2,91.8,1,0.7929,0.4167,2,9,2,39672.91859515342,1,0,5,17,1,1,18,19,False,,synthetic,True,2,True
2026-09-17T12:35:14.764453+00:00,synthetic,synth_gen_HESITANT_HINT,synthetic,1490,40,2686.3,198.2,1,0.244,0.0846,2,3,5,6846.074235875049,1,0,5,16,1,1,22,23,False,,synthetic,True,2,True
2026-09-17T12:35:14.764453+00:00,synthetic,synth_gen_HESITANT_HINT,synthetic,1491,43,3876.5,112.6,1,0.2954,0,1,5,5,3556.7750238682947,1,0,5,16,1,1,54,50,False,,synthetic,True,2,True
2026-09-17T12:35:14.764453+00:00,synthetic,synth_gen_HESITANT_HINT,synthetic,1492,2,2000.0,83.4,1,0.1246,0.1731,1,6,1,35362.28264798717,1,0,5,16,1,1,39,46,False,,synthetic,True,2,True
2026-09-17T12:35:14.764453+00:00,synthetic,synth_gen_HESITANT_HINT,synthetic,1493,37,1514.1,117.6,1,0.1281,0.1124,2,2,3,74607.25834422452,1,0,2,4,1,1,17,24,False,,synthetic,True,2,True
2026-09-17T12:35:14.764453+00:00,synthetic,synth_gen_HESITANT_HINT,synthetic,1494,33,2860.5,157.8,1,1,0.3205,1,12,2,22322.45239740029,1,0,1,2,1,1,41,36,False,,synthetic,True,2,True
2026-09-17T12:35:14.764453+00:00,synthetic,synth_gen_HESITANT_HINT,synthetic,1495,3,5999,72.1,1,0.6072,0.2834,2,13,2,74632.24673426038,1,0,3,9,1,1,39,34,False,,synthetic,True,2,True
2026-09-17T12:35:14.764453+00:00,synthetic,synth_gen_HESITANT_HINT,synthetic,1496,8,2467.9,38.7,1,0.5119,0,0,12,4,81990.3924651098,1,0,4,11,1,1,9,10,False,,synthetic,True,2,True
2026-09-17T12:35:14.764453+00:00,synthetic,synth_gen_HESITANT_HINT,synthetic,1497,11,1987.0,116.7,1,0.8538,0.1377,1,7,1,12846.019508000812,1,0,5,16,1,1,47,33,False,,synthetic,True,2,True
2026-09-17T12:35:14.764453+00:00,synthetic,synth_gen_HESITANT_HINT,synthetic,1498,28,1149.8,104.8,1,0.4398,0,2,13,5,50233.15725593597,1,0,3,8,1,1,29,30,False,,synthetic,True,2,True
2026-09-17T12:35:14.764453+00:00,synthetic,synth_gen_HESITANT_HINT,synthetic,1499,5,5999,116.6,1,0.9313,0,2,4,4,16547.580455971078,1,0,4,15,1,1,22,28,False,,synthetic,True,2,True
2026-09-17T12:35:14.764453+00:00,synthetic,synth_gen_HESITANT_HINT,synthetic,1500,41,1560.4,70.3,1,0,0.387,1,14,4,969.03197059872,1,0,3,13,1,1,7,15,False,,synthetic,True,2,True
2026-09-17T12:35:14.764453+00:00,synthetic,synth_gen_HESITANT_HINT,synthetic,1501,2,2378.0,88.7,1,0.6346,0.7999,0,8,4,80551.38136417986,1,0,1,4,1,1,45,32,False,,synthetic,True,2,True
2026-09-17T12:35:14.764453+00:00,synthetic,synth_gen_HESITANT_HINT,synthetic,1502,48,1876.2,131.9,1,0.504,0.0173,1,9,5,52048.595758997486,1,0,5,17,1,1,48,53,False,,synthetic,True,2,True
2026-09-17T12:35:14.764453+00:00,synthetic,synth_gen_HESITANT_HINT,synthetic,1503,42,3518.7,36.8,1,0.4814,0.3566,1,11,5,61102.265506187374,1,0,3,10,1,1,56,63,False,,synthetic,True,2,True
2026-09-17T12:35:14.764453+00:00,synthetic,synth_gen_HESITANT_HINT,synthetic,1504,14,2768.7,122.7,1,0.6118,0,2,13,2,12643.703777990055,1,0,2,19,1,1,11,15,False,,synthetic,True,2,True
2026-09-17T12:35:14.764453+00:00,synthetic,synth_gen_HESITANT_HINT,synthetic,1505,38,5999,67.9,1,0.4548,0.2681,0,1,2,30854.70181128583,1,0,1,17,1,1,24,29,False,,synthetic,True,2,True
2026-09-17T12:35:14.764453+00:00,synthetic,synth_gen_HESITANT_HINT,synthetic,1506,41,3075.4,70.0,1,1,0.3988,2,13,3,62964.156460163635,1,0,1,0,1,1,7,11,False,,synthetic,True,2,True
2026-09-17T12:35:14.764453+00:00,synthetic,synth_gen_HESITANT_HINT,synthetic,1507,36,1688.8,51.0,1,0.5298,0.6634,2,4,1,69995.7763445183,1,0,3,18,1,1,50,60,False,,synthetic,True,2,True
2026-09-17T12:35:14.764453+00:00,synthetic,synth_gen_HESITANT_HINT,synthetic,1508,12,1898.7,64.3,1,0.2497,0.3979,1,14,3,59070.78341421742,1,0,1,4,1,1,55,63,False,,synthetic,True,2,True
2026-09-17T12:35:14.764453+00:00,synthetic,synth_gen_HESITANT_HINT,synthetic,1509,2,1665.3,41.3,1,0.4192,0.7862,1,12,5,44146.357577998104,1,0,2,13,1,1,47,46,False,,synthetic,True,2,True
2026-09-17T12:35:14.764453+00:00,synthetic,synth_gen_HESITANT_HINT,synthetic,1510,10,4590.7,112.0,1,0.35,0.5203,0,3,2,8253.779842960615,1,0,2,6,1,1,38,32,False,,synthetic,True,2,True
2026-09-17T12:35:14.764453+00:00,synthetic,synth_gen_HESITANT_HINT,synthetic,1511,12,2071.6,80.0,1,0.5144,0.6278,2,1,2,69119.12401700816,1,0,4,6,1,1,38,34,False,,synthetic,True,2,True
2026-09-17T12:35:14.764453+00:00,synthetic,synth_gen_HESITANT_HINT,synthetic,1512,21,2531.5,115.2,1,0.2893,0.6394,1,4,3,31247.916849972276,1,0,2,3,1,1,57,51,False,,synthetic,True,2,True
2026-09-17T12:35:14.764453+00:00,synthetic,synth_gen_HESITANT_HINT,synthetic,1513,11,3592.3,79.6,1,0.6148,0,2,4,1,82439.26584525041,1,0,5,13,1,1,48,54,False,,synthetic,True,2,True
2026-09-17T12:35:14.764453+00:00,synthetic,synth_gen_HESITANT_HINT,synthetic,1514,26,3269.7,65.4,1,0,0.3104,1,2,1,13533.63531547827,1,0,5,2,1,1,8,0,False,,synthetic,True,2,True
2026-09-17T12:35:14.764453+00:00,synthetic,synth_gen_HESITANT_HINT,synthetic,1515,49,2762.2,88.2,1,0.0957,0.4064,1,4,3,77984.87911904397,1,0,2,14,1,1,38,40,False,,synthetic,True,2,True
2026-09-17T12:35:14.764453+00:00,synthetic,synth_gen_HESITANT_HINT,synthetic,1516,16,1534.8,73.4,1,0.4007,0.2498,1,5,4,41504.80058206118,1,0,5,18,1,1,59,48,False,,synthetic,True,2,True
2026-09-17T12:35:14.764453+00:00,synthetic,synth_gen_HESITANT_HINT,synthetic,1517,38,4867.2,55.4,1,0.7562,0.3024,0,10,5,7361.423350874148,1,0,1,12,1,1,2,8,False,,synthetic,True,2,True
2026-09-17T12:35:14.764453+00:00,synthetic,synth_gen_HESITANT_HINT,synthetic,1518,29,1603.1,116.1,1,0.8459,0.1935,2,5,5,56680.93089303184,1,0,4,15,1,1,39,37,False,,synthetic,True,2,True
2026-09-17T12:35:14.764453+00:00,synthetic,synth_gen_HESITANT_HINT,synthetic,1519,11,2101.8,123.2,1,0,0.0044,1,1,3,32178.13254488437,1,0,1,0,1,1,21,24,False,,synthetic,True,2,True
2026-09-17T12:35:14.764453+00:00,synthetic,synth_gen_HESITANT_HINT,synthetic,1520,18,3375.0,155.5,1,0.8625,0.153,2,13,4,70452.9809828893,1,0,1,0,1,1,52,57,False,,synthetic,True,2,True
2026-09-17T12:35:14.764453+00:00,synthetic,synth_gen_HESITANT_HINT,synthetic,1521,12,5174.5,117.5,1,0.97,0.1544,0,11,5,57714.84584634271,1,0,4,12,1,1,45,41,False,,synthetic,True,2,True
2026-09-17T12:35:14.764453+00:00,synthetic,synth_gen_HESITANT_HINT,synthetic,1522,49,2663.5,140.8,1,0.615,0.2371,0,8,3,54416.80063522705,1,0,1,19,1,1,56,52,False,,synthetic,True,2,True
2026-09-17T12:35:14.764453+00:00,synthetic,synth_gen_HESITANT_HINT,synthetic,1523,4,5999,174.7,1,0.5888,0,1,3,3,75314.3422355759,1,0,3,15,1,1,56,53,False,,synthetic,True,2,True
2026-09-17T12:35:14.764453+00:00,synthetic,synth_gen_HESITANT_HINT,synthetic,1524,6,5999,90.8,1,1,0.2557,0,11,5,17983.147789952982,1,0,2,16,1,1,41,35,False,,synthetic,True,2,True
2026-09-17T12:35:14.764453+00:00,synthetic,synth_gen_HESITANT_HINT,synthetic,1525,47,1578.4,45.5,1,0.0882,0.1354,2,14,4,27481.73690297664,1,0,5,5,1,1,20,30,False,,synthetic,True,2,True
2026-09-17T12:35:14.764453+00:00,synthetic,synth_gen_HESITANT_HINT,synthetic,1526,39,2972.7,62.6,1,0.0107,0.4507,0,5,2,53389.43539923535,1,0,2,7,1,1,54,61,False,,synthetic,True,2,True
2026-09-17T12:35:14.764453+00:00,synthetic,synth_gen_HESITANT_HINT,synthetic,1527,2,3437.2,136.5,1,1,0.6476,0,4,1,22038.996301847117,1,0,5,10,1,1,22,29,False,,synthetic,True,2,True
2026-09-17T12:35:14.764453+00:00,synthetic,synth_gen_HESITANT_HINT,synthetic,1528,39,1857.4,100.5,1,0.0059,0.2856,2,11,3,50148.62242825292,1,0,4,2,1,1,32,35,False,,synthetic,True,2,True
2026-09-17T12:35:14.764453+00:00,synthetic,synth_gen_HESITANT_HINT,synthetic,1529,30,2263.5,61.5,1,0.3516,0.5683,0,1,5,46675.97052818417,1,0,4,3,1,1,61,52,False,,synthetic,True,2,True
2026-09-17T12:35:14.764453+00:00,synthetic,synth_gen_HESITANT_HINT,synthetic,1530,45,5145.2,91.4,1,0.5038,0.4525,1,12,4,24486.8890907586,1,0,1,18,1,1,6,9,False,,synthetic,True,2,True
2026-09-17T12:35:14.764453+00:00,synthetic,synth_gen_HESITANT_HINT,synthetic,1531,13,855.4,86.6,1,1,0.5826,1,12,4,18699.16062331135,1,0,4,11,1,1,44,38,False,,synthetic,True,2,True
2026-09-17T12:35:14.764453+00:00,synthetic,synth_gen_HESITANT_HINT,synthetic,1532,13,1228.8,130.3,1,0.004,0.6296,1,13,2,81543.06603934782,1,0,5,7,1,1,12,8,False,,synthetic,True,2,True
2026-09-17T12:35:14.764453+00:00,synthetic,synth_gen_HESITANT_HINT,synthetic,1533,5,5739.7,93.1,1,0.1768,0.0667,1,4,3,76631.93671028898,1,0,3,19,1,1,13,7,False,,synthetic,True,2,True
2026-09-17T12:35:14.764453+00:00,synthetic,synth_gen_HESITANT_HINT,synthetic,1534,0,4901.2,192.6,1,0.634,0.1527,2,1,4,53271.36448457543,1,0,1,4,1,1,21,18,False,,synthetic,True,2,True
2026-09-17T12:35:14.764453+00:00,synthetic,synth_gen_HESITANT_HINT,synthetic,1535,49,1891.9,61.9,1,0,0.7025,2,12,4,35302.768607280945,1,0,4,4,1,1,33,37,False,,synthetic,True,2,True
2026-09-17T12:35:14.764453+00:00,synthetic,synth_gen_HESITANT_HINT,synthetic,1536,2,800.2,149.8,1,0.9536,0.3575,0,9,2,82328.98607617832,1,0,3,14,1,1,43,36,False,,synthetic,True,2,True
2026-09-17T12:35:14.764453+00:00,synthetic,synth_gen_HESITANT_HINT,synthetic,1537,45,1858.6,66.8,1,0.0221,0.08,2,14,4,15413.13880997759,1,0,4,7,1,1,3,4,False,,synthetic,True,2,True
2026-09-17T12:35:14.764453+00:00,synthetic,synth_gen_HESITANT_HINT,synthetic,1538,33,4385.9,145.3,1,0.8822,0.5821,2,6,4,58927.651958515315,1,0,5,7,1,1,30,25,False,,synthetic,True,2,True
2026-09-17T12:35:14.764453+00:00,synthetic,synth_gen_HESITANT_HINT,synthetic,1539,3,4798.2,57.9,1,0.7491,0.2297,0,15,3,736.8529530026375,1,0,3,16,1,1,60,55,False,,synthetic,True,2,True
2026-09-17T12:35:14.764453+00:00,synthetic,synth_gen_HESITANT_HINT,synthetic,1540,26,5769.1,49.4,1,0.7932,0.1477,2,10,3,46865.850285430184,1,0,3,5,1,1,17,24,False,,synthetic,True,2,True
2026-09-17T12:35:14.764453+00:00,synthetic,synth_gen_HESITANT_HINT,synthetic,1541,26,1044.4,100.6,1,0.1525,0.3786,0,10,5,44212.39487647896,1,0,1,0,1,1,9,15,False,,synthetic,True,2,True
2026-09-17T12:35:14.764453+00:00,synthetic,synth_gen_HESITANT_HINT,synthetic,1542,10,3351.2,110.5,1,1,0.7474,2,13,3,75551.1326422688,1,0,3,2,1,1,35,40,False,,synthetic,True,2,True
2026-09-17T12:35:14.764453+00:00,synthetic,synth_gen_HESITANT_HINT,synthetic,1543,48,5999,222.6,1,0.3812,0.2114,0,8,4,63118.86530321604,1,0,5,5,1,1,28,31,False,,synthetic,True,2,True
2026-09-17T12:35:14.764453+00:00,synthetic,synth_gen_HESITANT_HINT,synthetic,1544,20,1448.5,155.9,1,0.4098,0.4078,0,14,4,16506.322952837254,1,0,5,10,1,1,7,4,False,,synthetic,True,2,True
2026-09-17T12:35:14.764453+00:00,synthetic,synth_gen_HESITANT_HINT,synthetic,1545,12,2942.9,93.2,1,0.6993,0.491,0,10,2,47438.652417169265,1,0,1,9,1,1,50,49,False,,synthetic,True,2,True
2026-09-17T12:35:14.764453+00:00,synthetic,synth_gen_HESITANT_HINT,synthetic,1546,39,1791.6,72.2,1,0.0918,0.8615,2,9,4,70255.00528547689,1,0,1,20,1,1,58,56,False,,synthetic,True,2,True
2026-09-17T12:35:14.764453+00:00,synthetic,synth_gen_HESITANT_HINT,synthetic,1547,1,4418.5,54.3,1,0.6414,0.4655,1,4,2,71910.07178584361,1,0,5,20,1,1,1,5,False,,synthetic,True,2,True
2026-09-17T12:35:14.764453+00:00,synthetic,synth_gen_GUESSING_HINT,synthetic,1548,12,2535.1,32.6,4,0.4527,0.2137,3,3,3,68910.39437283234,2,0,5,7,1,2,10,7,False,,synthetic,True,2,True
2026-09-17T12:35:14.764453+00:00,synthetic,synth_gen_GUESSING_HINT,synthetic,1549,25,2784.5,59.3,4,0.5857,0.4424,3,13,1,36170.80355232519,2,0,3,1,1,2,39,34,False,,synthetic,True,2,True
2026-09-17T12:35:14.764453+00:00,synthetic,synth_gen_GUESSING_HINT,synthetic,1550,4,2479.3,45.3,3,0.6645,0.6014,2,15,5,32005.51317868067,2,0,4,15,1,2,33,46,False,,synthetic,True,2,True
2026-09-17T12:35:14.764453+00:00,synthetic,synth_gen_GUESSING_HINT,synthetic,1551,46,663.0,71.5,3,0.6899,0.1483,1,4,3,24349.920777735922,2,0,5,14,1,2,54,57,False,,synthetic,True,2,True
2026-09-17T12:35:14.764453+00:00,synthetic,synth_gen_GUESSING_HINT,synthetic,1552,15,1316.4,70.1,3,0.7813,0.6359,2,6,5,66295.86726230514,2,0,2,8,1,2,8,1,False,,synthetic,True,2,True
2026-09-17T12:35:14.764453+00:00,synthetic,synth_gen_GUESSING_HINT,synthetic,1553,29,5124.6,47.2,2,0.3335,0.0299,2,15,3,62049.25817821651,2,0,4,2,1,2,32,46,False,,synthetic,True,2,True
2026-09-17T12:35:14.764453+00:00,synthetic,synth_gen_GUESSING_HINT,synthetic,1554,39,869.6,188.8,4,0.7795,0.3022,2,10,5,71324.51057251112,2,0,2,12,1,2,44,36,False,,synthetic,True,2,True
2026-09-17T12:35:14.764453+00:00,synthetic,synth_gen_GUESSING_HINT,synthetic,1555,39,3363.9,127.4,3,0.3373,0.5353,2,10,5,72017.67803625106,2,0,1,4,1,2,63,50,False,,synthetic,True,2,True
2026-09-17T12:35:14.764453+00:00,synthetic,synth_gen_GUESSING_HINT,synthetic,1556,5,2725.9,60.2,2,0.5832,0.1485,1,5,2,72857.75234200699,2,0,4,0,1,2,6,0,False,,synthetic,True,2,True
2026-09-17T12:35:14.764453+00:00,synthetic,synth_gen_GUESSING_HINT,synthetic,1557,32,2164.4,70.1,3,0.1346,0.5981,3,11,4,64732.466194031316,2,0,1,18,1,2,48,59,False,,synthetic,True,2,True
2026-09-17T12:35:14.764453+00:00,synthetic,synth_gen_GUESSING_HINT,synthetic,1558,13,5848.7,108.1,2,0.4746,0.0275,3,9,1,15459.106690457844,2,0,1,3,1,2,56,57,False,,synthetic,True,2,True
2026-09-17T12:35:14.764453+00:00,synthetic,synth_gen_GUESSING_HINT,synthetic,1559,39,4910.2,143.7,4,0.6418,0.2764,2,7,1,60193.57165345217,2,0,3,20,1,2,20,27,False,,synthetic,True,2,True
2026-09-17T12:35:14.764453+00:00,synthetic,synth_gen_GUESSING_HINT,synthetic,1560,25,500,85.5,4,1,0.4263,3,8,3,11804.232040317815,2,0,1,4,1,2,20,21,False,,synthetic,True,2,True
2026-09-17T12:35:14.764453+00:00,synthetic,synth_gen_GUESSING_HINT,synthetic,1561,24,2561.4,67.8,2,0.8084,0.799,1,14,1,25445.25644750024,2,0,5,6,1,2,2,12,False,,synthetic,True,2,True
2026-09-17T12:35:14.764453+00:00,synthetic,synth_gen_GUESSING_HINT,synthetic,1562,0,2343.7,92.6,2,0.2443,0.1994,3,3,5,68584.63818990045,2,0,3,19,1,2,2,4,False,,synthetic,True,2,True
2026-09-17T12:35:14.764453+00:00,synthetic,synth_gen_GUESSING_HINT,synthetic,1563,30,1504.7,101.4,2,0.6333,0.298,1,15,5,54098.171314885156,2,0,4,18,1,2,57,62,False,,synthetic,True,2,True
2026-09-17T12:35:14.764453+00:00,synthetic,synth_gen_GUESSING_HINT,synthetic,1564,37,1533.8,98.1,2,0.5452,0.5883,2,11,5,43615.39961996125,2,0,5,10,1,2,49,63,False,,synthetic,True,2,True
2026-09-17T12:35:14.764453+00:00,synthetic,synth_gen_GUESSING_HINT,synthetic,1565,29,1389.5,34.1,4,0.2907,0.5932,2,12,1,5173.306885963579,2,0,2,14,1,2,58,56,False,,synthetic,True,2,True
2026-09-17T12:35:14.764453+00:00,synthetic,synth_gen_GUESSING_HINT,synthetic,1566,24,1011.2,174.9,2,0.7267,0.1157,3,3,3,3520.1627371095997,2,0,5,20,1,2,32,40,False,,synthetic,True,2,True
2026-09-17T12:35:14.764453+00:00,synthetic,synth_gen_GUESSING_HINT,synthetic,1567,44,4292.2,64.9,3,0.3415,0,2,11,5,54712.261783607966,2,0,4,19,1,2,48,61,False,,synthetic,True,2,True
2026-09-17T12:35:14.764453+00:00,synthetic,synth_gen_GUESSING_HINT,synthetic,1568,18,770.7,53.4,2,0.675,0.0516,2,13,1,4145.853433476896,2,0,2,13,1,2,4,10,False,,synthetic,True,2,True
2026-09-17T12:35:14.764453+00:00,synthetic,synth_gen_GUESSING_HINT,synthetic,1569,17,1598.5,100.9,2,0.8337,0,1,2,2,11014.162283146446,2,0,5,11,1,2,27,28,False,,synthetic,True,2,True
2026-09-17T12:35:14.764453+00:00,synthetic,synth_gen_GUESSING_HINT,synthetic,1570,48,5817.7,70.4,3,0.2044,0.339,1,6,1,45992.68067489051,2,0,3,3,1,2,62,63,False,,synthetic,True,2,True
2026-09-17T12:35:14.764453+00:00,synthetic,synth_gen_GUESSING_HINT,synthetic,1571,18,1246.2,65.9,2,0.9893,0.4146,2,7,4,51749.857926303615,2,0,1,8,1,2,34,37,False,,synthetic,True,2,True
2026-09-17T12:35:14.764453+00:00,synthetic,synth_gen_GUESSING_HINT,synthetic,1572,22,2098.7,102.6,2,0.8247,0,3,11,2,81864.0584811129,2,0,2,4,1,2,57,61,False,,synthetic,True,2,True
2026-09-17T12:35:14.764453+00:00,synthetic,synth_gen_GUESSING_HINT,synthetic,1573,13,1355.2,111.3,2,0.564,0.3437,1,14,2,10112.994468550532,2,0,4,9,1,2,58,48,False,,synthetic,True,2,True
2026-09-17T12:35:14.764453+00:00,synthetic,synth_gen_GUESSING_HINT,synthetic,1574,4,3822.5,73.0,2,0.9982,0.1847,1,1,1,71991.57184234844,2,0,4,9,1,2,50,51,False,,synthetic,True,2,True
2026-09-17T12:35:14.764453+00:00,synthetic,synth_gen_GUESSING_HINT,synthetic,1575,1,2794.3,46.3,4,0.5536,0.6595,2,11,2,68211.60649994679,2,0,2,1,1,2,43,36,False,,synthetic,True,2,True
2026-09-17T12:35:14.764453+00:00,synthetic,synth_gen_GUESSING_HINT,synthetic,1576,43,4556.6,112.3,2,0.0654,0.3972,2,10,5,80710.66124365965,2,0,3,19,1,2,14,1,False,,synthetic,True,2,True
2026-09-17T12:35:14.764453+00:00,synthetic,synth_gen_GUESSING_HINT,synthetic,1577,17,4109.4,41.5,2,0.9338,0.3533,1,13,4,66898.57139092902,2,0,3,4,1,2,19,26,False,,synthetic,True,2,True
2026-09-17T12:35:14.764453+00:00,synthetic,synth_gen_GUESSING_HINT,synthetic,1578,13,1882.3,67.4,4,0.7637,0.6491,3,12,4,71270.26059082818,2,0,5,6,1,2,29,27,False,,synthetic,True,2,True
2026-09-17T12:35:14.764453+00:00,synthetic,synth_gen_GUESSING_HINT,synthetic,1579,3,5523.3,149.8,4,0.3713,0.3466,1,14,3,65380.83380732466,2,0,2,4,1,2,46,32,False,,synthetic,True,2,True
2026-09-17T12:35:14.764453+00:00,synthetic,synth_gen_GUESSING_HINT,synthetic,1580,0,1364.7,172.7,2,0.5974,0.0524,3,13,2,40986.159414997746,2,0,3,16,1,2,16,20,False,,synthetic,True,2,True
2026-09-17T12:35:14.764453+00:00,synthetic,synth_gen_GUESSING_HINT,synthetic,1581,32,2717.7,107.7,3,0.1863,0.5378,1,9,3,38457.86044885286,2,0,3,2,1,2,27,29,False,,synthetic,True,2,True
2026-09-17T12:35:14.764453+00:00,synthetic,synth_gen_GUESSING_HINT,synthetic,1582,19,10306.3,45.8,3,0,0.084,3,14,2,85119.02833045396,2,0,1,19,1,2,45,41,False,,synthetic,True,2,True
2026-09-17T12:35:14.764453+00:00,synthetic,synth_gen_GUESSING_HINT,synthetic,1583,33,1554.3,105.0,2,0.6657,0.5565,1,11,1,81255.44334780169,2,0,3,19,1,2,2,6,False,,synthetic,True,2,True
2026-09-17T12:35:14.764453+00:00,synthetic,synth_gen_GUESSING_HINT,synthetic,1584,34,1746.5,80.3,3,1,0.1787,2,7,4,60228.64010845154,2,0,3,16,1,2,31,25,False,,synthetic,True,2,True
2026-09-17T12:35:14.764453+00:00,synthetic,synth_gen_GUESSING_HINT,synthetic,1585,37,3349.8,79.6,3,1,0.6586,3,1,4,81530.92477181721,2,0,2,20,1,2,47,41,False,,synthetic,True,2,True
2026-09-17T12:35:14.764453+00:00,synthetic,synth_gen_GUESSING_HINT,synthetic,1586,24,3429.1,45.9,3,0.015,0.5255,3,11,5,72832.24964724355,2,0,3,2,1,2,43,45,False,,synthetic,True,2,True
2026-09-17T12:35:14.764453+00:00,synthetic,synth_gen_GUESSING_HINT,synthetic,1587,36,1916.5,111.5,3,0.8974,0.6238,1,5,3,1849.6269744569486,2,0,5,11,1,2,9,1,False,,synthetic,True,2,True
2026-09-17T12:35:14.764453+00:00,synthetic,synth_gen_GUESSING_HINT,synthetic,1588,32,3023.1,238.6,2,1,0.7435,3,7,2,11168.912864829328,2,0,1,18,1,2,52,58,False,,synthetic,True,2,True
2026-09-17T12:35:14.764453+00:00,synthetic,synth_gen_GUESSING_HINT,synthetic,1589,20,979.6,135.5,4,0.6791,0.3327,1,15,3,65906.91941396722,2,0,5,2,1,2,13,12,False,,synthetic,True,2,True
2026-09-17T12:35:14.764453+00:00,synthetic,synth_gen_GUESSING_HINT,synthetic,1590,28,1651.7,43.0,3,0.983,0,1,8,4,11297.890135966623,2,0,4,9,1,2,21,18,False,,synthetic,True,2,True
2026-09-17T12:35:14.764453+00:00,synthetic,synth_gen_GUESSING_HINT,synthetic,1591,3,4359.8,75.5,4,0.2639,0.3013,1,2,1,77398.5191880204,2,0,2,17,1,2,62,53,False,,synthetic,True,2,True
2026-09-17T12:35:14.764453+00:00,synthetic,synth_gen_GUESSING_HINT,synthetic,1592,0,2803.2,99.6,3,0.2941,0.2419,3,2,1,84048.58156197566,2,0,2,11,1,2,59,54,False,,synthetic,True,2,True
2026-09-17T12:35:14.764453+00:00,synthetic,synth_gen_GUESSING_HINT,synthetic,1593,24,2428.1,321.1,4,0.4275,0.7588,3,5,1,10360.03388312419,2,0,4,4,1,2,52,51,False,,synthetic,True,2,True
2026-09-17T12:35:14.764453+00:00,synthetic,synth_gen_GUESSING_HINT,synthetic,1594,7,3646.7,88.2,2,0.4191,0.225,2,1,3,29850.5473415717,2,0,1,19,1,2,15,6,False,,synthetic,True,2,True
2026-09-17T12:35:14.764453+00:00,synthetic,synth_gen_GUESSING_HINT,synthetic,1595,3,4072.6,36.4,4,0.9301,0.3813,2,15,1,29900.519589350086,2,0,2,16,1,2,33,41,False,,synthetic,True,2,True
2026-09-17T12:35:14.764453+00:00,synthetic,synth_gen_GUESSING_HINT,synthetic,1596,42,8038.6,109.5,3,0,0.2695,3,14,4,78615.87587118671,2,0,2,10,1,2,50,60,False,,synthetic,True,2,True
2026-09-17T12:35:14.764453+00:00,synthetic,synth_gen_GUESSING_HINT,synthetic,1597,5,5431.3,69.7,3,0.0177,0.0213,2,10,5,63394.924285688714,2,0,3,16,1,2,29,17,False,,synthetic,True,2,True
2026-09-17T12:35:14.764453+00:00,synthetic,synth_gen_GUESSING_HINT,synthetic,1598,28,4057.0,160.5,2,0.5198,0.86,3,13,5,36996.51172319928,2,0,1,9,1,2,6,9,False,,synthetic,True,2,True
2026-09-17T12:35:14.764453+00:00,synthetic,synth_gen_GUESSING_HINT,synthetic,1599,22,4478.1,102.9,2,0.6501,0.2139,1,7,2,53573.649283836414,2,0,4,16,1,2,47,44,False,,synthetic,True,2,True
2026-09-17T12:35:14.764453+00:00,synthetic,synth_gen_GUESSING_HINT,synthetic,1600,34,1886.7,66.8,4,0.4116,0.6942,1,13,4,6759.467342335907,2,0,1,14,1,2,15,14,False,,synthetic,True,2,True
2026-09-17T12:35:14.764453+00:00,synthetic,synth_gen_GUESSING_HINT,synthetic,1601,48,2680.3,75.9,2,0.3885,0.452,1,1,1,21388.425861065425,2,0,5,4,1,2,18,17,False,,synthetic,True,2,True
2026-09-17T12:35:14.764453+00:00,synthetic,synth_gen_GUESSING_HINT,synthetic,1602,33,914.9,133.0,3,0.8176,0.1499,2,5,2,56327.04416023985,2,0,5,3,1,2,12,5,False,,synthetic,True,2,True
2026-09-17T12:35:14.764453+00:00,synthetic,synth_gen_GUESSING_HINT,synthetic,1603,34,1120.0,38.0,4,0.2568,0.6408,3,15,1,11725.038085992233,2,0,1,5,1,2,2,8,False,,synthetic,True,2,True
2026-09-17T12:35:14.764453+00:00,synthetic,synth_gen_GUESSING_HINT,synthetic,1604,30,869.8,60.2,3,0.7862,0,1,3,1,24538.243552653326,2,0,1,17,1,2,34,40,False,,synthetic,True,2,True
2026-09-17T12:35:14.764453+00:00,synthetic,synth_gen_GUESSING_HINT,synthetic,1605,19,1142.5,171.3,3,0.4961,0,2,3,4,76303.73062069668,2,0,3,20,1,2,37,44,False,,synthetic,True,2,True
2026-09-17T12:35:14.764453+00:00,synthetic,synth_gen_GUESSING_HINT,synthetic,1606,39,1506.4,133.0,2,1,0.2142,1,14,5,56629.89503643423,2,0,4,8,1,2,9,1,False,,synthetic,True,2,True
2026-09-17T12:35:14.764453+00:00,synthetic,synth_gen_GUESSING_HINT,synthetic,1607,26,2270.7,73.1,3,0.6309,0.5048,2,12,3,47001.235064897875,2,0,2,6,1,2,58,53,False,,synthetic,True,2,True
2026-09-17T12:35:14.764453+00:00,synthetic,synth_gen_GUESSING_HINT,synthetic,1608,5,2299.9,30,2,0.3422,0.4859,3,7,4,30011.6497785582,2,0,1,15,1,2,6,7,False,,synthetic,True,2,True
2026-09-17T12:35:14.764453+00:00,synthetic,synth_gen_GUESSING_HINT,synthetic,1609,22,1287.5,86.6,2,0.8253,0.1803,2,11,4,13618.29762239477,2,0,4,14,1,2,8,3,False,,synthetic,True,2,True
2026-09-17T12:35:14.764453+00:00,synthetic,synth_gen_GUESSING_HINT,synthetic,1610,13,691.1,180.6,2,0.4044,0,2,12,3,56045.33543079316,2,0,1,5,1,2,10,4,False,,synthetic,True,2,True
2026-09-17T12:35:14.764453+00:00,synthetic,synth_gen_GUESSING_HINT,synthetic,1611,40,4228.9,98.7,3,0.7862,0.2323,2,7,1,32530.998649191875,2,0,5,1,1,2,15,1,False,,synthetic,True,2,True
2026-09-17T12:35:14.764453+00:00,synthetic,synth_gen_GUESSING_HINT,synthetic,1612,19,500,59.5,3,0,0.3953,2,9,1,56637.01780675773,2,0,4,15,1,2,40,46,False,,synthetic,True,2,True
2026-09-17T12:35:14.764453+00:00,synthetic,synth_gen_GUESSING_HINT,synthetic,1613,4,2487.9,63.8,2,0.6147,0.1865,1,5,5,72993.83448514195,2,0,2,7,1,2,39,40,False,,synthetic,True,2,True
2026-09-17T12:35:14.764453+00:00,synthetic,synth_gen_GUESSING_HINT,synthetic,1614,0,1167.2,161.2,2,0.3471,0.6002,2,2,2,36721.96913008481,2,0,4,10,1,2,23,21,False,,synthetic,True,2,True
2026-09-17T12:35:14.764453+00:00,synthetic,synth_gen_GUESSING_HINT,synthetic,1615,44,3660.5,80.0,2,0.6858,0.4484,2,5,5,18229.152623456404,2,0,1,7,1,2,31,22,False,,synthetic,True,2,True
2026-09-17T12:35:14.764453+00:00,synthetic,synth_gen_GUESSING_HINT,synthetic,1616,46,3025.8,127.7,3,0.5876,0.2037,3,10,1,22427.169083758774,2,0,1,19,1,2,3,1,False,,synthetic,True,2,True
2026-09-17T12:35:14.764453+00:00,synthetic,synth_gen_GUESSING_HINT,synthetic,1617,9,5616.7,120.1,2,0.5759,0.2757,1,14,4,22811.334859965442,2,0,2,1,1,2,34,47,False,,synthetic,True,2,True
2026-09-17T12:35:14.764453+00:00,synthetic,synth_gen_GUESSING_HINT,synthetic,1618,9,3737.1,77.9,4,0.4694,0.4223,1,4,5,42169.046270374645,2,0,1,12,1,2,36,45,False,,synthetic,True,2,True
2026-09-17T12:35:14.764453+00:00,synthetic,synth_gen_GUESSING_HINT,synthetic,1619,35,3324.2,147.0,2,0.6457,0.6141,1,4,1,54576.85261765202,2,0,2,15,1,2,48,55,False,,synthetic,True,2,True
2026-09-17T12:35:14.764453+00:00,synthetic,synth_gen_GUESSING_HINT,synthetic,1620,9,14000,153.5,2,0.3017,0.6167,2,12,3,32334.2183695326,2,0,2,1,1,2,19,31,False,,synthetic,True,2,True
2026-09-17T12:35:14.764453+00:00,synthetic,synth_gen_GUESSING_HINT,synthetic,1621,16,1365.6,35.7,2,0.3885,0.5396,2,8,4,12504.508538807015,2,0,4,2,1,2,2,12,False,,synthetic,True,2,True
2026-09-17T12:35:14.764453+00:00,synthetic,synth_gen_GUESSING_HINT,synthetic,1622,18,1191.7,104.3,2,1,0.7898,2,12,1,57176.54325038622,2,0,3,12,1,2,22,16,False,,synthetic,True,2,True
2026-09-17T12:35:14.764453+00:00,synthetic,synth_gen_GUESSING_HINT,synthetic,1623,36,1638.0,100.6,3,0.6992,0.5442,2,3,3,51980.71912281102,2,0,3,7,1,2,56,54,False,,synthetic,True,2,True
2026-09-17T12:35:14.764453+00:00,synthetic,synth_gen_GUESSING_HINT,synthetic,1624,33,3040.2,60.4,2,0.3669,0.3035,1,2,5,26577.895072321407,2,0,4,20,1,2,57,55,False,,synthetic,True,2,True
2026-09-17T12:35:14.764453+00:00,synthetic,synth_gen_GUESSING_HINT,synthetic,1625,40,4538.3,62.0,3,1,0,3,8,2,25887.887569558836,2,0,5,7,1,2,37,38,False,,synthetic,True,2,True
2026-09-17T12:35:14.764453+00:00,synthetic,synth_gen_GUESSING_HINT,synthetic,1626,27,3190.2,68.4,2,0.5903,0.6957,2,10,4,43163.313724148575,2,0,3,0,1,2,43,35,False,,synthetic,True,2,True
2026-09-17T12:35:14.764453+00:00,synthetic,synth_gen_GUESSING_HINT,synthetic,1627,40,1144.8,89.3,4,0.2274,0.2717,3,6,1,82377.24818298258,2,0,2,4,1,2,21,18,False,,synthetic,True,2,True
2026-09-17T12:35:14.764453+00:00,synthetic,synth_gen_GUESSING_HINT,synthetic,1628,18,1486.8,65.4,2,0.7098,0.4213,1,3,2,62629.60385499601,2,0,2,7,1,2,46,32,False,,synthetic,True,2,True
2026-09-17T12:35:14.764453+00:00,synthetic,synth_gen_GUESSING_HINT,synthetic,1629,23,1750.8,54.8,2,0.049,0.8154,3,8,4,10115.952426239928,2,0,4,3,1,2,21,24,False,,synthetic,True,2,True
2026-09-17T12:35:14.764453+00:00,synthetic,synth_gen_GUESSING_HINT,synthetic,1630,31,619.8,124.6,3,0.696,0.2295,3,14,5,55361.591942484425,2,0,2,19,1,2,10,6,False,,synthetic,True,2,True
2026-09-17T12:35:14.764453+00:00,synthetic,synth_gen_GUESSING_HINT,synthetic,1631,28,6412.8,32.7,2,0.5581,0,2,2,4,62038.723112706655,2,0,1,18,1,2,15,3,False,,synthetic,True,2,True
2026-09-17T12:35:14.764453+00:00,synthetic,synth_gen_GUESSING_HINT,synthetic,1632,11,7216.8,153.6,2,0,0,1,3,4,58787.58944170062,2,0,4,5,1,2,42,36,False,,synthetic,True,2,True
2026-09-17T12:35:14.764453+00:00,synthetic,synth_gen_GUESSING_HINT,synthetic,1633,6,1672.6,79.3,3,0.6465,0.5694,1,1,1,19224.935905686678,2,0,5,12,1,2,12,3,False,,synthetic,True,2,True
2026-09-17T12:35:14.764453+00:00,synthetic,synth_gen_GUESSING_HINT,synthetic,1634,24,1344.1,90.6,3,0.3406,0.2947,2,2,2,50383.25161161861,2,0,2,0,1,2,10,3,False,,synthetic,True,2,True
2026-09-17T12:35:14.764453+00:00,synthetic,synth_gen_GUESSING_HINT,synthetic,1635,2,633.0,54.4,2,0.6929,0.0319,3,2,2,30700.783291982872,2,0,4,12,1,2,16,31,False,,synthetic,True,2,True
2026-09-17T12:35:14.764453+00:00,synthetic,synth_gen_GUESSING_HINT,synthetic,1636,47,1594.5,71.7,2,0,0.5532,3,11,5,45367.658875673296,2,0,5,19,1,2,14,0,False,,synthetic,True,2,True
2026-09-17T12:35:14.764453+00:00,synthetic,synth_gen_GUESSING_HINT,synthetic,1637,8,2696.8,113.6,2,0,0.1675,1,6,1,50222.52990295493,2,0,5,20,1,2,52,60,False,,synthetic,True,2,True
2026-09-17T12:35:14.764453+00:00,synthetic,synth_gen_GUESSING_HINT,synthetic,1638,4,1702.1,116.4,2,0.2127,0,2,11,4,32678.222854396645,2,0,3,4,1,2,25,19,False,,synthetic,True,2,True
2026-09-17T12:35:14.764453+00:00,synthetic,synth_gen_GUESSING_HINT,synthetic,1639,13,6741.7,79.9,2,1,0.2249,2,13,3,44546.84794107426,2,0,1,6,1,2,23,18,False,,synthetic,True,2,True
2026-09-17T12:35:14.764453+00:00,synthetic,synth_gen_GUESSING_HINT,synthetic,1640,40,2575.2,66.4,2,0.2094,0.2665,2,5,2,57707.3982873169,2,0,3,16,1,2,6,14,False,,synthetic,True,2,True
2026-09-17T12:35:14.764453+00:00,synthetic,synth_gen_GUESSING_HINT,synthetic,1641,17,5996.9,54.3,2,0.5069,0,1,13,4,57857.27705276768,2,0,1,11,1,2,48,52,False,,synthetic,True,2,True
2026-09-17T12:35:14.764453+00:00,synthetic,synth_gen_GUESSING_HINT,synthetic,1642,27,7894.2,130.6,2,0.6523,0.0334,3,4,1,79910.2481787797,2,0,5,6,1,2,49,58,False,,synthetic,True,2,True
2026-09-17T12:35:14.764453+00:00,synthetic,synth_gen_GUESSING_HINT,synthetic,1643,26,879.9,101.7,3,0.0614,0.3353,3,15,4,68939.48910503971,2,0,2,0,1,2,57,51,False,,synthetic,True,2,True
2026-09-17T12:35:14.764453+00:00,synthetic,synth_gen_GUESSING_HINT,synthetic,1644,35,1076.8,229.3,2,0.0469,0.0529,3,10,5,29455.503080012808,2,0,5,13,1,2,59,52,False,,synthetic,True,2,True
2026-09-17T12:35:14.764453+00:00,synthetic,synth_gen_GUESSING_HINT,synthetic,1645,47,1646.6,66.7,4,0.7815,0.4395,2,15,5,53018.37601278787,2,0,5,13,1,2,57,56,False,,synthetic,True,2,True
2026-09-17T12:35:14.764453+00:00,synthetic,synth_gen_GUESSING_HINT,synthetic,1646,11,2125.5,50.2,2,0.0382,0.0582,2,13,3,55457.84812128644,2,0,4,6,1,2,58,49,False,,synthetic,True,2,True
2026-09-17T12:35:14.764453+00:00,synthetic,synth_gen_GUESSING_HINT,synthetic,1647,29,1792.3,35.1,2,0.419,0.622,2,13,2,70426.32380624322,2,0,3,11,1,2,54,62,False,,synthetic,True,2,True
2026-09-17T12:35:14.764453+00:00,synthetic,synth_gen_GUESSING_HINT,synthetic,1648,10,2477.6,166.9,4,0.3088,0.2579,3,10,4,3464.7077632865967,2,0,1,20,1,2,52,56,False,,synthetic,True,2,True
2026-09-17T12:35:14.764453+00:00,synthetic,synth_gen_GUESSING_HINT,synthetic,1649,21,2600.2,42.4,3,0.2561,0.6898,1,2,2,1076.1558217451218,2,0,5,13,1,2,53,63,False,,synthetic,True,2,True
2026-09-17T12:35:14.764453+00:00,synthetic,synth_gen_GUESSING_HINT,synthetic,1650,44,1557.6,134.3,2,1,0.2372,2,9,5,33631.34244182137,2,0,2,0,1,2,35,40,False,,synthetic,True,2,True
2026-09-17T12:35:14.764453+00:00,synthetic,synth_gen_GUESSING_HINT,synthetic,1651,7,9071.0,72.5,2,0.3339,0.4286,1,1,5,39519.06653064318,2,0,4,9,1,2,23,29,False,,synthetic,True,2,True
2026-09-17T12:35:14.764453+00:00,synthetic,synth_gen_GUESSING_HINT,synthetic,1652,44,982.9,54.1,2,0.6249,0.0976,1,8,3,317.63225441794845,2,0,3,4,1,2,33,32,False,,synthetic,True,2,True
2026-09-17T12:35:14.764453+00:00,synthetic,synth_gen_GUESSING_HINT,synthetic,1653,39,1429.8,73.8,2,0.396,0.3597,2,14,3,58526.41114485719,2,0,1,11,1,2,17,26,False,,synthetic,True,2,True
2026-09-17T12:35:14.764453+00:00,synthetic,synth_gen_GUESSING_HINT,synthetic,1654,35,3412.2,181.8,4,1,0.0787,2,8,2,39035.85740245792,2,0,5,5,1,2,32,47,False,,synthetic,True,2,True
2026-09-17T12:35:14.764453+00:00,synthetic,synth_gen_GUESSING_HINT,synthetic,1655,26,4403.2,48.6,3,0.7571,0,3,3,4,57052.90626919881,2,0,5,4,1,2,3,9,False,,synthetic,True,2,True
2026-09-17T12:35:14.764453+00:00,synthetic,synth_gen_GUESSING_HINT,synthetic,1656,20,1837.9,79.9,4,0.8733,0,3,4,3,75052.0931949677,2,0,5,5,1,2,29,26,False,,synthetic,True,2,True
2026-09-17T12:35:14.764453+00:00,synthetic,synth_gen_GUESSING_HINT,synthetic,1657,18,2226.6,99.3,2,0.9267,0.3482,2,6,5,14476.557113671597,2,0,2,16,1,2,12,6,False,,synthetic,True,2,True
2026-09-17T12:35:14.764453+00:00,synthetic,synth_gen_GUESSING_HINT,synthetic,1658,28,2282.5,114.2,3,0.5477,0.5065,1,2,3,22623.657011421186,2,0,5,17,1,2,16,26,False,,synthetic,True,2,True
2026-09-17T12:35:14.764453+00:00,synthetic,synth_gen_GUESSING_HINT,synthetic,1659,19,1274.3,232.2,4,0.43,0.421,3,3,1,7886.462549277666,2,0,2,1,1,2,46,42,False,,synthetic,True,2,True
2026-09-17T12:35:14.764453+00:00,synthetic,synth_gen_GUESSING_HINT,synthetic,1660,30,951.0,43.4,2,0.9175,0.2828,3,14,2,6810.595277327411,2,0,4,7,1,2,38,41,False,,synthetic,True,2,True
2026-09-17T12:35:14.764453+00:00,synthetic,synth_gen_GUESSING_HINT,synthetic,1661,25,1599.6,299.9,2,0.7011,0.4676,1,7,2,34731.22757192544,2,0,3,0,1,2,58,63,False,,synthetic,True,2,True
2026-09-17T12:35:14.764453+00:00,synthetic,synth_gen_GUESSING_HINT,synthetic,1662,2,4938.5,50.4,3,0.9165,0.0906,2,14,5,69031.16027078014,2,0,3,3,1,2,22,18,False,,synthetic,True,2,True
2026-09-17T12:35:14.764453+00:00,synthetic,synth_gen_GUESSING_HINT,synthetic,1663,1,977.7,188.8,2,0.8779,0.6411,3,14,5,19756.023710735033,2,0,2,10,1,2,40,32,False,,synthetic,True,2,True
2026-09-17T12:35:14.764453+00:00,synthetic,synth_gen_GUESSING_HINT,synthetic,1664,5,988.6,141.8,3,0.4994,0.3165,1,1,4,42688.91623682925,2,0,3,12,1,2,35,32,False,,synthetic,True,2,True
2026-09-17T12:35:14.764453+00:00,synthetic,synth_gen_GUESSING_HINT,synthetic,1665,3,3764.8,100.7,4,0.7072,0.6432,3,15,3,10874.242991142604,2,0,1,1,1,2,45,33,False,,synthetic,True,2,True
2026-09-17T12:35:14.764453+00:00,synthetic,synth_gen_GUESSING_HINT,synthetic,1666,12,6471.5,124.6,3,0.4505,0.3242,2,1,2,54062.84824766212,2,0,2,8,1,2,24,20,False,,synthetic,True,2,True
2026-09-17T12:35:14.764453+00:00,synthetic,synth_gen_GUESSING_HINT,synthetic,1667,33,762.9,46.9,2,0.4605,0.0428,1,5,5,71774.96265595844,2,0,2,13,1,2,8,4,False,,synthetic,True,2,True
2026-09-17T12:35:14.764453+00:00,synthetic,synth_gen_GUESSING_HINT,synthetic,1668,28,3207.0,152.3,2,0.3864,0.5807,3,11,1,20933.017661665323,2,0,3,18,1,2,7,13,False,,synthetic,True,2,True
2026-09-17T12:35:14.764453+00:00,synthetic,synth_gen_GUESSING_HINT,synthetic,1669,21,2454.2,161.5,2,1,0.358,2,1,5,16715.484073508702,2,0,3,4,1,2,63,62,False,,synthetic,True,2,True
2026-09-17T12:35:14.764453+00:00,synthetic,synth_gen_GUESSING_HINT,synthetic,1670,17,909.0,76.2,2,0.3796,0.1143,3,9,3,38185.1895081555,2,0,2,11,1,2,29,17,False,,synthetic,True,2,True
2026-09-17T12:35:14.764453+00:00,synthetic,synth_gen_GUESSING_HINT,synthetic,1671,31,3630.2,141.7,3,0.8875,0.3497,2,7,5,21879.103919003748,2,0,1,19,1,2,59,61,False,,synthetic,True,2,True
2026-09-17T12:35:14.764453+00:00,synthetic,synth_gen_GUESSING_HINT,synthetic,1672,32,2498.8,36.0,3,1,0,1,11,1,5195.829386558974,2,0,4,7,1,2,13,7,False,,synthetic,True,2,True
2026-09-17T12:35:14.764453+00:00,synthetic,synth_gen_GUESSING_HINT,synthetic,1673,16,2346.0,64.0,2,1,0.0898,3,3,5,54484.794872730854,2,0,3,2,1,2,35,45,False,,synthetic,True,2,True
2026-09-17T12:35:14.764453+00:00,synthetic,synth_gen_GUESSING_HINT,synthetic,1674,5,1836.4,157.1,3,0,0.0016,3,11,3,55591.364124790605,2,0,1,8,1,2,28,16,False,,synthetic,True,2,True
2026-09-17T12:35:14.764453+00:00,synthetic,synth_gen_GUESSING_HINT,synthetic,1675,30,3689.7,55.9,3,0.7938,0.5632,1,7,2,84402.4394331254,2,0,5,0,1,2,21,24,False,,synthetic,True,2,True
2026-09-17T12:35:14.764453+00:00,synthetic,synth_gen_GUESSING_HINT,synthetic,1676,46,1167.8,146.3,2,0.6323,0,1,12,2,25106.089523667746,2,0,2,11,1,2,13,7,False,,synthetic,True,2,True
2026-09-17T12:35:14.764453+00:00,synthetic,synth_gen_GUESSING_HINT,synthetic,1677,48,2649.0,104.7,2,0.5019,0.7686,2,1,4,9450.413433455848,2,0,3,18,1,2,33,41,False,,synthetic,True,2,True
2026-09-17T12:35:14.764453+00:00,synthetic,synth_gen_GUESSING_HINT,synthetic,1678,38,10641.1,74.5,2,0.4051,0.014,2,10,1,70368.08014132951,2,0,1,11,1,2,20,26,False,,synthetic,True,2,True
2026-09-17T12:35:14.764453+00:00,synthetic,synth_gen_GUESSING_HINT,synthetic,1679,27,7527.0,42.5,4,1,0.619,1,12,3,79635.3597990435,2,0,2,8,1,2,40,42,False,,synthetic,True,2,True
2026-09-17T12:35:14.764453+00:00,synthetic,synth_gen_GUESSING_HINT,synthetic,1680,24,2721.3,98.6,2,0.8215,0.2995,1,2,3,54470.90835889131,2,0,4,5,1,2,9,7,False,,synthetic,True,2,True
2026-09-17T12:35:14.764453+00:00,synthetic,synth_gen_GUESSING_HINT,synthetic,1681,23,1260.9,89.7,2,0.0435,0.2748,3,7,2,33553.27612645276,2,0,4,1,1,2,56,60,False,,synthetic,True,2,True
2026-09-17T12:35:14.764453+00:00,synthetic,synth_gen_GUESSING_HINT,synthetic,1682,36,4425.6,167.6,3,0.3096,0.2386,1,9,3,78811.43128815635,2,0,2,3,1,2,61,62,False,,synthetic,True,2,True
2026-09-17T12:35:14.764453+00:00,synthetic,synth_gen_GUESSING_HINT,synthetic,1683,27,7463.0,31.8,4,0.8875,0.9026,3,12,4,14694.778498770806,2,0,3,17,1,2,58,56,False,,synthetic,True,2,True
2026-09-17T12:35:14.764453+00:00,synthetic,synth_gen_GUESSING_HINT,synthetic,1684,35,1987.0,69.9,3,0,0.3871,3,7,4,30549.096330266682,2,0,5,4,1,2,50,49,False,,synthetic,True,2,True
2026-09-17T12:35:14.764453+00:00,synthetic,synth_gen_GUESSING_HINT,synthetic,1685,1,871.7,180.4,4,0.6942,0.2306,2,14,3,42459.056278749915,2,0,1,8,1,2,49,59,False,,synthetic,True,2,True
2026-09-17T12:35:14.764453+00:00,synthetic,synth_gen_GUESSING_HINT,synthetic,1686,11,2828.7,68.5,2,0.2291,0.4053,1,6,3,24693.365145747117,2,0,5,16,1,2,49,56,False,,synthetic,True,2,True
2026-09-17T12:35:14.764453+00:00,synthetic,synth_gen_GUESSING_HINT,synthetic,1687,44,3406.3,138.8,2,0.7936,0.0705,3,14,1,47101.86864939198,2,0,3,12,1,2,5,9,False,,synthetic,True,2,True
2026-09-17T12:35:14.764453+00:00,synthetic,synth_gen_GUESSING_HINT,synthetic,1688,22,2178.9,144.3,3,0.9656,0.099,1,13,1,85191.52745896821,2,0,3,10,1,2,58,57,False,,synthetic,True,2,True
2026-09-17T12:35:14.764453+00:00,synthetic,synth_gen_GUESSING_HINT,synthetic,1689,45,1428.7,119.8,3,0.21,0.3575,2,8,3,81711.35327271641,2,0,4,8,1,2,57,54,False,,synthetic,True,2,True
2026-09-17T12:35:14.764453+00:00,synthetic,synth_gen_GUESSING_HINT,synthetic,1690,2,1107.8,63.0,3,0.3014,0.4699,1,14,1,34516.75119138744,2,0,3,19,1,2,32,34,False,,synthetic,True,2,True
2026-09-17T12:35:14.764453+00:00,synthetic,synth_gen_GUESSING_HINT,synthetic,1691,38,4547.1,217.8,2,1,0.4911,1,2,3,4216.458289074681,2,0,3,15,1,2,15,10,False,,synthetic,True,2,True
2026-09-17T12:35:14.764453+00:00,synthetic,synth_gen_GUESSING_HINT,synthetic,1692,47,6334.5,81.8,3,0.5144,0.1113,3,3,4,16351.142900181216,2,0,1,3,1,2,28,19,False,,synthetic,True,2,True
2026-09-17T12:35:14.764453+00:00,synthetic,synth_gen_GUESSING_HINT,synthetic,1693,32,965.7,118.0,3,1,0.0837,1,15,1,25002.67894342513,2,0,2,12,1,2,45,43,False,,synthetic,True,2,True
2026-09-17T12:35:14.764453+00:00,synthetic,synth_gen_GUESSING_HINT,synthetic,1694,19,1330.2,153.9,3,0.6499,0.4083,3,1,1,65238.819755224176,2,0,4,14,1,2,60,54,False,,synthetic,True,2,True
2026-09-17T12:35:14.764453+00:00,synthetic,synth_gen_GUESSING_HINT,synthetic,1695,22,978.8,135.7,2,0.2258,0.7783,3,14,4,73691.47053623621,2,0,1,1,1,2,63,56,False,,synthetic,True,2,True
2026-09-17T12:35:14.764453+00:00,synthetic,synth_gen_GUESSING_HINT,synthetic,1696,41,3123.4,131.9,2,0.1712,0.1767,3,14,2,14683.275401909319,2,0,1,2,1,2,40,39,False,,synthetic,True,2,True
2026-09-17T12:35:14.764453+00:00,synthetic,synth_gen_GUESSING_HINT,synthetic,1697,45,2497.4,63.4,2,0.4083,0.417,2,5,4,61828.12259497458,2,0,3,9,1,2,2,1,False,,synthetic,True,2,True
2026-09-17T12:35:14.764453+00:00,synthetic,synth_gen_GUESSING_HINT,synthetic,1698,16,1543.4,53.8,3,0.3105,0.5794,3,9,3,11400.314792233881,2,0,1,16,1,2,18,27,False,,synthetic,True,2,True
2026-09-17T12:35:14.764453+00:00,synthetic,synth_gen_GUESSING_HINT,synthetic,1699,25,4563.6,128.4,2,0.2681,0.2826,2,11,1,71601.37699027007,2,0,1,2,1,2,10,8,False,,synthetic,True,2,True
2026-09-17T12:35:14.764453+00:00,synthetic,synth_gen_GUESSING_HINT,synthetic,1700,17,3084.7,148.2,2,0.6363,0.143,1,10,1,54636.537825979365,2,0,5,18,1,2,19,28,False,,synthetic,True,2,True
2026-09-17T12:35:14.764453+00:00,synthetic,synth_gen_GUESSING_HINT,synthetic,1701,37,2203.8,72.9,3,0.2003,0.2286,2,14,1,8351.501341117264,2,0,2,13,1,2,39,45,False,,synthetic,True,2,True
2026-09-17T12:35:14.764453+00:00,synthetic,synth_gen_GUESSING_HINT,synthetic,1702,5,2751.5,121.6,4,0.5323,0.3905,3,1,4,14525.6078211021,2,0,1,3,1,2,15,13,False,,synthetic,True,2,True
2026-09-17T12:35:14.764453+00:00,synthetic,synth_gen_GUESSING_HINT,synthetic,1703,18,1021.5,107.8,3,0.8069,0.6765,1,2,4,72499.50341857778,2,0,3,4,1,2,41,45,False,,synthetic,True,2,True
2026-09-17T12:35:14.764453+00:00,synthetic,synth_gen_GUESSING_HINT,synthetic,1704,44,1101.0,107.4,2,0.0711,0.5266,2,14,3,35347.33112633395,2,0,4,18,1,2,34,42,False,,synthetic,True,2,True
2026-09-17T12:35:14.764453+00:00,synthetic,synth_gen_GUESSING_HINT,synthetic,1705,37,3108.6,178.2,3,0,0.0947,3,8,4,17656.520833775838,2,0,2,2,1,2,55,60,False,,synthetic,True,2,True
2026-09-17T12:35:14.764453+00:00,synthetic,synth_gen_GUESSING_HINT,synthetic,1706,41,1856.5,89.5,2,0.5028,0.5448,3,2,5,55528.66449023138,2,0,5,13,1,2,25,31,False,,synthetic,True,2,True
2026-09-17T12:35:14.764453+00:00,synthetic,synth_gen_GUESSING_HINT,synthetic,1707,12,1905.0,72.5,3,0.3271,0.8,3,9,4,68246.5837311159,2,0,3,5,1,2,48,62,False,,synthetic,True,2,True
2026-09-17T12:35:14.764453+00:00,synthetic,synth_gen_GUESSING_HINT,synthetic,1708,47,9443.5,102.7,2,0.0514,0.4408,3,11,4,69531.24881952991,2,0,3,16,1,2,61,55,False,,synthetic,True,2,True
2026-09-17T12:35:14.764453+00:00,synthetic,synth_gen_GUESSING_HINT,synthetic,1709,1,832.4,301.2,2,1,0.1684,3,11,3,934.1765209008489,2,0,4,10,1,2,37,39,False,,synthetic,True,2,True
2026-09-17T12:35:14.764453+00:00,synthetic,synth_gen_GUESSING_HINT,synthetic,1710,7,1398.2,131.8,3,0.9159,0.437,3,5,1,84267.68871346829,2,0,5,11,1,2,27,20,False,,synthetic,True,2,True
2026-09-17T12:35:14.764453+00:00,synthetic,synth_gen_GUESSING_HINT,synthetic,1711,10,500,115.0,2,0.7149,0.3844,2,15,5,60638.42006066361,2,0,3,19,1,2,43,36,False,,synthetic,True,2,True
2026-09-17T12:35:14.764453+00:00,synthetic,synth_gen_GUESSING_HINT,synthetic,1712,11,3091.6,224.1,3,1,0.321,3,6,3,48675.76140799505,2,0,5,4,1,2,4,0,False,,synthetic,True,2,True
2026-09-17T12:35:14.764453+00:00,synthetic,synth_gen_GUESSING_HINT,synthetic,1713,14,1008.1,77.3,3,0.3428,0.266,2,3,4,49087.64435393895,2,0,1,0,1,2,9,1,False,,synthetic,True,2,True
2026-09-17T12:35:14.764453+00:00,synthetic,synth_gen_GUESSING_HINT,synthetic,1714,38,1086.4,66.5,3,1,0.2762,3,9,3,6812.689012474816,2,0,3,14,1,2,24,30,False,,synthetic,True,2,True
2026-09-17T12:35:14.764453+00:00,synthetic,synth_gen_GUESSING_HINT,synthetic,1715,43,571.9,101.4,4,0.1626,0.4362,2,5,2,29908.099715666638,2,0,1,19,1,2,56,63,False,,synthetic,True,2,True
2026-09-17T12:35:14.764453+00:00,synthetic,synth_gen_GUESSING_HINT,synthetic,1716,25,2982.6,62.8,2,0.1585,0.5144,3,5,2,51510.12367767635,2,0,1,0,1,2,10,12,False,,synthetic,True,2,True
2026-09-17T12:35:14.764453+00:00,synthetic,synth_gen_GUESSING_HINT,synthetic,1717,40,3113.9,138.4,4,0.6644,0.1883,1,6,5,60524.28551092772,2,0,2,11,1,2,39,36,False,,synthetic,True,2,True
2026-09-17T12:35:14.764453+00:00,synthetic,synth_gen_GUESSING_HINT,synthetic,1718,26,2728.7,206.1,2,0.5539,0.047,1,5,3,30809.973271485924,2,0,2,1,1,2,39,36,False,,synthetic,True,2,True
2026-09-17T12:35:14.764453+00:00,synthetic,synth_gen_GUESSING_HINT,synthetic,1719,48,2248.5,71.3,4,0.8588,0.5544,3,11,4,27117.12387780273,2,0,5,16,1,2,17,20,False,,synthetic,True,2,True
2026-09-17T12:35:14.764453+00:00,synthetic,synth_gen_GUESSING_HINT,synthetic,1720,42,2262.4,61.9,3,0.8382,0.3348,3,3,3,75485.34616785609,2,0,1,8,1,2,14,5,False,,synthetic,True,2,True
2026-09-17T12:35:14.764453+00:00,synthetic,synth_gen_GUESSING_HINT,synthetic,1721,9,880.8,185.3,4,0.6929,0.5731,3,3,4,68547.8805494942,2,0,1,16,1,2,13,1,False,,synthetic,True,2,True
2026-09-17T12:35:14.764453+00:00,synthetic,synth_gen_GUESSING_HINT,synthetic,1722,27,2668.2,91.2,2,1,0.3512,1,9,5,34644.53540595623,2,0,3,20,1,2,36,39,False,,synthetic,True,2,True
2026-09-17T12:35:14.764453+00:00,synthetic,synth_gen_GUESSING_HINT,synthetic,1723,43,2280.3,142.6,4,0.825,0.5749,2,15,1,6960.717069797349,2,0,1,18,1,2,19,18,False,,synthetic,True,2,True
2026-09-17T12:35:14.764453+00:00,synthetic,synth_gen_GUESSING_HINT,synthetic,1724,23,2554.1,61.0,2,0.068,0.105,3,9,2,22995.437915473987,2,0,2,3,1,2,59,49,False,,synthetic,True,2,True
2026-09-17T12:35:14.764453+00:00,synthetic,synth_gen_GUESSING_HINT,synthetic,1725,4,12992.6,56.6,4,0.5247,0.12,2,5,1,3043.037565893346,2,0,4,20,1,2,3,9,False,,synthetic,True,2,True
2026-09-17T12:35:14.764453+00:00,synthetic,synth_gen_GUESSING_HINT,synthetic,1726,12,6334.5,125.6,3,0.4635,0.2821,1,10,4,76984.00534101822,2,0,3,13,1,2,20,29,False,,synthetic,True,2,True
2026-09-17T12:35:14.764453+00:00,synthetic,synth_gen_GUESSING_HINT,synthetic,1727,13,2696.2,65.5,4,0.635,0.5183,2,14,5,53846.923082787485,2,0,5,20,1,2,39,41,False,,synthetic,True,2,True
2026-09-17T12:35:14.764453+00:00,synthetic,synth_gen_GUESSING_HINT,synthetic,1728,11,2028.3,122.2,4,0.7096,0,3,5,4,31870.273039394822,2,0,3,6,1,2,30,29,False,,synthetic,True,2,True
2026-09-17T12:35:14.764453+00:00,synthetic,synth_gen_GUESSING_HINT,synthetic,1729,8,11093.4,99.4,2,0,0.1123,2,12,4,70326.81070980664,2,0,4,7,1,2,20,25,False,,synthetic,True,2,True
2026-09-17T12:35:14.764453+00:00,synthetic,synth_gen_GUESSING_HINT,synthetic,1730,37,2478.5,189.4,2,0.9505,0.109,2,6,3,53781.41443263799,2,0,1,12,1,2,55,63,False,,synthetic,True,2,True
2026-09-17T12:35:14.764453+00:00,synthetic,synth_gen_GUESSING_HINT,synthetic,1731,19,4628.3,127.1,2,0.0759,0.0204,1,6,1,47033.67826944515,2,0,5,1,1,2,48,55,False,,synthetic,True,2,True
2026-09-17T12:35:14.764453+00:00,synthetic,synth_gen_GUESSING_HINT,synthetic,1732,41,1505.0,188.0,2,0.4956,0.5205,3,13,2,13906.315689129433,2,0,4,4,1,2,2,11,False,,synthetic,True,2,True
2026-09-17T12:35:14.764453+00:00,synthetic,synth_gen_GUESSING_HINT,synthetic,1733,44,2343.8,53.6,4,0.7691,1,3,14,2,31132.53854859459,2,0,2,16,1,2,14,13,False,,synthetic,True,2,True
2026-09-17T12:35:14.764453+00:00,synthetic,synth_gen_GUESSING_HINT,synthetic,1734,7,1476.6,80.7,4,0.7555,0.3227,3,4,1,21488.343416752985,2,0,2,9,1,2,54,57,False,,synthetic,True,2,True
2026-09-17T12:35:14.764453+00:00,synthetic,synth_gen_GUESSING_HINT,synthetic,1735,26,4464.8,79.7,2,0.535,0.2771,1,9,2,9854.376221562772,2,0,2,15,1,2,60,62,False,,synthetic,True,2,True
2026-09-17T12:35:14.764453+00:00,synthetic,synth_gen_GUESSING_HINT,synthetic,1736,9,2538.1,110.0,3,0.7858,0.7269,1,14,4,32966.37626825218,2,0,3,7,1,2,1,8,False,,synthetic,True,2,True
2026-09-17T12:35:14.764453+00:00,synthetic,synth_gen_GUESSING_HINT,synthetic,1737,3,1152.3,108.8,2,0,0.2357,1,5,5,40462.44594351364,2,0,4,2,1,2,32,35,False,,synthetic,True,2,True
2026-09-17T12:35:14.764453+00:00,synthetic,synth_gen_GUESSING_HINT,synthetic,1738,38,2232.9,72.1,2,0.4852,0,3,5,1,13881.335853931667,2,0,3,1,1,2,25,17,False,,synthetic,True,2,True
2026-09-17T12:35:14.764453+00:00,synthetic,synth_gen_GUESSING_HINT,synthetic,1739,39,8103.6,63.9,3,0.5388,0.1507,2,2,5,11658.179803822195,2,0,5,18,1,2,8,13,False,,synthetic,True,2,True
2026-09-17T12:35:14.764453+00:00,synthetic,synth_gen_GUESSING_HINT,synthetic,1740,47,3013.5,106.3,3,0.3781,0.3743,1,9,5,13391.795098319595,2,0,5,14,1,2,1,7,False,,synthetic,True,2,True
2026-09-17T12:35:14.764453+00:00,synthetic,synth_gen_GUESSING_HINT,synthetic,1741,19,1263.2,66.0,2,1,0.4363,3,15,5,32076.047788483404,2,0,3,8,1,2,50,60,False,,synthetic,True,2,True
2026-09-17T12:35:14.764453+00:00,synthetic,synth_gen_GUESSING_HINT,synthetic,1742,27,1995.9,83.9,2,1,0.4321,3,1,3,8451.599357087736,2,0,5,12,1,2,48,51,False,,synthetic,True,2,True
2026-09-17T12:35:14.764453+00:00,synthetic,synth_gen_GUESSING_HINT,synthetic,1743,20,11904.6,56.7,3,0.184,0.0372,2,1,3,47776.230338189605,2,0,2,2,1,2,30,21,False,,synthetic,True,2,True
2026-09-17T12:35:14.764453+00:00,synthetic,synth_gen_GUESSING_HINT,synthetic,1744,12,13689.6,89.7,2,0.825,0.0766,3,14,4,70199.00308495427,2,0,4,14,1,2,20,25,False,,synthetic,True,2,True
2026-09-17T12:35:14.764453+00:00,synthetic,synth_gen_GUESSING_HINT,synthetic,1745,24,2706.9,51.2,3,0.0457,0.2574,2,11,3,77753.8123345539,2,0,4,5,1,2,27,25,False,,synthetic,True,2,True
2026-09-17T12:35:14.764453+00:00,synthetic,synth_gen_GUESSING_HINT,synthetic,1746,30,1035.0,87.9,4,0.2969,0.3279,1,8,3,68505.72854815239,2,0,4,3,1,2,23,17,False,,synthetic,True,2,True
2026-09-17T12:35:14.764453+00:00,synthetic,synth_gen_GUESSING_HINT,synthetic,1747,20,602.1,98.5,3,0.3619,0.607,1,12,5,54441.07583795661,2,0,2,13,1,2,22,24,False,,synthetic,True,2,True
2026-09-17T12:35:14.764453+00:00,synthetic,synth_gen_GUESSING_HINT,synthetic,1748,30,1530.4,222.3,4,0.2041,0.4724,1,8,2,10593.767376066702,2,0,2,13,1,2,3,2,False,,synthetic,True,2,True
2026-09-17T12:35:14.764453+00:00,synthetic,synth_gen_GUESSING_HINT,synthetic,1749,42,5779.2,142.9,2,0.1454,0.8783,2,4,2,67849.58132465639,2,0,3,15,1,2,53,50,False,,synthetic,True,2,True
2026-09-17T12:35:14.764453+00:00,synthetic,synth_gen_GUESSING_HINT,synthetic,1750,15,1188.4,84.9,4,0.3956,0.0351,2,1,4,46937.85453988728,2,0,1,10,1,2,39,46,False,,synthetic,True,2,True
2026-09-17T12:35:14.764453+00:00,synthetic,synth_gen_GUESSING_HINT,synthetic,1751,39,1266.0,65.9,3,0.9004,0.2359,3,4,5,42367.800082385365,2,0,4,0,1,2,36,47,False,,synthetic,True,2,True
2026-09-17T12:35:14.764453+00:00,synthetic,synth_gen_GUESSING_HINT,synthetic,1752,44,500,74.0,2,0.2595,0.2618,2,12,2,33738.197843463066,2,0,5,10,1,2,58,49,False,,synthetic,True,2,True
2026-09-17T12:35:14.764453+00:00,synthetic,synth_gen_GUESSING_HINT,synthetic,1753,34,2587.8,57.2,3,0.7368,0.3226,3,13,3,57563.112612059886,2,0,5,11,1,2,50,51,False,,synthetic,True,2,True
2026-09-17T12:35:14.764453+00:00,synthetic,synth_gen_GUESSING_HINT,synthetic,1754,5,2238.2,144.6,2,0.8205,0.386,1,6,5,23289.998136692815,2,0,5,6,1,2,53,54,False,,synthetic,True,2,True
2026-09-17T12:35:14.764453+00:00,synthetic,synth_gen_GUESSING_HINT,synthetic,1755,17,8406.2,58.8,2,0.8453,0.5066,3,10,5,64112.26594234237,2,0,5,8,1,2,59,55,False,,synthetic,True,2,True
2026-09-17T12:35:14.764453+00:00,synthetic,synth_gen_GUESSING_HINT,synthetic,1756,6,3075.2,112.3,3,0.7413,0.0188,3,15,2,61636.988872091424,2,0,5,8,1,2,35,34,False,,synthetic,True,2,True
2026-09-17T12:35:14.764453+00:00,synthetic,synth_gen_GUESSING_HINT,synthetic,1757,35,1216.0,92.7,4,0.6825,0.0747,1,4,1,10832.749331266928,2,0,5,1,1,2,18,25,False,,synthetic,True,2,True
2026-09-17T12:35:14.764453+00:00,synthetic,synth_gen_GUESSING_HINT,synthetic,1758,42,7109.9,62.9,4,0.7061,0.3851,3,1,1,30616.760968473358,2,0,5,14,1,2,9,2,False,,synthetic,True,2,True
2026-09-17T12:35:14.764453+00:00,synthetic,synth_gen_GUESSING_HINT,synthetic,1759,27,2999.2,106.4,4,0.7995,0.2766,1,8,2,54407.0180210317,2,0,4,8,1,2,44,47,False,,synthetic,True,2,True
2026-09-17T12:35:14.764453+00:00,synthetic,synth_gen_GUESSING_HINT,synthetic,1760,25,5379.8,41.8,3,0.7558,0.4374,2,1,4,46099.91322584759,2,0,4,18,1,2,25,28,False,,synthetic,True,2,True
2026-09-17T12:35:14.764453+00:00,synthetic,synth_gen_GUESSING_HINT,synthetic,1761,31,12638.4,99.0,3,0.5113,0.0749,2,13,3,60518.9441949826,2,0,5,7,1,2,3,15,False,,synthetic,True,2,True
2026-09-17T12:35:14.764453+00:00,synthetic,synth_gen_GUESSING_HINT,synthetic,1762,30,1375.3,227.5,3,0.4435,0,2,2,1,53753.04772409849,2,0,5,10,1,2,25,31,False,,synthetic,True,2,True
2026-09-17T12:35:14.764453+00:00,synthetic,synth_gen_GUESSING_HINT,synthetic,1763,43,1091.4,201.7,3,0.0569,0.7464,1,5,1,21195.00145464849,2,0,2,18,1,2,7,14,False,,synthetic,True,2,True
2026-09-17T12:35:14.764453+00:00,synthetic,synth_gen_GUESSING_HINT,synthetic,1764,42,3152.4,125.1,3,1,0,2,4,4,21582.868590680086,2,0,1,15,1,2,49,52,False,,synthetic,True,2,True
2026-09-17T12:35:14.764453+00:00,synthetic,synth_gen_GUESSING_HINT,synthetic,1765,35,2826.7,147.3,3,0.6646,0.4718,2,3,5,62610.14120303184,2,0,5,11,1,2,20,28,False,,synthetic,True,2,True
2026-09-17T12:35:14.764453+00:00,synthetic,synth_gen_GUESSING_HINT,synthetic,1766,13,3572.3,51.1,2,0,0.6446,1,2,4,2294.8539144963197,2,0,2,18,1,2,34,32,False,,synthetic,True,2,True
2026-09-17T12:35:14.764453+00:00,synthetic,synth_gen_GUESSING_HINT,synthetic,1767,2,945.3,133.5,3,0.6199,0.4979,1,12,4,35645.412702131805,2,0,5,11,1,2,38,39,False,,synthetic,True,2,True
2026-09-17T12:35:14.764453+00:00,synthetic,synth_gen_GUESSING_HINT,synthetic,1768,27,2743.0,120.3,2,0.5562,0.0284,3,10,3,27142.972677111866,2,0,2,7,1,2,28,25,False,,synthetic,True,2,True
2026-09-17T12:35:14.764453+00:00,synthetic,synth_gen_GUESSING_HINT,synthetic,1769,12,2656.1,30,2,0.6759,0.2472,3,3,1,78060.53182764446,2,0,3,16,1,2,61,48,False,,synthetic,True,2,True
2026-09-17T12:35:14.764453+00:00,synthetic,synth_gen_GUESSING_HINT,synthetic,1770,35,4996.4,129.9,2,0,0.5203,1,6,4,42185.91657092585,2,0,4,3,1,2,11,3,False,,synthetic,True,2,True
2026-09-17T12:35:14.764453+00:00,synthetic,synth_gen_GUESSING_HINT,synthetic,1771,1,2959.0,121.0,3,0.2206,0.7477,3,1,2,6112.122917735842,2,0,4,2,1,2,3,11,False,,synthetic,True,2,True
2026-09-17T12:35:14.764453+00:00,synthetic,synth_gen_GUESSING_HINT,synthetic,1772,14,1090.4,105.8,2,0.0519,0.2564,1,4,4,56398.80964298419,2,0,2,13,1,2,18,31,False,,synthetic,True,2,True
2026-09-17T12:35:14.764453+00:00,synthetic,synth_gen_GUESSING_HINT,synthetic,1773,14,890.6,113.9,2,0.2207,0.359,1,11,3,22846.935488653555,2,0,3,4,1,2,7,13,False,,synthetic,True,2,True
2026-09-17T12:35:14.764453+00:00,synthetic,synth_gen_GUESSING_HINT,synthetic,1774,46,1324.6,271.2,3,1,0.2659,1,9,2,37369.762220407785,2,0,2,15,1,2,54,63,False,,synthetic,True,2,True
2026-09-17T12:35:14.764453+00:00,synthetic,synth_gen_GUESSING_HINT,synthetic,1775,32,6904.0,150.7,2,0.561,0.4403,1,15,1,37636.60113123083,2,0,5,12,1,2,8,0,False,,synthetic,True,2,True
2026-09-17T12:35:14.764453+00:00,synthetic,synth_gen_GUESSING_HINT,synthetic,1776,46,4224.7,94.9,4,0.2202,0.4471,3,14,2,34126.7169763093,2,0,3,19,1,2,44,43,False,,synthetic,True,2,True
2026-09-17T12:35:14.764453+00:00,synthetic,synth_gen_GUESSING_HINT,synthetic,1777,8,1016.7,96.4,3,0,0,2,3,5,32057.374015473706,2,0,2,8,1,2,32,41,False,,synthetic,True,2,True
2026-09-17T12:35:14.764453+00:00,synthetic,synth_gen_GUESSING_HINT,synthetic,1778,49,1211.9,125.1,4,0.7683,0.6036,3,1,4,20007.659228055734,2,0,5,13,1,2,55,59,False,,synthetic,True,2,True
2026-09-17T12:35:14.764453+00:00,synthetic,synth_gen_GUESSING_HINT,synthetic,1779,18,5128.4,51.4,3,0,0.2763,3,2,4,81745.47561034138,2,0,2,10,1,2,11,14,False,,synthetic,True,2,True
2026-09-17T12:35:14.764453+00:00,synthetic,synth_gen_GUESSING_HINT,synthetic,1780,13,2060.1,164.2,2,0,0.318,1,7,1,41864.821033642016,2,0,5,11,1,2,48,52,False,,synthetic,True,2,True
2026-09-17T12:35:14.764453+00:00,synthetic,synth_gen_GUESSING_HINT,synthetic,1781,44,5153.5,34.9,3,0.0299,0.1906,2,11,1,53825.178000761436,2,0,3,11,1,2,21,30,False,,synthetic,True,2,True
2026-09-17T12:35:14.764453+00:00,synthetic,synth_gen_GUESSING_HINT,synthetic,1782,30,2204.1,65.9,4,1,0.2242,2,4,5,26526.402326713072,2,0,1,19,1,2,41,44,False,,synthetic,True,2,True
2026-09-17T12:35:14.764453+00:00,synthetic,synth_gen_GUESSING_HINT,synthetic,1783,26,1423.4,67.0,4,1,0.2647,3,10,1,42576.5644831343,2,0,3,0,1,2,43,37,False,,synthetic,True,2,True
2026-09-17T12:35:14.764453+00:00,synthetic,synth_gen_GUESSING_HINT,synthetic,1784,22,7795.4,88.7,2,0.3569,0.5108,1,15,2,73413.36902072733,2,0,5,9,1,2,2,3,False,,synthetic,True,2,True
2026-09-17T12:35:14.764453+00:00,synthetic,synth_gen_GUESSING_HINT,synthetic,1785,21,805.7,153.9,4,0.7743,0.416,1,12,2,84866.22680397004,2,0,3,15,1,2,17,22,False,,synthetic,True,2,True
2026-09-17T12:35:14.764453+00:00,synthetic,synth_gen_GUESSING_HINT,synthetic,1786,45,1815.0,100.5,3,0.4333,0.3897,1,15,2,63029.797286032976,2,0,5,20,1,2,3,5,False,,synthetic,True,2,True
2026-09-17T12:35:14.764453+00:00,synthetic,synth_gen_GUESSING_HINT,synthetic,1787,10,910.4,74.9,3,0.2423,0.3351,3,9,5,23353.39529183172,2,0,1,15,1,2,28,29,False,,synthetic,True,2,True
2026-09-17T12:35:14.764453+00:00,synthetic,synth_gen_GUESSING_HINT,synthetic,1788,17,6505.1,79.9,2,0.6588,0,1,9,5,34921.67965368896,2,0,2,8,1,2,47,35,False,,synthetic,True,2,True
2026-09-17T12:35:14.764453+00:00,synthetic,synth_gen_GUESSING_HINT,synthetic,1789,36,1845.6,53.8,2,1,0.6371,2,13,5,4174.2691908451,2,0,5,11,1,2,12,0,False,,synthetic,True,2,True
2026-09-17T12:35:14.764453+00:00,synthetic,synth_gen_GUESSING_HINT,synthetic,1790,22,5609.3,94.7,4,0.1351,0.1153,2,8,5,41693.912330293584,2,0,2,19,1,2,18,28,False,,synthetic,True,2,True
2026-09-17T12:35:14.764453+00:00,synthetic,synth_gen_GUESSING_HINT,synthetic,1791,7,2727.2,98.9,3,1,0.6279,3,15,1,21449.033642867675,2,0,3,8,1,2,14,7,False,,synthetic,True,2,True
2026-09-17T12:35:14.764453+00:00,synthetic,synth_gen_GUESSING_HINT,synthetic,1792,37,1571.1,81.4,3,0,0,2,7,2,57553.16416261446,2,0,2,1,1,2,17,25,False,,synthetic,True,2,True
2026-09-17T12:35:14.764453+00:00,synthetic,synth_gen_GUESSING_HINT,synthetic,1793,25,1613.9,60.3,3,0.4428,0.3166,1,4,1,69236.38518145967,2,0,3,2,1,2,44,32,False,,synthetic,True,2,True
2026-09-17T12:35:14.764453+00:00,synthetic,synth_gen_GUESSING_HINT,synthetic,1794,48,1331.6,104.9,2,0.2408,0.1245,3,4,5,28292.075046142778,2,0,1,20,1,2,46,42,False,,synthetic,True,2,True
2026-09-17T12:35:14.764453+00:00,synthetic,synth_gen_GUESSING_HINT,synthetic,1795,2,3144.8,46.4,2,0,0.5705,1,6,5,69924.87721173803,2,0,1,3,1,2,39,38,False,,synthetic,True,2,True
2026-09-17T12:35:14.764453+00:00,synthetic,synth_gen_GUESSING_HINT,synthetic,1796,41,1898.9,74.9,3,0.6888,0.4803,3,8,2,22541.84206293366,2,0,4,11,1,2,17,31,False,,synthetic,True,2,True
2026-09-17T12:35:14.764453+00:00,synthetic,synth_gen_GUESSING_HINT,synthetic,1797,18,1456.3,63.3,3,0.7783,0,1,5,4,77459.33209138391,2,0,1,3,1,2,22,31,False,,synthetic,True,2,True
2026-09-17T12:35:14.764453+00:00,synthetic,synth_gen_GUESSING_HINT,synthetic,1798,21,4449.0,103.2,2,0.8408,0.433,1,1,5,8942.580917488162,2,0,4,10,1,2,52,58,False,,synthetic,True,2,True
2026-09-17T12:35:14.764453+00:00,synthetic,synth_gen_GUESSING_HINT,synthetic,1799,30,1088.8,100.7,4,0.1843,0.6727,1,3,3,662.9354707281746,2,0,4,12,1,2,5,11,False,,synthetic,True,2,True
2026-09-17T12:35:14.764453+00:00,synthetic,synth_gen_GUESSING_HINT,synthetic,1800,47,1946.7,35.3,2,1,0.2667,1,3,3,72513.79992873248,2,0,4,13,1,2,35,42,False,,synthetic,True,2,True
2026-09-17T12:35:14.764453+00:00,synthetic,synth_gen_GUESSING_HINT,synthetic,1801,45,723.1,116.1,2,0.5228,0.7552,3,4,4,26144.328194146143,2,0,2,12,1,2,39,40,False,,synthetic,True,2,True
2026-09-17T12:35:14.764453+00:00,synthetic,synth_gen_GUESSING_HINT,synthetic,1802,5,3686.1,53.3,2,0.3051,0.0686,1,9,3,79461.58890074345,2,0,4,3,1,2,31,17,False,,synthetic,True,2,True
2026-09-17T12:35:14.764453+00:00,synthetic,synth_gen_GUESSING_HINT,synthetic,1803,44,1195.8,72.2,3,0.9553,0,1,4,2,80120.48585043824,2,0,4,0,1,2,53,56,False,,synthetic,True,2,True
2026-09-17T12:35:14.764453+00:00,synthetic,synth_gen_GUESSING_HINT,synthetic,1804,34,8678.4,74.6,3,0.8767,0.4693,2,11,4,68261.71871777154,2,0,2,15,1,2,36,40,False,,synthetic,True,2,True
2026-09-17T12:35:14.764453+00:00,synthetic,synth_gen_GUESSING_HINT,synthetic,1805,29,7294.7,30,3,0.4706,0.3985,2,7,2,2410.575200869347,2,0,1,7,1,2,7,2,False,,synthetic,True,2,True
2026-09-17T12:35:14.764453+00:00,synthetic,synth_gen_GUESSING_HINT,synthetic,1806,24,1015.1,39.1,2,0.4176,0.3805,3,6,3,83978.29629465807,2,0,1,2,1,2,40,46,False,,synthetic,True,2,True
2026-09-17T12:35:14.764453+00:00,synthetic,synth_gen_GUESSING_HINT,synthetic,1807,48,4839.8,61.1,3,0.6445,0.035,2,2,4,31257.361322585784,2,0,3,1,1,2,18,17,False,,synthetic,True,2,True
2026-09-17T12:35:14.764453+00:00,synthetic,synth_gen_GUESSING_HINT,synthetic,1808,34,2162.7,90.7,2,0.4794,0.4239,3,4,1,40265.015721243224,2,0,4,20,1,2,62,63,False,,synthetic,True,2,True
2026-09-17T12:35:14.764453+00:00,synthetic,synth_gen_GUESSING_HINT,synthetic,1809,9,3731.7,34.1,2,0.8414,0.174,1,8,4,32663.445921734896,2,0,5,18,1,2,26,21,False,,synthetic,True,2,True
2026-09-17T12:35:14.764453+00:00,synthetic,synth_gen_GUESSING_HINT,synthetic,1810,30,4005.1,97.4,3,0.4765,0.5676,3,12,4,83360.21586976295,2,0,2,20,1,2,62,50,False,,synthetic,True,2,True
2026-09-17T12:35:14.764453+00:00,synthetic,synth_gen_GUESSING_HINT,synthetic,1811,31,4935.2,95.4,2,1,0.3744,2,8,4,53592.238390052065,2,0,5,19,1,2,9,5,False,,synthetic,True,2,True
2026-09-17T12:35:14.764453+00:00,synthetic,synth_gen_GUESSING_HINT,synthetic,1812,34,1667.5,218.1,2,0.9902,0.1262,3,4,2,45622.153583146224,2,0,3,13,1,2,21,31,False,,synthetic,True,2,True
2026-09-17T12:35:14.764453+00:00,synthetic,synth_gen_GUESSING_HINT,synthetic,1813,20,12679.1,74.5,4,0.5451,0.1566,2,9,4,74657.11655080666,2,0,4,17,1,2,57,63,False,,synthetic,True,2,True
2026-09-17T12:35:14.764453+00:00,synthetic,synth_gen_GUESSING_HINT,synthetic,1814,40,13988.9,111.5,2,0.3625,0.4653,1,10,2,42918.69430701018,2,0,2,6,1,2,59,60,False,,synthetic,True,2,True
2026-09-17T12:35:14.764453+00:00,synthetic,synth_gen_GUESSING_HINT,synthetic,1815,17,10238.4,49.6,4,0.7274,0.2627,3,13,5,21561.643091462363,2,0,5,3,1,2,62,59,False,,synthetic,True,2,True
2026-09-17T12:35:14.764453+00:00,synthetic,synth_gen_GUESSING_HINT,synthetic,1816,18,2019.8,150.1,3,0.9624,0.2871,1,5,3,70984.36596835115,2,0,2,8,1,2,26,27,False,,synthetic,True,2,True
2026-09-17T12:35:14.764453+00:00,synthetic,synth_gen_GUESSING_HINT,synthetic,1817,20,8277.7,162.6,3,0.4997,0.8168,1,12,1,61956.54817064025,2,0,1,14,1,2,32,44,False,,synthetic,True,2,True
2026-09-17T12:35:14.764453+00:00,synthetic,synth_gen_GUESSING_HINT,synthetic,1818,4,4392.4,74.8,4,0.4585,0.2076,2,7,4,9280.126653357365,2,0,2,12,1,2,27,18,False,,synthetic,True,2,True
2026-09-17T12:35:14.764453+00:00,synthetic,synth_gen_GUESSING_HINT,synthetic,1819,28,1692.7,55.1,2,0,0.4653,2,7,4,24139.622607299505,2,0,1,8,1,2,13,1,False,,synthetic,True,2,True
2026-09-17T12:35:14.764453+00:00,synthetic,synth_gen_GUESSING_HINT,synthetic,1820,45,3813.2,251.7,3,0.5469,0,2,7,5,23476.880186359755,2,0,4,8,1,2,9,14,False,,synthetic,True,2,True
2026-09-17T12:35:14.764453+00:00,synthetic,synth_gen_GUESSING_HINT,synthetic,1821,41,4695.6,38.6,2,0.44,0.5575,2,12,5,82107.07815129339,2,0,2,4,1,2,53,50,False,,synthetic,True,2,True
2026-09-17T12:35:14.764453+00:00,synthetic,synth_gen_GUESSING_HINT,synthetic,1822,34,1952.5,107.0,2,0.4907,0.833,2,11,1,55068.52517188263,2,0,5,6,1,2,55,52,False,,synthetic,True,2,True
2026-09-17T12:35:14.764453+00:00,synthetic,synth_gen_GUESSING_HINT,synthetic,1823,26,1195.4,68.0,2,0.3897,0.6015,2,9,1,44358.06586068837,2,0,2,4,1,2,27,24,False,,synthetic,True,2,True
2026-09-17T12:35:14.764453+00:00,synthetic,synth_gen_GUESSING_HINT,synthetic,1824,33,1302.6,119.2,3,0.4522,0.3952,1,2,1,56063.81613303466,2,0,5,14,1,2,7,15,False,,synthetic,True,2,True
2026-09-17T12:35:14.764453+00:00,synthetic,synth_gen_GUESSING_HINT,synthetic,1825,5,3509.0,110.8,3,0,0.0158,3,13,5,85724.51373660227,2,0,5,3,1,2,33,41,False,,synthetic,True,2,True
2026-09-17T12:35:14.764453+00:00,synthetic,synth_gen_GUESSING_HINT,synthetic,1826,10,2619.4,36.5,2,0,0.4361,1,11,1,61803.0263188728,2,0,3,20,1,2,31,22,False,,synthetic,True,2,True
2026-09-17T12:35:14.764453+00:00,synthetic,synth_gen_GUESSING_HINT,synthetic,1827,32,4197.0,109.6,3,0.477,0,2,8,2,53484.266589707724,2,0,5,0,1,2,36,34,False,,synthetic,True,2,True
2026-09-17T12:35:14.764453+00:00,synthetic,synth_gen_GUESSING_HINT,synthetic,1828,29,1132.7,167.8,4,0,0.0996,2,12,1,27925.68972798425,2,0,2,14,1,2,35,42,False,,synthetic,True,2,True
2026-09-17T12:35:14.764453+00:00,synthetic,synth_gen_GUESSING_HINT,synthetic,1829,16,1671.1,73.9,3,0.4256,0.1242,1,11,4,60819.00082159351,2,0,5,1,1,2,37,32,False,,synthetic,True,2,True
2026-09-17T12:35:14.764453+00:00,synthetic,synth_gen_GUESSING_HINT,synthetic,1830,15,2533.5,58.2,2,0.4979,0.2119,2,1,1,81688.45371695816,2,0,3,0,1,2,19,26,False,,synthetic,True,2,True
2026-09-17T12:35:14.764453+00:00,synthetic,synth_gen_GUESSING_HINT,synthetic,1831,2,1302.8,38.7,2,0.4747,0.0154,3,11,4,38817.544603674796,2,0,2,4,1,2,21,25,False,,synthetic,True,2,True
2026-09-17T12:35:14.764453+00:00,synthetic,synth_gen_GUESSING_HINT,synthetic,1832,15,1555.6,62.4,3,0.6987,0.1849,2,13,5,55978.041106904406,2,0,5,3,1,2,26,23,False,,synthetic,True,2,True
2026-09-17T12:35:14.764453+00:00,synthetic,synth_gen_GUESSING_HINT,synthetic,1833,29,1345.8,101.2,2,0.1577,0.5392,3,9,1,13754.158629610243,2,0,1,0,1,2,21,25,False,,synthetic,True,2,True
2026-09-17T12:35:14.764453+00:00,synthetic,synth_gen_GUESSING_HINT,synthetic,1834,10,1934.5,138.3,2,0.29,0.1998,2,9,1,28039.072559456792,2,0,3,20,1,2,29,19,False,,synthetic,True,2,True
2026-09-17T12:35:14.764453+00:00,synthetic,synth_gen_GUESSING_HINT,synthetic,1835,35,5446.3,90.5,2,0.5803,0.1613,1,4,1,18299.040740760833,2,0,4,5,1,2,21,24,False,,synthetic,True,2,True
